OrderID,OrderLineID,DateKey,CustomerID,ProductID,StoreID,Quantity,UnitPrice,DiscountPercent,SalesAmount,CostAmount,ShippingCost,OrderStatus
ORD-10001,ORD-10001-1,20241002,CUST-0025,PROD-0067,ST-009,1,1970.0,0.0,1970.0,1102.52,0.0,Cancelled
ORD-10002,ORD-10002-1,20231121,CUST-0079,PROD-0006,ST-011,1,30230.0,0.0,30230.0,20923.79,0.0,Completed
ORD-10002,ORD-10002-2,20231121,CUST-0079,PROD-0062,ST-011,1,10930.0,0.05,10383.5,7130.03,0.0,Completed
ORD-10003,ORD-10003-1,20240819,CUST-0064,PROD-0059,ST-008,2,9340.0,0.1,16812.0,11586.7,0.0,Completed
ORD-10004,ORD-10004-1,20230523,CUST-0106,PROD-0055,ST-010,1,11840.0,0.0,11840.0,6635.81,0.0,Completed
ORD-10004,ORD-10004-2,20230523,CUST-0106,PROD-0001,ST-010,1,4530.0,0.0,4530.0,2426.12,0.0,Completed
ORD-10005,ORD-10005-1,20240725,CUST-0057,PROD-0075,ST-000,2,2610.0,0.0,5220.0,3308.78,36.64,Completed
ORD-10006,ORD-10006-1,20241103,CUST-0149,PROD-0079,ST-001,1,1620.0,0.0,1620.0,1137.67,0.0,Completed
ORD-10007,ORD-10007-1,20230327,CUST-0197,PROD-0069,ST-000,1,1180.0,0.0,1180.0,848.43,113.48,Returned
ORD-10008,ORD-10008-1,20231122,CUST-0034,PROD-0063,ST-007,4,9290.0,0.05,35302.0,21336.88,0.0,Completed
ORD-10009,ORD-10009-1,20240226,CUST-0124,PROD-0031,ST-015,1,4390.0,0.2,3512.0,3154.36,0.0,Completed
ORD-10010,ORD-10010-1,20230823,CUST-0166,PROD-0069,ST-002,3,1180.0,0.0,3540.0,2545.29,0.0,Completed
ORD-10011,ORD-10011-1,20231002,CUST-0041,PROD-0080,ST-000,2,1260.0,0.05,2394.0,1537.84,67.4,Completed
ORD-10011,ORD-10011-2,20231002,CUST-0041,PROD-0013,ST-000,1,15750.0,0.2,12600.0,8688.15,79.02,Completed
ORD-10012,ORD-10012-1,20240615,CUST-0109,PROD-0048,ST-000,2,10690.0,0.05,20311.0,11269.6,137.9,Completed
ORD-10013,ORD-10013-1,20230429,CUST-0091,PROD-0043,ST-000,1,650.0,0.0,650.0,417.59,141.82,Completed
ORD-10013,ORD-10013-2,20230429,CUST-0091,PROD-0031,ST-000,2,4390.0,0.1,7902.0,6308.72,134.98,Completed
ORD-10014,ORD-10014-1,20240625,CUST-0191,PROD-0049,ST-002,1,3260.0,0.0,3260.0,1841.77,0.0,Completed
ORD-10015,ORD-10015-1,20230404,CUST-0093,PROD-0001,ST-001,2,4530.0,0.0,9060.0,4852.24,0.0,Completed
ORD-10016,ORD-10016-1,20241102,CUST-0100,PROD-0042,ST-012,1,14500.0,0.1,13050.0,10298.12,0.0,Completed
ORD-10017,ORD-10017-1,20240604,CUST-0160,PROD-0070,ST-000,4,1750.0,0.0,7000.0,4974.76,143.69,Completed
ORD-10017,ORD-10017-2,20240604,CUST-0160,PROD-0039,ST-000,4,10260.0,0.05,38988.0,25416.88,147.55,Completed
ORD-10018,ORD-10018-1,20240307,CUST-0139,PROD-0041,ST-009,3,11810.0,0.0,35430.0,21874.23,0.0,Completed
ORD-10018,ORD-10018-2,20240307,CUST-0139,PROD-0078,ST-009,1,1020.0,0.0,1020.0,599.08,0.0,Completed
ORD-10019,ORD-10019-1,20230207,CUST-0122,PROD-0030,ST-000,2,3060.0,0.1,5508.0,3529.32,74.94,Completed
ORD-10020,ORD-10020-1,20230919,CUST-0190,PROD-0008,ST-015,1,15680.0,0.0,15680.0,10516.89,0.0,Completed
ORD-10021,ORD-10021-1,20240630,CUST-0177,PROD-0053,ST-010,1,12030.0,0.0,12030.0,7726.31,0.0,Completed
ORD-10022,ORD-10022-1,20231111,CUST-0131,PROD-0023,ST-004,1,2850.0,0.0,2850.0,1503.84,0.0,Completed
ORD-10023,ORD-10023-1,20231129,CUST-0073,PROD-0057,ST-008,1,9050.0,0.0,9050.0,4859.52,0.0,Completed
ORD-10023,ORD-10023-2,20231129,CUST-0073,PROD-0055,ST-008,1,11840.0,0.0,11840.0,6635.81,0.0,Completed
ORD-10023,ORD-10023-3,20231129,CUST-0073,PROD-0065,ST-008,1,1070.0,0.05,1016.5,588.35,0.0,Completed
ORD-10024,ORD-10024-1,20241103,CUST-0109,PROD-0018,ST-015,2,660.0,0.0,1320.0,814.26,0.0,Completed
ORD-10025,ORD-10025-1,20230225,CUST-0127,PROD-0023,ST-005,2,2850.0,0.0,5700.0,3007.68,0.0,Completed
ORD-10026,ORD-10026-1,20241222,CUST-0082,PROD-0075,ST-007,3,2610.0,0.0,7830.0,4963.17,0.0,Completed
ORD-10026,ORD-10026-2,20241222,CUST-0082,PROD-0014,ST-007,1,21550.0,0.0,21550.0,14704.74,0.0,Completed
ORD-10027,ORD-10027-1,20240502,CUST-0195,PROD-0030,ST-012,2,3060.0,0.0,6120.0,3529.32,0.0,Returned
ORD-10028,ORD-10028-1,20240316,CUST-0061,PROD-0037,ST-012,2,11140.0,0.0,22280.0,13318.36,0.0,Cancelled
ORD-10028,ORD-10028-2,20240316,CUST-0061,PROD-0039,ST-012,2,10260.0,0.0,20520.0,12708.44,0.0,Cancelled
ORD-10029,ORD-10029-1,20240327,CUST-0148,PROD-0078,ST-001,1,1020.0,0.2,816.0,599.08,0.0,Completed
ORD-10030,ORD-10030-1,20231110,CUST-0183,PROD-0053,ST-002,1,12030.0,0.0,12030.0,7726.31,0.0,Completed
ORD-10031,ORD-10031-1,20240808,CUST-0045,PROD-0041,ST-000,1,11810.0,0.0,11810.0,7291.41,131.34,Completed
ORD-10031,ORD-10031-2,20240808,CUST-0045,PROD-0079,ST-000,2,1620.0,0.15,2754.0,2275.34,67.57,Completed
ORD-10032,ORD-10032-1,20230930,CUST-0192,PROD-0029,ST-008,1,1390.0,0.05,1320.5,896.49,0.0,Completed
ORD-10033,ORD-10033-1,20241201,CUST-0149,PROD-0004,ST-008,1,26120.0,0.0,26120.0,17922.86,0.0,Returned
ORD-10033,ORD-10033-2,20241201,CUST-0149,PROD-0007,ST-008,1,36360.0,0.1,32724.0,25478.18,0.0,Returned
ORD-10034,ORD-10034-1,20230713,CUST-0072,PROD-0022,ST-015,1,4390.0,0.0,4390.0,2634.19,0.0,Completed
ORD-10034,ORD-10034-2,20230713,CUST-0072,PROD-0029,ST-015,1,1390.0,0.1,1251.0,896.49,0.0,Completed
ORD-10035,ORD-10035-1,20231111,CUST-0098,PROD-0054,ST-015,1,12690.0,0.0,12690.0,8857.68,0.0,Completed
ORD-10036,ORD-10036-1,20240310,CUST-0018,PROD-0041,ST-000,1,11810.0,0.05,11219.5,7291.41,127.39,Cancelled
ORD-10036,ORD-10036-2,20240310,CUST-0018,PROD-0034,ST-000,2,17620.0,0.1,31716.0,20079.16,71.61,Cancelled
ORD-10037,ORD-10037-1,20230519,CUST-0126,PROD-0040,ST-010,3,9840.0,0.0,29520.0,14926.53,0.0,Completed
ORD-10038,ORD-10038-1,20240523,CUST-0118,PROD-0074,ST-004,2,1630.0,0.0,3260.0,2077.24,0.0,Completed
ORD-10039,ORD-10039-1,20231113,CUST-0104,PROD-0052,ST-006,2,640.0,0.2,1024.0,819.66,0.0,Completed
ORD-10040,ORD-10040-1,20231219,CUST-0183,PROD-0021,ST-005,2,2610.0,0.0,5220.0,3397.76,0.0,Completed
ORD-10041,ORD-10041-1,20231113,CUST-0052,PROD-0049,ST-006,1,3260.0,0.0,3260.0,1841.77,0.0,Completed
ORD-10042,ORD-10042-1,20240509,CUST-0117,PROD-0018,ST-003,2,660.0,0.0,1320.0,814.26,0.0,Completed
ORD-10043,ORD-10043-1,20241204,CUST-0110,PROD-0045,ST-009,2,9970.0,0.0,19940.0,11096.42,0.0,Completed
ORD-10044,ORD-10044-1,20240122,CUST-0180,PROD-0004,ST-000,1,26120.0,0.0,26120.0,17922.86,52.97,Completed
ORD-10045,ORD-10045-1,20240507,CUST-0153,PROD-0061,ST-001,3,9200.0,0.0,27600.0,17903.7,0.0,Returned
ORD-10045,ORD-10045-2,20240507,CUST-0153,PROD-0062,ST-001,2,10930.0,0.1,19674.0,14260.06,0.0,Returned
ORD-10046,ORD-10046-1,20240618,CUST-0178,PROD-0022,ST-006,1,4390.0,0.1,3951.0,2634.19,0.0,Cancelled
ORD-10047,ORD-10047-1,20230530,CUST-0104,PROD-0054,ST-000,1,12690.0,0.0,12690.0,8857.68,141.01,Completed
ORD-10047,ORD-10047-2,20230530,CUST-0104,PROD-0016,ST-000,2,22690.0,0.05,43111.0,28016.36,60.5,Completed
ORD-10047,ORD-10047-3,20230530,CUST-0104,PROD-0074,ST-000,2,1630.0,0.0,3260.0,2077.24,20.21,Completed
ORD-10048,ORD-10048-1,20231101,CUST-0165,PROD-0073,ST-004,1,2250.0,0.0,2250.0,1505.46,0.0,Completed
ORD-10049,ORD-10049-1,20230716,CUST-0062,PROD-0008,ST-007,2,15680.0,0.0,31360.0,21033.78,0.0,Returned
ORD-10049,ORD-10049-2,20230716,CUST-0062,PROD-0024,ST-007,2,1330.0,0.0,2660.0,1724.1,0.0,Returned
ORD-10050,ORD-10050-1,20241006,CUST-0080,PROD-0046,ST-000,1,18630.0,0.0,18630.0,11496.52,112.91,Returned
ORD-10051,ORD-10051-1,20230729,CUST-0146,PROD-0077,ST-000,4,1240.0,0.0,4960.0,2857.92,100.38,Completed
ORD-10052,ORD-10052-1,20240609,CUST-0026,PROD-0004,ST-010,1,26120.0,0.0,26120.0,17922.86,0.0,Completed
ORD-10053,ORD-10053-1,20240416,CUST-0132,PROD-0034,ST-011,1,17620.0,0.05,16739.0,10039.58,0.0,Completed
ORD-10054,ORD-10054-1,20241023,CUST-0146,PROD-0056,ST-006,2,12260.0,0.0,24520.0,16395.64,0.0,Completed
ORD-10055,ORD-10055-1,20230717,CUST-0026,PROD-0026,ST-000,1,3440.0,0.0,3440.0,2460.63,134.96,Completed
ORD-10055,ORD-10055-2,20230717,CUST-0026,PROD-0030,ST-000,1,3060.0,0.0,3060.0,1764.66,106.42,Completed
ORD-10055,ORD-10055-3,20230717,CUST-0026,PROD-0006,ST-000,1,30230.0,0.05,28718.5,20923.79,73.4,Completed
ORD-10056,ORD-10056-1,20240105,CUST-0130,PROD-0003,ST-000,2,6190.0,0.0,12380.0,6273.48,119.05,Completed
ORD-10057,ORD-10057-1,20241109,CUST-0043,PROD-0052,ST-010,1,640.0,0.0,640.0,409.83,0.0,Cancelled
ORD-10058,ORD-10058-1,20240529,CUST-0017,PROD-0080,ST-000,1,1260.0,0.05,1197.0,768.92,122.22,Completed
ORD-10058,ORD-10058-2,20240529,CUST-0017,PROD-0074,ST-000,1,1630.0,0.0,1630.0,1038.62,130.49,Completed
ORD-10059,ORD-10059-1,20231103,CUST-0119,PROD-0018,ST-001,1,660.0,0.0,660.0,407.13,0.0,Completed
ORD-10060,ORD-10060-1,20231111,CUST-0118,PROD-0073,ST-011,2,2250.0,0.0,4500.0,3010.92,0.0,Completed
ORD-10061,ORD-10061-1,20231106,CUST-0053,PROD-0061,ST-015,2,9200.0,0.1,16560.0,11935.8,0.0,Cancelled
ORD-10061,ORD-10061-2,20231106,CUST-0053,PROD-0037,ST-015,1,11140.0,0.0,11140.0,6659.18,0.0,Cancelled
ORD-10062,ORD-10062-1,20230619,CUST-0021,PROD-0040,ST-005,2,9840.0,0.0,19680.0,9951.02,0.0,Cancelled
ORD-10063,ORD-10063-1,20231223,CUST-0024,PROD-0040,ST-003,1,9840.0,0.1,8856.0,4975.51,0.0,Completed
ORD-10063,ORD-10063-2,20231223,CUST-0024,PROD-0017,ST-003,1,3090.0,0.1,2781.0,2135.25,0.0,Completed
ORD-10064,ORD-10064-1,20241117,CUST-0144,PROD-0007,ST-008,2,36360.0,0.0,72720.0,50956.36,0.0,Completed
ORD-10065,ORD-10065-1,20230307,CUST-0041,PROD-0004,ST-012,2,26120.0,0.0,52240.0,35845.72,0.0,Completed
ORD-10065,ORD-10065-2,20230307,CUST-0041,PROD-0014,ST-012,1,21550.0,0.0,21550.0,14704.74,0.0,Completed
ORD-10066,ORD-10066-1,20240424,CUST-0144,PROD-0075,ST-013,1,2610.0,0.05,2479.5,1654.39,0.0,Completed
ORD-10067,ORD-10067-1,20230916,CUST-0152,PROD-0061,ST-001,2,9200.0,0.1,16560.0,11935.8,0.0,Completed
ORD-10067,ORD-10067-2,20230916,CUST-0152,PROD-0014,ST-001,1,21550.0,0.0,21550.0,14704.74,0.0,Completed
ORD-10068,ORD-10068-1,20230130,CUST-0182,PROD-0065,ST-015,1,1070.0,0.0,1070.0,588.35,0.0,Completed
ORD-10068,ORD-10068-2,20230130,CUST-0182,PROD-0012,ST-015,1,51760.0,0.0,51760.0,25982.83,0.0,Completed
ORD-10068,ORD-10068-3,20230130,CUST-0182,PROD-0011,ST-015,1,36390.0,0.0,36390.0,19504.14,0.0,Completed
ORD-10069,ORD-10069-1,20241214,CUST-0017,PROD-0041,ST-004,1,11810.0,0.0,11810.0,7291.41,0.0,Completed
ORD-10070,ORD-10070-1,20241031,CUST-0018,PROD-0077,ST-003,2,1240.0,0.0,2480.0,1428.96,0.0,Completed
ORD-10071,ORD-10071-1,20241109,CUST-0139,PROD-0022,ST-012,3,4390.0,0.0,13170.0,7902.57,0.0,Completed
ORD-10072,ORD-10072-1,20241025,CUST-0168,PROD-0075,ST-000,1,2610.0,0.0,2610.0,1654.39,113.23,Completed
ORD-10072,ORD-10072-2,20241025,CUST-0168,PROD-0018,ST-000,1,660.0,0.0,660.0,407.13,51.61,Completed
ORD-10073,ORD-10073-1,20240802,CUST-0104,PROD-0038,ST-008,1,12270.0,0.0,12270.0,7938.77,0.0,Cancelled
ORD-10073,ORD-10073-2,20240802,CUST-0104,PROD-0010,ST-008,1,16340.0,0.1,14706.0,11300.17,0.0,Cancelled
ORD-10074,ORD-10074-1,20231203,CUST-0106,PROD-0054,ST-008,1,12690.0,0.0,12690.0,8857.68,0.0,Completed
ORD-10075,ORD-10075-1,20240613,CUST-0017,PROD-0050,ST-000,3,4290.0,0.05,12226.5,9161.43,138.01,Completed
ORD-10076,ORD-10076-1,20240720,CUST-0124,PROD-0052,ST-015,1,640.0,0.0,640.0,409.83,0.0,Completed
ORD-10077,ORD-10077-1,20231012,CUST-0141,PROD-0052,ST-001,1,640.0,0.0,640.0,409.83,0.0,Completed
ORD-10078,ORD-10078-1,20231126,CUST-0084,PROD-0067,ST-008,1,1970.0,0.0,1970.0,1102.52,0.0,Completed
ORD-10079,ORD-10079-1,20230517,CUST-0048,PROD-0011,ST-008,1,36390.0,0.0,36390.0,19504.14,0.0,Completed
ORD-10080,ORD-10080-1,20240331,CUST-0188,PROD-0077,ST-013,1,1240.0,0.0,1240.0,714.48,0.0,Completed
ORD-10080,ORD-10080-2,20240331,CUST-0188,PROD-0039,ST-013,2,10260.0,0.05,19494.0,12708.44,0.0,Completed
ORD-10081,ORD-10081-1,20240115,CUST-0110,PROD-0045,ST-004,2,9970.0,0.0,19940.0,11096.42,0.0,Completed
ORD-10082,ORD-10082-1,20230827,CUST-0142,PROD-0018,ST-000,3,660.0,0.05,1881.0,1221.39,58.76,Cancelled
ORD-10083,ORD-10083-1,20230424,CUST-0094,PROD-0053,ST-007,2,12030.0,0.05,22857.0,15452.62,0.0,Completed
ORD-10083,ORD-10083-2,20230424,CUST-0094,PROD-0030,ST-007,1,3060.0,0.0,3060.0,1764.66,0.0,Completed
ORD-10084,ORD-10084-1,20241224,CUST-0161,PROD-0022,ST-001,4,4390.0,0.0,17560.0,10536.76,0.0,Completed
ORD-10085,ORD-10085-1,20240811,CUST-0065,PROD-0072,ST-003,4,2790.0,0.15,9486.0,6156.08,0.0,Completed
ORD-10086,ORD-10086-1,20230824,CUST-0078,PROD-0012,ST-009,1,51760.0,0.0,51760.0,25982.83,0.0,Completed
ORD-10087,ORD-10087-1,20240110,CUST-0038,PROD-0061,ST-014,1,9200.0,0.1,8280.0,5967.9,0.0,Returned
ORD-10088,ORD-10088-1,20240406,CUST-0038,PROD-0008,ST-001,1,15680.0,0.0,15680.0,10516.89,0.0,Completed
ORD-10089,ORD-10089-1,20231209,CUST-0150,PROD-0041,ST-012,4,11810.0,0.0,47240.0,29165.64,0.0,Completed
ORD-10089,ORD-10089-2,20231209,CUST-0150,PROD-0059,ST-012,1,9340.0,0.0,9340.0,5793.35,0.0,Completed
ORD-10090,ORD-10090-1,20231205,CUST-0001,PROD-0002,ST-015,1,33460.0,0.0,33460.0,20361.11,0.0,Cancelled
ORD-10091,ORD-10091-1,20240318,CUST-0097,PROD-0006,ST-009,2,30230.0,0.0,60460.0,41847.58,0.0,Completed
ORD-10091,ORD-10091-2,20240318,CUST-0097,PROD-0055,ST-009,1,11840.0,0.0,11840.0,6635.81,0.0,Completed
ORD-10092,ORD-10092-1,20230204,CUST-0128,PROD-0029,ST-007,2,1390.0,0.0,2780.0,1792.98,0.0,Completed
ORD-10093,ORD-10093-1,20230605,CUST-0178,PROD-0015,ST-011,1,42990.0,0.05,40840.5,23074.85,0.0,Cancelled
ORD-10093,ORD-10093-2,20230605,CUST-0178,PROD-0071,ST-011,2,430.0,0.1,774.0,515.22,0.0,Cancelled
ORD-10094,ORD-10094-1,20231013,CUST-0077,PROD-0025,ST-004,2,1120.0,0.0,2240.0,1235.6,0.0,Completed
ORD-10095,ORD-10095-1,20240921,CUST-0086,PROD-0054,ST-003,1,12690.0,0.0,12690.0,8857.68,0.0,Completed
ORD-10096,ORD-10096-1,20231126,CUST-0003,PROD-0065,ST-000,1,1070.0,0.0,1070.0,588.35,74.75,Completed
ORD-10097,ORD-10097-1,20231117,CUST-0077,PROD-0055,ST-012,2,11840.0,0.0,23680.0,13271.62,0.0,Completed
ORD-10097,ORD-10097-2,20231117,CUST-0077,PROD-0079,ST-012,1,1620.0,0.2,1296.0,1137.67,0.0,Completed
ORD-10098,ORD-10098-1,20230205,CUST-0119,PROD-0034,ST-000,1,17620.0,0.05,16739.0,10039.58,138.73,Returned
ORD-10099,ORD-10099-1,20240409,CUST-0178,PROD-0009,ST-003,1,23630.0,0.05,22448.5,14479.88,0.0,Completed
ORD-10100,ORD-10100-1,20241117,CUST-0063,PROD-0028,ST-015,1,920.0,0.1,828.0,621.01,0.0,Cancelled
ORD-10101,ORD-10101-1,20230118,CUST-0110,PROD-0031,ST-008,1,4390.0,0.0,4390.0,3154.36,0.0,Completed
ORD-10102,ORD-10102-1,20230107,CUST-0083,PROD-0009,ST-004,1,23630.0,0.0,23630.0,14479.88,0.0,Returned
ORD-10103,ORD-10103-1,20240909,CUST-0156,PROD-0028,ST-000,2,920.0,0.0,1840.0,1242.02,25.24,Cancelled
ORD-10104,ORD-10104-1,20230626,CUST-0038,PROD-0015,ST-000,2,42990.0,0.0,85980.0,46149.7,80.95,Cancelled
ORD-10104,ORD-10104-2,20230626,CUST-0038,PROD-0077,ST-000,1,1240.0,0.0,1240.0,714.48,85.03,Cancelled
ORD-10105,ORD-10105-1,20230523,CUST-0018,PROD-0002,ST-006,1,33460.0,0.0,33460.0,20361.11,0.0,Completed
ORD-10106,ORD-10106-1,20240616,CUST-0174,PROD-0034,ST-000,1,17620.0,0.0,17620.0,10039.58,146.39,Completed
ORD-10107,ORD-10107-1,20230517,CUST-0187,PROD-0002,ST-014,2,33460.0,0.1,60228.0,40722.22,0.0,Returned
ORD-10108,ORD-10108-1,20230911,CUST-0117,PROD-0080,ST-000,1,1260.0,0.0,1260.0,768.92,80.74,Completed
ORD-10108,ORD-10108-2,20230911,CUST-0117,PROD-0042,ST-000,1,14500.0,0.15,12325.0,10298.12,90.53,Completed
ORD-10109,ORD-10109-1,20241221,CUST-0035,PROD-0074,ST-015,1,1630.0,0.0,1630.0,1038.62,0.0,Completed
ORD-10109,ORD-10109-2,20241221,CUST-0035,PROD-0031,ST-015,1,4390.0,0.05,4170.5,3154.36,0.0,Completed
ORD-10110,ORD-10110-1,20241213,CUST-0200,PROD-0022,ST-009,1,4390.0,0.1,3951.0,2634.19,0.0,Completed
ORD-10111,ORD-10111-1,20240910,CUST-0077,PROD-0057,ST-005,1,9050.0,0.1,8145.0,4859.52,0.0,Returned
ORD-10112,ORD-10112-1,20240318,CUST-0179,PROD-0071,ST-008,4,430.0,0.0,1720.0,1030.44,0.0,Completed
ORD-10112,ORD-10112-2,20240318,CUST-0179,PROD-0052,ST-008,1,640.0,0.0,640.0,409.83,0.0,Completed
ORD-10113,ORD-10113-1,20231002,CUST-0078,PROD-0079,ST-000,1,1620.0,0.0,1620.0,1137.67,122.04,Returned
ORD-10114,ORD-10114-1,20230619,CUST-0123,PROD-0040,ST-008,1,9840.0,0.1,8856.0,4975.51,0.0,Completed
ORD-10115,ORD-10115-1,20240108,CUST-0166,PROD-0075,ST-007,1,2610.0,0.1,2349.0,1654.39,0.0,Returned
ORD-10116,ORD-10116-1,20231006,CUST-0133,PROD-0025,ST-012,1,1120.0,0.1,1008.0,617.8,0.0,Completed
ORD-10116,ORD-10116-2,20231006,CUST-0133,PROD-0007,ST-012,2,36360.0,0.0,72720.0,50956.36,0.0,Completed
ORD-10117,ORD-10117-1,20240430,CUST-0020,PROD-0038,ST-009,3,12270.0,0.0,36810.0,23816.31,0.0,Completed
ORD-10118,ORD-10118-1,20231113,CUST-0032,PROD-0051,ST-011,2,12350.0,0.0,24700.0,14379.66,0.0,Completed
ORD-10119,ORD-10119-1,20241230,CUST-0080,PROD-0076,ST-008,2,250.0,0.15,425.0,283.34,0.0,Completed
ORD-10119,ORD-10119-2,20241230,CUST-0080,PROD-0020,ST-008,1,1850.0,0.0,1850.0,1131.44,0.0,Completed
ORD-10120,ORD-10120-1,20230808,CUST-0100,PROD-0031,ST-000,1,4390.0,0.05,4170.5,3154.36,26.84,Cancelled
ORD-10121,ORD-10121-1,20230226,CUST-0135,PROD-0054,ST-009,4,12690.0,0.15,43146.0,35430.72,0.0,Returned
ORD-10122,ORD-10122-1,20230901,CUST-0045,PROD-0058,ST-013,1,3720.0,0.0,3720.0,1938.33,0.0,Completed
ORD-10122,ORD-10122-2,20230901,CUST-0045,PROD-0076,ST-013,1,250.0,0.0,250.0,141.67,0.0,Completed
ORD-10123,ORD-10123-1,20231017,CUST-0172,PROD-0059,ST-003,1,9340.0,0.0,9340.0,5793.35,0.0,Returned
ORD-10124,ORD-10124-1,20231022,CUST-0079,PROD-0053,ST-015,1,12030.0,0.05,11428.5,7726.31,0.0,Completed
ORD-10125,ORD-10125-1,20230417,CUST-0170,PROD-0025,ST-001,1,1120.0,0.0,1120.0,617.8,0.0,Returned
ORD-10126,ORD-10126-1,20231010,CUST-0057,PROD-0028,ST-011,2,920.0,0.0,1840.0,1242.02,0.0,Completed
ORD-10127,ORD-10127-1,20230705,CUST-0032,PROD-0070,ST-001,2,1750.0,0.1,3150.0,2487.38,0.0,Completed
ORD-10128,ORD-10128-1,20230320,CUST-0183,PROD-0041,ST-011,1,11810.0,0.0,11810.0,7291.41,0.0,Cancelled
ORD-10129,ORD-10129-1,20241116,CUST-0166,PROD-0068,ST-014,2,1450.0,0.15,2465.0,1571.42,0.0,Completed
ORD-10130,ORD-10130-1,20240806,CUST-0199,PROD-0015,ST-004,2,42990.0,0.05,81681.0,46149.7,0.0,Completed
ORD-10131,ORD-10131-1,20231015,CUST-0107,PROD-0012,ST-006,4,51760.0,0.0,207040.0,103931.32,0.0,Cancelled
ORD-10131,ORD-10131-2,20231015,CUST-0107,PROD-0021,ST-006,1,2610.0,0.0,2610.0,1698.88,0.0,Cancelled
ORD-10132,ORD-10132-1,20230823,CUST-0116,PROD-0077,ST-011,2,1240.0,0.0,2480.0,1428.96,0.0,Returned
ORD-10133,ORD-10133-1,20231108,CUST-0123,PROD-0057,ST-001,1,9050.0,0.0,9050.0,4859.52,0.0,Completed
ORD-10133,ORD-10133-2,20231108,CUST-0123,PROD-0067,ST-001,1,1970.0,0.1,1773.0,1102.52,0.0,Completed
ORD-10134,ORD-10134-1,20231218,CUST-0134,PROD-0074,ST-000,1,1630.0,0.0,1630.0,1038.62,126.72,Returned
ORD-10135,ORD-10135-1,20240903,CUST-0145,PROD-0029,ST-007,2,1390.0,0.0,2780.0,1792.98,0.0,Returned
ORD-10136,ORD-10136-1,20230402,CUST-0196,PROD-0066,ST-014,1,1630.0,0.0,1630.0,839.25,0.0,Completed
ORD-10137,ORD-10137-1,20231205,CUST-0094,PROD-0065,ST-004,2,1070.0,0.05,2033.0,1176.7,0.0,Completed
ORD-10138,ORD-10138-1,20230809,CUST-0171,PROD-0019,ST-002,3,3340.0,0.0,10020.0,5505.33,0.0,Completed
ORD-10139,ORD-10139-1,20241208,CUST-0023,PROD-0060,ST-009,1,9700.0,0.0,9700.0,4974.74,0.0,Returned
ORD-10140,ORD-10140-1,20241126,CUST-0036,PROD-0070,ST-000,3,1750.0,0.0,5250.0,3731.07,70.4,Cancelled
ORD-10140,ORD-10140-2,20241126,CUST-0036,PROD-0023,ST-000,1,2850.0,0.1,2565.0,1503.84,60.11,Cancelled
ORD-10141,ORD-10141-1,20241227,CUST-0060,PROD-0053,ST-002,1,12030.0,0.0,12030.0,7726.31,0.0,Completed
ORD-10141,ORD-10141-2,20241227,CUST-0060,PROD-0023,ST-002,2,2850.0,0.0,5700.0,3007.68,0.0,Completed
ORD-10141,ORD-10141-3,20241227,CUST-0060,PROD-0006,ST-002,2,30230.0,0.0,60460.0,41847.58,0.0,Completed
ORD-10142,ORD-10142-1,20240808,CUST-0026,PROD-0043,ST-004,2,650.0,0.05,1235.0,835.18,0.0,Completed
ORD-10142,ORD-10142-2,20240808,CUST-0026,PROD-0023,ST-004,1,2850.0,0.15,2422.5,1503.84,0.0,Completed
ORD-10143,ORD-10143-1,20240625,CUST-0200,PROD-0013,ST-013,4,15750.0,0.05,59850.0,34752.6,0.0,Completed
ORD-10143,ORD-10143-2,20240625,CUST-0200,PROD-0024,ST-013,2,1330.0,0.0,2660.0,1724.1,0.0,Completed
ORD-10144,ORD-10144-1,20241008,CUST-0198,PROD-0009,ST-000,1,23630.0,0.0,23630.0,14479.88,22.64,Cancelled
ORD-10145,ORD-10145-1,20240420,CUST-0110,PROD-0066,ST-006,1,1630.0,0.0,1630.0,839.25,0.0,Completed
ORD-10145,ORD-10145-2,20240420,CUST-0110,PROD-0055,ST-006,3,11840.0,0.05,33744.0,19907.43,0.0,Completed
ORD-10145,ORD-10145-3,20240420,CUST-0110,PROD-0054,ST-006,2,12690.0,0.05,24111.0,17715.36,0.0,Completed
ORD-10146,ORD-10146-1,20231021,CUST-0148,PROD-0025,ST-005,3,1120.0,0.0,3360.0,1853.4,0.0,Returned
ORD-10146,ORD-10146-2,20231021,CUST-0148,PROD-0035,ST-005,1,11120.0,0.0,11120.0,5574.09,0.0,Returned
ORD-10147,ORD-10147-1,20240131,CUST-0164,PROD-0018,ST-010,1,660.0,0.0,660.0,407.13,0.0,Completed
ORD-10147,ORD-10147-2,20240131,CUST-0164,PROD-0027,ST-010,2,1520.0,0.0,3040.0,2075.7,0.0,Completed
ORD-10148,ORD-10148-1,20240905,CUST-0070,PROD-0002,ST-000,1,33460.0,0.0,33460.0,20361.11,100.73,Completed
ORD-10149,ORD-10149-1,20241001,CUST-0001,PROD-0041,ST-014,2,11810.0,0.0,23620.0,14582.82,0.0,Completed
ORD-10149,ORD-10149-2,20241001,CUST-0001,PROD-0002,ST-014,1,33460.0,0.0,33460.0,20361.11,0.0,Completed
ORD-10150,ORD-10150-1,20240327,CUST-0044,PROD-0029,ST-012,2,1390.0,0.0,2780.0,1792.98,0.0,Completed
ORD-10151,ORD-10151-1,20240820,CUST-0046,PROD-0007,ST-015,1,36360.0,0.0,36360.0,25478.18,0.0,Returned
ORD-10152,ORD-10152-1,20240331,CUST-0159,PROD-0065,ST-000,2,1070.0,0.0,2140.0,1176.7,127.43,Completed
ORD-10153,ORD-10153-1,20230821,CUST-0087,PROD-0024,ST-001,1,1330.0,0.15,1130.5,862.05,0.0,Completed
ORD-10154,ORD-10154-1,20231024,CUST-0157,PROD-0027,ST-014,1,1520.0,0.15,1292.0,1037.85,0.0,Completed
ORD-10155,ORD-10155-1,20240922,CUST-0199,PROD-0041,ST-013,2,11810.0,0.1,21258.0,14582.82,0.0,Completed
ORD-10156,ORD-10156-1,20241010,CUST-0129,PROD-0071,ST-000,2,430.0,0.15,731.0,515.22,149.58,Cancelled
ORD-10156,ORD-10156-2,20241010,CUST-0129,PROD-0008,ST-000,1,15680.0,0.0,15680.0,10516.89,131.31,Cancelled
ORD-10157,ORD-10157-1,20230417,CUST-0014,PROD-0075,ST-010,1,2610.0,0.0,2610.0,1654.39,0.0,Completed
ORD-10158,ORD-10158-1,20241225,CUST-0138,PROD-0001,ST-004,1,4530.0,0.0,4530.0,2426.12,0.0,Cancelled
ORD-10159,ORD-10159-1,20240830,CUST-0018,PROD-0019,ST-005,1,3340.0,0.15,2839.0,1835.11,0.0,Returned
ORD-10160,ORD-10160-1,20240618,CUST-0026,PROD-0016,ST-013,1,22690.0,0.0,22690.0,14008.18,0.0,Completed
ORD-10160,ORD-10160-2,20240618,CUST-0026,PROD-0029,ST-013,1,1390.0,0.0,1390.0,896.49,0.0,Completed
ORD-10161,ORD-10161-1,20241111,CUST-0088,PROD-0064,ST-010,2,4410.0,0.0,8820.0,5662.12,0.0,Completed
ORD-10162,ORD-10162-1,20231101,CUST-0086,PROD-0020,ST-006,1,1850.0,0.0,1850.0,1131.44,0.0,Cancelled
ORD-10163,ORD-10163-1,20230908,CUST-0161,PROD-0050,ST-011,1,4290.0,0.0,4290.0,3053.81,0.0,Returned
ORD-10164,ORD-10164-1,20230519,CUST-0064,PROD-0062,ST-001,1,10930.0,0.15,9290.5,7130.03,0.0,Completed
ORD-10165,ORD-10165-1,20240316,CUST-0051,PROD-0039,ST-005,1,10260.0,0.0,10260.0,6354.22,0.0,Completed
ORD-10166,ORD-10166-1,20230530,CUST-0047,PROD-0001,ST-011,1,4530.0,0.0,4530.0,2426.12,0.0,Completed
ORD-10167,ORD-10167-1,20240626,CUST-0181,PROD-0018,ST-001,3,660.0,0.05,1881.0,1221.39,0.0,Completed
ORD-10168,ORD-10168-1,20241029,CUST-0199,PROD-0040,ST-007,1,9840.0,0.1,8856.0,4975.51,0.0,Cancelled
ORD-10169,ORD-10169-1,20230917,CUST-0020,PROD-0032,ST-007,1,1730.0,0.0,1730.0,906.53,0.0,Completed
ORD-10170,ORD-10170-1,20241225,CUST-0183,PROD-0073,ST-012,1,2250.0,0.0,2250.0,1505.46,0.0,Completed
ORD-10170,ORD-10170-2,20241225,CUST-0183,PROD-0004,ST-012,1,26120.0,0.0,26120.0,17922.86,0.0,Completed
ORD-10171,ORD-10171-1,20231103,CUST-0180,PROD-0032,ST-000,1,1730.0,0.0,1730.0,906.53,42.61,Completed
ORD-10172,ORD-10172-1,20241013,CUST-0149,PROD-0005,ST-014,1,33510.0,0.0,33510.0,20544.28,0.0,Cancelled
ORD-10173,ORD-10173-1,20230904,CUST-0019,PROD-0075,ST-009,1,2610.0,0.0,2610.0,1654.39,0.0,Completed
ORD-10174,ORD-10174-1,20230221,CUST-0133,PROD-0072,ST-015,1,2790.0,0.0,2790.0,1539.02,0.0,Completed
ORD-10174,ORD-10174-2,20230221,CUST-0133,PROD-0064,ST-015,1,4410.0,0.0,4410.0,2831.06,0.0,Completed
ORD-10175,ORD-10175-1,20230907,CUST-0114,PROD-0002,ST-002,4,33460.0,0.0,133840.0,81444.44,0.0,Completed
ORD-10176,ORD-10176-1,20240221,CUST-0076,PROD-0016,ST-012,2,22690.0,0.1,40842.0,28016.36,0.0,Completed
ORD-10177,ORD-10177-1,20240609,CUST-0044,PROD-0035,ST-005,2,11120.0,0.0,22240.0,11148.18,0.0,Completed
ORD-10178,ORD-10178-1,20230726,CUST-0022,PROD-0051,ST-000,2,12350.0,0.05,23465.0,14379.66,92.86,Returned
ORD-10178,ORD-10178-2,20230726,CUST-0022,PROD-0071,ST-000,3,430.0,0.05,1225.5,772.83,72.49,Returned
ORD-10178,ORD-10178-3,20230726,CUST-0022,PROD-0025,ST-000,2,1120.0,0.0,2240.0,1235.6,90.75,Returned
ORD-10179,ORD-10179-1,20241206,CUST-0031,PROD-0063,ST-000,1,9290.0,0.05,8825.5,5334.22,108.13,Completed
ORD-10180,ORD-10180-1,20231019,CUST-0147,PROD-0072,ST-000,1,2790.0,0.0,2790.0,1539.02,127.24,Returned
ORD-10181,ORD-10181-1,20240105,CUST-0103,PROD-0001,ST-010,2,4530.0,0.0,9060.0,4852.24,0.0,Completed
ORD-10182,ORD-10182-1,20240529,CUST-0185,PROD-0064,ST-006,1,4410.0,0.0,4410.0,2831.06,0.0,Cancelled
ORD-10183,ORD-10183-1,20231005,CUST-0086,PROD-0003,ST-009,1,6190.0,0.1,5571.0,3136.74,0.0,Completed
ORD-10183,ORD-10183-2,20231005,CUST-0086,PROD-0046,ST-009,1,18630.0,0.05,17698.5,11496.52,0.0,Completed
ORD-10184,ORD-10184-1,20231117,CUST-0015,PROD-0035,ST-011,1,11120.0,0.05,10564.0,5574.09,0.0,Returned
ORD-10184,ORD-10184-2,20231117,CUST-0015,PROD-0028,ST-011,1,920.0,0.0,920.0,621.01,0.0,Returned
ORD-10185,ORD-10185-1,20230703,CUST-0140,PROD-0064,ST-015,3,4410.0,0.0,13230.0,8493.18,0.0,Cancelled
ORD-10186,ORD-10186-1,20231109,CUST-0042,PROD-0036,ST-000,1,14060.0,0.0,14060.0,8231.89,139.65,Cancelled
ORD-10187,ORD-10187-1,20241102,CUST-0169,PROD-0047,ST-002,1,12400.0,0.0,12400.0,8153.66,0.0,Completed
ORD-10187,ORD-10187-2,20241102,CUST-0169,PROD-0025,ST-002,2,1120.0,0.0,2240.0,1235.6,0.0,Completed
ORD-10188,ORD-10188-1,20231001,CUST-0007,PROD-0052,ST-005,1,640.0,0.1,576.0,409.83,0.0,Completed
ORD-10189,ORD-10189-1,20231112,CUST-0100,PROD-0071,ST-000,1,430.0,0.0,430.0,257.61,56.53,Cancelled
ORD-10189,ORD-10189-2,20231112,CUST-0100,PROD-0067,ST-000,1,1970.0,0.0,1970.0,1102.52,112.19,Cancelled
ORD-10189,ORD-10189-3,20231112,CUST-0100,PROD-0029,ST-000,1,1390.0,0.05,1320.5,896.49,110.15,Cancelled
ORD-10190,ORD-10190-1,20230807,CUST-0153,PROD-0056,ST-012,1,12260.0,0.0,12260.0,8197.82,0.0,Completed
ORD-10190,ORD-10190-2,20230807,CUST-0153,PROD-0006,ST-012,1,30230.0,0.0,30230.0,20923.79,0.0,Completed
ORD-10191,ORD-10191-1,20240111,CUST-0019,PROD-0030,ST-006,1,3060.0,0.0,3060.0,1764.66,0.0,Cancelled
ORD-10192,ORD-10192-1,20230508,CUST-0138,PROD-0048,ST-008,1,10690.0,0.0,10690.0,5634.8,0.0,Completed
ORD-10192,ORD-10192-2,20230508,CUST-0138,PROD-0058,ST-008,2,3720.0,0.0,7440.0,3876.66,0.0,Completed
ORD-10192,ORD-10192-3,20230508,CUST-0138,PROD-0054,ST-008,2,12690.0,0.05,24111.0,17715.36,0.0,Completed
ORD-10193,ORD-10193-1,20241013,CUST-0136,PROD-0079,ST-003,1,1620.0,0.0,1620.0,1137.67,0.0,Cancelled
ORD-10194,ORD-10194-1,20231011,CUST-0038,PROD-0049,ST-004,1,3260.0,0.0,3260.0,1841.77,0.0,Completed
ORD-10194,ORD-10194-2,20231011,CUST-0038,PROD-0051,ST-004,1,12350.0,0.1,11115.0,7189.83,0.0,Completed
ORD-10195,ORD-10195-1,20230411,CUST-0124,PROD-0041,ST-009,1,11810.0,0.0,11810.0,7291.41,0.0,Completed
ORD-10196,ORD-10196-1,20230925,CUST-0138,PROD-0002,ST-007,2,33460.0,0.1,60228.0,40722.22,0.0,Completed
ORD-10197,ORD-10197-1,20240331,CUST-0034,PROD-0030,ST-001,4,3060.0,0.05,11628.0,7058.64,0.0,Completed
ORD-10198,ORD-10198-1,20241007,CUST-0151,PROD-0005,ST-001,1,33510.0,0.0,33510.0,20544.28,0.0,Completed
ORD-10199,ORD-10199-1,20231025,CUST-0079,PROD-0072,ST-014,1,2790.0,0.05,2650.5,1539.02,0.0,Completed
ORD-10199,ORD-10199-2,20231025,CUST-0079,PROD-0046,ST-014,1,18630.0,0.0,18630.0,11496.52,0.0,Completed
ORD-10200,ORD-10200-1,20240213,CUST-0045,PROD-0080,ST-011,1,1260.0,0.0,1260.0,768.92,0.0,Returned
ORD-10200,ORD-10200-2,20240213,CUST-0045,PROD-0055,ST-011,1,11840.0,0.0,11840.0,6635.81,0.0,Returned
ORD-10200,ORD-10200-3,20240213,CUST-0045,PROD-0047,ST-011,1,12400.0,0.0,12400.0,8153.66,0.0,Returned
ORD-10201,ORD-10201-1,20230310,CUST-0107,PROD-0010,ST-000,1,16340.0,0.0,16340.0,11300.17,105.04,Completed
ORD-10201,ORD-10201-2,20230310,CUST-0107,PROD-0066,ST-000,1,1630.0,0.0,1630.0,839.25,118.9,Completed
ORD-10202,ORD-10202-1,20241018,CUST-0010,PROD-0074,ST-011,2,1630.0,0.0,3260.0,2077.24,0.0,Returned
ORD-10203,ORD-10203-1,20240116,CUST-0190,PROD-0074,ST-015,3,1630.0,0.0,4890.0,3115.86,0.0,Completed
ORD-10204,ORD-10204-1,20231108,CUST-0195,PROD-0049,ST-015,2,3260.0,0.0,6520.0,3683.54,0.0,Completed
ORD-10205,ORD-10205-1,20230522,CUST-0128,PROD-0034,ST-010,1,17620.0,0.1,15858.0,10039.58,0.0,Completed
ORD-10206,ORD-10206-1,20240928,CUST-0053,PROD-0006,ST-005,3,30230.0,0.15,77086.5,62771.37,0.0,Completed
ORD-10207,ORD-10207-1,20240612,CUST-0013,PROD-0058,ST-002,1,3720.0,0.0,3720.0,1938.33,0.0,Completed
ORD-10208,ORD-10208-1,20240904,CUST-0063,PROD-0060,ST-008,2,9700.0,0.05,18430.0,9949.48,0.0,Returned
ORD-10208,ORD-10208-2,20240904,CUST-0063,PROD-0005,ST-008,4,33510.0,0.0,134040.0,82177.12,0.0,Returned
ORD-10209,ORD-10209-1,20230301,CUST-0120,PROD-0047,ST-015,2,12400.0,0.05,23560.0,16307.32,0.0,Completed
ORD-10210,ORD-10210-1,20231225,CUST-0161,PROD-0078,ST-000,1,1020.0,0.1,918.0,599.08,34.34,Completed
ORD-10210,ORD-10210-2,20231225,CUST-0161,PROD-0066,ST-000,1,1630.0,0.0,1630.0,839.25,55.01,Completed
ORD-10211,ORD-10211-1,20241001,CUST-0189,PROD-0020,ST-000,1,1850.0,0.0,1850.0,1131.44,44.96,Cancelled
ORD-10211,ORD-10211-2,20241001,CUST-0189,PROD-0060,ST-000,1,9700.0,0.0,9700.0,4974.74,123.42,Cancelled
ORD-10212,ORD-10212-1,20240818,CUST-0195,PROD-0075,ST-010,2,2610.0,0.0,5220.0,3308.78,0.0,Cancelled
ORD-10213,ORD-10213-1,20230316,CUST-0170,PROD-0006,ST-007,4,30230.0,0.0,120920.0,83695.16,0.0,Completed
ORD-10213,ORD-10213-2,20230316,CUST-0170,PROD-0069,ST-007,1,1180.0,0.0,1180.0,848.43,0.0,Completed
ORD-10213,ORD-10213-3,20230316,CUST-0170,PROD-0053,ST-007,1,12030.0,0.0,12030.0,7726.31,0.0,Completed
ORD-10214,ORD-10214-1,20240504,CUST-0181,PROD-0063,ST-011,1,9290.0,0.1,8361.0,5334.22,0.0,Returned
ORD-10214,ORD-10214-2,20240504,CUST-0181,PROD-0053,ST-011,3,12030.0,0.0,36090.0,23178.93,0.0,Returned
ORD-10215,ORD-10215-1,20231026,CUST-0096,PROD-0065,ST-014,2,1070.0,0.0,2140.0,1176.7,0.0,Cancelled
ORD-10216,ORD-10216-1,20230617,CUST-0042,PROD-0070,ST-000,1,1750.0,0.1,1575.0,1243.69,112.28,Completed
ORD-10216,ORD-10216-2,20230617,CUST-0042,PROD-0032,ST-000,1,1730.0,0.0,1730.0,906.53,31.37,Completed
ORD-10217,ORD-10217-1,20240519,CUST-0020,PROD-0071,ST-002,1,430.0,0.0,430.0,257.61,0.0,Completed
ORD-10218,ORD-10218-1,20230312,CUST-0010,PROD-0034,ST-001,1,17620.0,0.0,17620.0,10039.58,0.0,Cancelled
ORD-10218,ORD-10218-2,20230312,CUST-0010,PROD-0015,ST-001,1,42990.0,0.0,42990.0,23074.85,0.0,Cancelled
ORD-10219,ORD-10219-1,20240827,CUST-0111,PROD-0015,ST-004,2,42990.0,0.0,85980.0,46149.7,0.0,Returned
ORD-10220,ORD-10220-1,20240114,CUST-0116,PROD-0005,ST-001,1,33510.0,0.0,33510.0,20544.28,0.0,Returned
ORD-10220,ORD-10220-2,20240114,CUST-0116,PROD-0018,ST-001,2,660.0,0.0,1320.0,814.26,0.0,Returned
ORD-10221,ORD-10221-1,20240710,CUST-0030,PROD-0035,ST-000,1,11120.0,0.1,10008.0,5574.09,84.76,Returned
ORD-10222,ORD-10222-1,20230803,CUST-0037,PROD-0028,ST-000,2,920.0,0.15,1564.0,1242.02,25.34,Completed
ORD-10223,ORD-10223-1,20230309,CUST-0156,PROD-0075,ST-000,1,2610.0,0.0,2610.0,1654.39,147.45,Cancelled
ORD-10224,ORD-10224-1,20241121,CUST-0175,PROD-0029,ST-008,2,1390.0,0.0,2780.0,1792.98,0.0,Cancelled
ORD-10225,ORD-10225-1,20230812,CUST-0152,PROD-0003,ST-009,2,6190.0,0.0,12380.0,6273.48,0.0,Cancelled
ORD-10226,ORD-10226-1,20241102,CUST-0083,PROD-0054,ST-008,1,12690.0,0.0,12690.0,8857.68,0.0,Completed
ORD-10227,ORD-10227-1,20230223,CUST-0087,PROD-0029,ST-014,2,1390.0,0.1,2502.0,1792.98,0.0,Completed
ORD-10228,ORD-10228-1,20231023,CUST-0024,PROD-0034,ST-001,2,17620.0,0.1,31716.0,20079.16,0.0,Completed
ORD-10228,ORD-10228-2,20231023,CUST-0024,PROD-0064,ST-001,4,4410.0,0.1,15876.0,11324.24,0.0,Completed
ORD-10229,ORD-10229-1,20240701,CUST-0198,PROD-0042,ST-006,1,14500.0,0.0,14500.0,10298.12,0.0,Completed
ORD-10230,ORD-10230-1,20231121,CUST-0177,PROD-0016,ST-014,1,22690.0,0.0,22690.0,14008.18,0.0,Returned
ORD-10231,ORD-10231-1,20241215,CUST-0027,PROD-0069,ST-014,1,1180.0,0.0,1180.0,848.43,0.0,Completed
ORD-10232,ORD-10232-1,20240211,CUST-0108,PROD-0068,ST-014,2,1450.0,0.1,2610.0,1571.42,0.0,Completed
ORD-10233,ORD-10233-1,20230126,CUST-0167,PROD-0055,ST-005,2,11840.0,0.2,18944.0,13271.62,0.0,Completed
ORD-10234,ORD-10234-1,20230626,CUST-0167,PROD-0048,ST-000,1,10690.0,0.0,10690.0,5634.8,149.89,Completed
ORD-10235,ORD-10235-1,20240805,CUST-0123,PROD-0049,ST-015,1,3260.0,0.05,3097.0,1841.77,0.0,Cancelled
ORD-10236,ORD-10236-1,20241112,CUST-0109,PROD-0058,ST-012,1,3720.0,0.0,3720.0,1938.33,0.0,Completed
ORD-10236,ORD-10236-2,20241112,CUST-0109,PROD-0065,ST-012,1,1070.0,0.0,1070.0,588.35,0.0,Completed
ORD-10237,ORD-10237-1,20230313,CUST-0146,PROD-0025,ST-000,1,1120.0,0.05,1064.0,617.8,65.27,Completed
ORD-10238,ORD-10238-1,20230403,CUST-0102,PROD-0001,ST-000,2,4530.0,0.0,9060.0,4852.24,140.22,Completed
ORD-10238,ORD-10238-2,20230403,CUST-0102,PROD-0024,ST-000,1,1330.0,0.0,1330.0,862.05,28.22,Completed
ORD-10238,ORD-10238-3,20230403,CUST-0102,PROD-0009,ST-000,2,23630.0,0.05,44897.0,28959.76,60.94,Completed
ORD-10239,ORD-10239-1,20230526,CUST-0098,PROD-0051,ST-007,1,12350.0,0.0,12350.0,7189.83,0.0,Completed
ORD-10240,ORD-10240-1,20240206,CUST-0006,PROD-0070,ST-000,1,1750.0,0.15,1487.5,1243.69,113.57,Returned
ORD-10241,ORD-10241-1,20230314,CUST-0120,PROD-0073,ST-011,1,2250.0,0.1,2025.0,1505.46,0.0,Completed
ORD-10242,ORD-10242-1,20230715,CUST-0180,PROD-0066,ST-015,2,1630.0,0.1,2934.0,1678.5,0.0,Completed
ORD-10243,ORD-10243-1,20241219,CUST-0154,PROD-0053,ST-013,1,12030.0,0.0,12030.0,7726.31,0.0,Completed
ORD-10244,ORD-10244-1,20230926,CUST-0030,PROD-0045,ST-008,1,9970.0,0.1,8973.0,5548.21,0.0,Completed
ORD-10244,ORD-10244-2,20230926,CUST-0030,PROD-0058,ST-008,1,3720.0,0.0,3720.0,1938.33,0.0,Completed
ORD-10245,ORD-10245-1,20240913,CUST-0038,PROD-0017,ST-005,2,3090.0,0.2,4944.0,4270.5,0.0,Completed
ORD-10246,ORD-10246-1,20240718,CUST-0049,PROD-0072,ST-001,2,2790.0,0.05,5301.0,3078.04,0.0,Completed
ORD-10246,ORD-10246-2,20240718,CUST-0049,PROD-0013,ST-001,1,15750.0,0.0,15750.0,8688.15,0.0,Completed
ORD-10247,ORD-10247-1,20230502,CUST-0108,PROD-0049,ST-002,3,3260.0,0.0,9780.0,5525.31,0.0,Cancelled
ORD-10247,ORD-10247-2,20230502,CUST-0108,PROD-0062,ST-002,3,10930.0,0.0,32790.0,21390.09,0.0,Cancelled
ORD-10248,ORD-10248-1,20230820,CUST-0102,PROD-0002,ST-015,1,33460.0,0.0,33460.0,20361.11,0.0,Returned
ORD-10249,ORD-10249-1,20231109,CUST-0127,PROD-0034,ST-008,1,17620.0,0.1,15858.0,10039.58,0.0,Completed
ORD-10250,ORD-10250-1,20230803,CUST-0121,PROD-0017,ST-002,1,3090.0,0.0,3090.0,2135.25,0.0,Returned
ORD-10251,ORD-10251-1,20240115,CUST-0148,PROD-0048,ST-013,1,10690.0,0.05,10155.5,5634.8,0.0,Completed
ORD-10252,ORD-10252-1,20231222,CUST-0175,PROD-0002,ST-002,1,33460.0,0.0,33460.0,20361.11,0.0,Completed
ORD-10252,ORD-10252-2,20231222,CUST-0175,PROD-0042,ST-002,2,14500.0,0.0,29000.0,20596.24,0.0,Completed
ORD-10253,ORD-10253-1,20241217,CUST-0104,PROD-0019,ST-000,3,3340.0,0.0,10020.0,5505.33,90.15,Completed
ORD-10254,ORD-10254-1,20230522,CUST-0089,PROD-0069,ST-008,2,1180.0,0.1,2124.0,1696.86,0.0,Completed
ORD-10255,ORD-10255-1,20230818,CUST-0031,PROD-0006,ST-006,2,30230.0,0.0,60460.0,41847.58,0.0,Completed
ORD-10256,ORD-10256-1,20231208,CUST-0139,PROD-0065,ST-006,1,1070.0,0.0,1070.0,588.35,0.0,Returned
ORD-10257,ORD-10257-1,20230407,CUST-0104,PROD-0042,ST-003,1,14500.0,0.0,14500.0,10298.12,0.0,Completed
ORD-10257,ORD-10257-2,20230407,CUST-0104,PROD-0057,ST-003,1,9050.0,0.0,9050.0,4859.52,0.0,Completed
ORD-10258,ORD-10258-1,20231124,CUST-0198,PROD-0074,ST-000,3,1630.0,0.0,4890.0,3115.86,69.05,Completed
ORD-10258,ORD-10258-2,20231124,CUST-0198,PROD-0010,ST-000,2,16340.0,0.0,32680.0,22600.34,134.03,Completed
ORD-10259,ORD-10259-1,20230408,CUST-0175,PROD-0074,ST-004,1,1630.0,0.0,1630.0,1038.62,0.0,Completed
ORD-10260,ORD-10260-1,20230627,CUST-0059,PROD-0030,ST-004,1,3060.0,0.1,2754.0,1764.66,0.0,Completed
ORD-10261,ORD-10261-1,20231216,CUST-0136,PROD-0012,ST-008,2,51760.0,0.0,103520.0,51965.66,0.0,Completed
ORD-10261,ORD-10261-2,20231216,CUST-0136,PROD-0018,ST-008,2,660.0,0.05,1254.0,814.26,0.0,Completed
ORD-10262,ORD-10262-1,20230225,CUST-0166,PROD-0010,ST-000,4,16340.0,0.0,65360.0,45200.68,113.3,Completed
ORD-10263,ORD-10263-1,20230508,CUST-0163,PROD-0060,ST-009,2,9700.0,0.05,18430.0,9949.48,0.0,Completed
ORD-10264,ORD-10264-1,20241023,CUST-0119,PROD-0024,ST-014,2,1330.0,0.0,2660.0,1724.1,0.0,Returned
ORD-10265,ORD-10265-1,20230514,CUST-0093,PROD-0032,ST-012,2,1730.0,0.05,3287.0,1813.06,0.0,Cancelled
ORD-10266,ORD-10266-1,20230912,CUST-0109,PROD-0075,ST-014,1,2610.0,0.0,2610.0,1654.39,0.0,Cancelled
ORD-10266,ORD-10266-2,20230912,CUST-0109,PROD-0008,ST-014,2,15680.0,0.0,31360.0,21033.78,0.0,Cancelled
ORD-10267,ORD-10267-1,20230815,CUST-0130,PROD-0022,ST-014,1,4390.0,0.05,4170.5,2634.19,0.0,Returned
ORD-10268,ORD-10268-1,20230117,CUST-0048,PROD-0001,ST-001,1,4530.0,0.0,4530.0,2426.12,0.0,Completed
ORD-10269,ORD-10269-1,20230813,CUST-0140,PROD-0075,ST-000,3,2610.0,0.0,7830.0,4963.17,148.8,Returned
ORD-10270,ORD-10270-1,20230914,CUST-0171,PROD-0043,ST-001,2,650.0,0.0,1300.0,835.18,0.0,Completed
ORD-10271,ORD-10271-1,20231117,CUST-0028,PROD-0048,ST-009,1,10690.0,0.1,9621.0,5634.8,0.0,Returned
ORD-10271,ORD-10271-2,20231117,CUST-0028,PROD-0026,ST-009,1,3440.0,0.05,3268.0,2460.63,0.0,Returned
ORD-10272,ORD-10272-1,20240610,CUST-0071,PROD-0009,ST-002,1,23630.0,0.05,22448.5,14479.88,0.0,Completed
ORD-10272,ORD-10272-2,20240610,CUST-0071,PROD-0038,ST-002,1,12270.0,0.05,11656.5,7938.77,0.0,Completed
ORD-10273,ORD-10273-1,20240610,CUST-0191,PROD-0029,ST-009,1,1390.0,0.05,1320.5,896.49,0.0,Completed
ORD-10274,ORD-10274-1,20230822,CUST-0045,PROD-0067,ST-000,1,1970.0,0.0,1970.0,1102.52,37.92,Cancelled
ORD-10274,ORD-10274-2,20230822,CUST-0045,PROD-0026,ST-000,3,3440.0,0.0,10320.0,7381.89,93.61,Cancelled
ORD-10274,ORD-10274-3,20230822,CUST-0045,PROD-0037,ST-000,2,11140.0,0.0,22280.0,13318.36,131.15,Cancelled
ORD-10275,ORD-10275-1,20240914,CUST-0156,PROD-0008,ST-014,1,15680.0,0.0,15680.0,10516.89,0.0,Completed
ORD-10275,ORD-10275-2,20240914,CUST-0156,PROD-0050,ST-014,1,4290.0,0.0,4290.0,3053.81,0.0,Completed
ORD-10275,ORD-10275-3,20240914,CUST-0156,PROD-0038,ST-014,1,12270.0,0.0,12270.0,7938.77,0.0,Completed
ORD-10276,ORD-10276-1,20241218,CUST-0147,PROD-0023,ST-005,1,2850.0,0.0,2850.0,1503.84,0.0,Completed
ORD-10277,ORD-10277-1,20230323,CUST-0073,PROD-0065,ST-012,1,1070.0,0.05,1016.5,588.35,0.0,Completed
ORD-10277,ORD-10277-2,20230323,CUST-0073,PROD-0042,ST-012,1,14500.0,0.0,14500.0,10298.12,0.0,Completed
ORD-10278,ORD-10278-1,20240706,CUST-0049,PROD-0065,ST-009,4,1070.0,0.1,3852.0,2353.4,0.0,Completed
ORD-10279,ORD-10279-1,20230226,CUST-0154,PROD-0017,ST-006,2,3090.0,0.15,5253.0,4270.5,0.0,Completed
ORD-10279,ORD-10279-2,20230226,CUST-0154,PROD-0041,ST-006,2,11810.0,0.0,23620.0,14582.82,0.0,Completed
ORD-10280,ORD-10280-1,20231024,CUST-0061,PROD-0079,ST-001,1,1620.0,0.15,1377.0,1137.67,0.0,Cancelled
ORD-10281,ORD-10281-1,20231008,CUST-0159,PROD-0075,ST-015,1,2610.0,0.15,2218.5,1654.39,0.0,Completed
ORD-10281,ORD-10281-2,20231008,CUST-0159,PROD-0071,ST-015,1,430.0,0.1,387.0,257.61,0.0,Completed
ORD-10282,ORD-10282-1,20231127,CUST-0139,PROD-0021,ST-006,2,2610.0,0.0,5220.0,3397.76,0.0,Completed
ORD-10283,ORD-10283-1,20231210,CUST-0007,PROD-0044,ST-000,1,7910.0,0.0,7910.0,4298.09,46.27,Completed
ORD-10284,ORD-10284-1,20240616,CUST-0022,PROD-0034,ST-011,1,17620.0,0.0,17620.0,10039.58,0.0,Completed
ORD-10285,ORD-10285-1,20240905,CUST-0164,PROD-0054,ST-013,2,12690.0,0.0,25380.0,17715.36,0.0,Completed
ORD-10286,ORD-10286-1,20230510,CUST-0199,PROD-0042,ST-002,1,14500.0,0.0,14500.0,10298.12,0.0,Completed
ORD-10287,ORD-10287-1,20230902,CUST-0010,PROD-0039,ST-002,2,10260.0,0.0,20520.0,12708.44,0.0,Completed
ORD-10287,ORD-10287-2,20230902,CUST-0010,PROD-0035,ST-002,1,11120.0,0.0,11120.0,5574.09,0.0,Completed
ORD-10288,ORD-10288-1,20230122,CUST-0169,PROD-0032,ST-005,1,1730.0,0.0,1730.0,906.53,0.0,Returned
ORD-10288,ORD-10288-2,20230122,CUST-0169,PROD-0043,ST-005,2,650.0,0.05,1235.0,835.18,0.0,Returned
ORD-10289,ORD-10289-1,20240719,CUST-0092,PROD-0044,ST-011,1,7910.0,0.0,7910.0,4298.09,0.0,Returned
ORD-10290,ORD-10290-1,20230724,CUST-0174,PROD-0036,ST-000,1,14060.0,0.1,12654.0,8231.89,67.63,Completed
ORD-10291,ORD-10291-1,20240810,CUST-0023,PROD-0035,ST-011,2,11120.0,0.05,21128.0,11148.18,0.0,Completed
ORD-10292,ORD-10292-1,20240806,CUST-0169,PROD-0054,ST-002,2,12690.0,0.15,21573.0,17715.36,0.0,Completed
ORD-10292,ORD-10292-2,20240806,CUST-0169,PROD-0005,ST-002,2,33510.0,0.0,67020.0,41088.56,0.0,Completed
ORD-10293,ORD-10293-1,20241005,CUST-0006,PROD-0063,ST-008,1,9290.0,0.1,8361.0,5334.22,0.0,Completed
ORD-10294,ORD-10294-1,20241205,CUST-0018,PROD-0049,ST-008,1,3260.0,0.0,3260.0,1841.77,0.0,Completed
ORD-10294,ORD-10294-2,20241205,CUST-0018,PROD-0071,ST-008,1,430.0,0.0,430.0,257.61,0.0,Completed
ORD-10295,ORD-10295-1,20230410,CUST-0078,PROD-0010,ST-014,2,16340.0,0.05,31046.0,22600.34,0.0,Completed
ORD-10296,ORD-10296-1,20231115,CUST-0007,PROD-0076,ST-001,3,250.0,0.05,712.5,425.01,0.0,Cancelled
ORD-10297,ORD-10297-1,20231111,CUST-0065,PROD-0049,ST-011,1,3260.0,0.0,3260.0,1841.77,0.0,Completed
ORD-10298,ORD-10298-1,20230801,CUST-0072,PROD-0017,ST-008,1,3090.0,0.0,3090.0,2135.25,0.0,Cancelled
ORD-10299,ORD-10299-1,20231217,CUST-0032,PROD-0021,ST-001,1,2610.0,0.0,2610.0,1698.88,0.0,Cancelled
ORD-10300,ORD-10300-1,20230505,CUST-0132,PROD-0064,ST-009,1,4410.0,0.05,4189.5,2831.06,0.0,Returned
ORD-10301,ORD-10301-1,20231124,CUST-0056,PROD-0048,ST-012,2,10690.0,0.05,20311.0,11269.6,0.0,Cancelled
ORD-10301,ORD-10301-2,20231124,CUST-0056,PROD-0040,ST-012,1,9840.0,0.2,7872.0,4975.51,0.0,Cancelled
ORD-10302,ORD-10302-1,20230611,CUST-0005,PROD-0061,ST-009,1,9200.0,0.05,8740.0,5967.9,0.0,Returned
ORD-10302,ORD-10302-2,20230611,CUST-0005,PROD-0050,ST-009,1,4290.0,0.1,3861.0,3053.81,0.0,Returned
ORD-10303,ORD-10303-1,20230309,CUST-0145,PROD-0080,ST-009,1,1260.0,0.0,1260.0,768.92,0.0,Completed
ORD-10304,ORD-10304-1,20241118,CUST-0101,PROD-0030,ST-000,1,3060.0,0.0,3060.0,1764.66,98.46,Completed
ORD-10305,ORD-10305-1,20240614,CUST-0137,PROD-0037,ST-013,2,11140.0,0.05,21166.0,13318.36,0.0,Completed
ORD-10306,ORD-10306-1,20230602,CUST-0032,PROD-0036,ST-002,1,14060.0,0.05,13357.0,8231.89,0.0,Returned
ORD-10307,ORD-10307-1,20240627,CUST-0136,PROD-0046,ST-012,1,18630.0,0.15,15835.5,11496.52,0.0,Cancelled
ORD-10308,ORD-10308-1,20240615,CUST-0014,PROD-0008,ST-000,4,15680.0,0.1,56448.0,42067.56,115.33,Returned
ORD-10308,ORD-10308-2,20240615,CUST-0014,PROD-0070,ST-000,3,1750.0,0.0,5250.0,3731.07,137.11,Returned
ORD-10309,ORD-10309-1,20231004,CUST-0193,PROD-0033,ST-015,1,6880.0,0.05,6536.0,4450.47,0.0,Returned
ORD-10309,ORD-10309-2,20231004,CUST-0193,PROD-0047,ST-015,1,12400.0,0.0,12400.0,8153.66,0.0,Returned
ORD-10310,ORD-10310-1,20230304,CUST-0051,PROD-0041,ST-000,2,11810.0,0.05,22439.0,14582.82,66.3,Completed
ORD-10311,ORD-10311-1,20240105,CUST-0083,PROD-0051,ST-009,2,12350.0,0.0,24700.0,14379.66,0.0,Completed
ORD-10311,ORD-10311-2,20240105,CUST-0083,PROD-0010,ST-009,2,16340.0,0.0,32680.0,22600.34,0.0,Completed
ORD-10312,ORD-10312-1,20241029,CUST-0120,PROD-0072,ST-000,2,2790.0,0.0,5580.0,3078.04,91.72,Completed
ORD-10312,ORD-10312-2,20241029,CUST-0120,PROD-0052,ST-000,1,640.0,0.2,512.0,409.83,137.76,Completed
ORD-10313,ORD-10313-1,20241125,CUST-0094,PROD-0079,ST-015,1,1620.0,0.1,1458.0,1137.67,0.0,Returned
ORD-10314,ORD-10314-1,20231112,CUST-0125,PROD-0028,ST-006,1,920.0,0.15,782.0,621.01,0.0,Completed
ORD-10314,ORD-10314-2,20231112,CUST-0125,PROD-0070,ST-006,1,1750.0,0.1,1575.0,1243.69,0.0,Completed
ORD-10315,ORD-10315-1,20230909,CUST-0095,PROD-0038,ST-012,1,12270.0,0.1,11043.0,7938.77,0.0,Cancelled
ORD-10316,ORD-10316-1,20240628,CUST-0024,PROD-0063,ST-014,2,9290.0,0.0,18580.0,10668.44,0.0,Completed
ORD-10317,ORD-10317-1,20231212,CUST-0106,PROD-0007,ST-000,4,36360.0,0.0,145440.0,101912.72,122.21,Returned
ORD-10318,ORD-10318-1,20241120,CUST-0121,PROD-0033,ST-001,1,6880.0,0.1,6192.0,4450.47,0.0,Completed
ORD-10318,ORD-10318-2,20241120,CUST-0121,PROD-0030,ST-001,4,3060.0,0.0,12240.0,7058.64,0.0,Completed
ORD-10319,ORD-10319-1,20240325,CUST-0005,PROD-0008,ST-009,1,15680.0,0.0,15680.0,10516.89,0.0,Completed
ORD-10320,ORD-10320-1,20241001,CUST-0095,PROD-0018,ST-009,1,660.0,0.0,660.0,407.13,0.0,Completed
ORD-10321,ORD-10321-1,20240403,CUST-0082,PROD-0040,ST-009,1,9840.0,0.0,9840.0,4975.51,0.0,Completed
ORD-10322,ORD-10322-1,20231207,CUST-0045,PROD-0074,ST-011,1,1630.0,0.0,1630.0,1038.62,0.0,Cancelled
ORD-10323,ORD-10323-1,20240929,CUST-0073,PROD-0067,ST-012,1,1970.0,0.1,1773.0,1102.52,0.0,Returned
ORD-10323,ORD-10323-2,20240929,CUST-0073,PROD-0023,ST-012,4,2850.0,0.15,9690.0,6015.36,0.0,Returned
ORD-10324,ORD-10324-1,20241112,CUST-0017,PROD-0004,ST-012,1,26120.0,0.0,26120.0,17922.86,0.0,Cancelled
ORD-10325,ORD-10325-1,20240927,CUST-0059,PROD-0049,ST-005,1,3260.0,0.0,3260.0,1841.77,0.0,Completed
ORD-10326,ORD-10326-1,20230830,CUST-0115,PROD-0004,ST-006,2,26120.0,0.0,52240.0,35845.72,0.0,Cancelled
ORD-10326,ORD-10326-2,20230830,CUST-0115,PROD-0050,ST-006,1,4290.0,0.15,3646.5,3053.81,0.0,Cancelled
ORD-10326,ORD-10326-3,20230830,CUST-0115,PROD-0006,ST-006,2,30230.0,0.05,57437.0,41847.58,0.0,Cancelled
ORD-10327,ORD-10327-1,20240726,CUST-0088,PROD-0008,ST-000,1,15680.0,0.0,15680.0,10516.89,79.78,Completed
ORD-10327,ORD-10327-2,20240726,CUST-0088,PROD-0026,ST-000,1,3440.0,0.2,2752.0,2460.63,29.94,Completed
ORD-10327,ORD-10327-3,20240726,CUST-0088,PROD-0052,ST-000,1,640.0,0.0,640.0,409.83,84.15,Completed
ORD-10328,ORD-10328-1,20230116,CUST-0088,PROD-0009,ST-004,1,23630.0,0.2,18904.0,14479.88,0.0,Returned
ORD-10329,ORD-10329-1,20240901,CUST-0110,PROD-0079,ST-009,1,1620.0,0.0,1620.0,1137.67,0.0,Completed
ORD-10330,ORD-10330-1,20230101,CUST-0138,PROD-0047,ST-000,1,12400.0,0.0,12400.0,8153.66,123.03,Completed
ORD-10330,ORD-10330-2,20230101,CUST-0138,PROD-0059,ST-000,1,9340.0,0.0,9340.0,5793.35,124.65,Completed
ORD-10330,ORD-10330-3,20230101,CUST-0138,PROD-0053,ST-000,1,12030.0,0.05,11428.5,7726.31,138.91,Completed
ORD-10331,ORD-10331-1,20240209,CUST-0168,PROD-0038,ST-003,1,12270.0,0.05,11656.5,7938.77,0.0,Completed
ORD-10332,ORD-10332-1,20241226,CUST-0155,PROD-0067,ST-011,1,1970.0,0.0,1970.0,1102.52,0.0,Completed
ORD-10332,ORD-10332-2,20241226,CUST-0155,PROD-0064,ST-011,1,4410.0,0.0,4410.0,2831.06,0.0,Completed
ORD-10333,ORD-10333-1,20230530,CUST-0053,PROD-0013,ST-015,2,15750.0,0.0,31500.0,17376.3,0.0,Completed
ORD-10334,ORD-10334-1,20231015,CUST-0060,PROD-0073,ST-012,2,2250.0,0.0,4500.0,3010.92,0.0,Completed
ORD-10335,ORD-10335-1,20230614,CUST-0168,PROD-0013,ST-003,1,15750.0,0.0,15750.0,8688.15,0.0,Completed
ORD-10336,ORD-10336-1,20241025,CUST-0151,PROD-0035,ST-012,4,11120.0,0.05,42256.0,22296.36,0.0,Returned
ORD-10336,ORD-10336-2,20241025,CUST-0151,PROD-0032,ST-012,3,1730.0,0.0,5190.0,2719.59,0.0,Returned
ORD-10337,ORD-10337-1,20240704,CUST-0092,PROD-0007,ST-011,1,36360.0,0.2,29088.0,25478.18,0.0,Completed
ORD-10338,ORD-10338-1,20240523,CUST-0126,PROD-0076,ST-002,1,250.0,0.05,237.5,141.67,0.0,Completed
ORD-10339,ORD-10339-1,20240912,CUST-0141,PROD-0014,ST-008,2,21550.0,0.0,43100.0,29409.48,0.0,Returned
ORD-10339,ORD-10339-2,20240912,CUST-0141,PROD-0019,ST-008,1,3340.0,0.0,3340.0,1835.11,0.0,Returned
ORD-10339,ORD-10339-3,20240912,CUST-0141,PROD-0031,ST-008,1,4390.0,0.05,4170.5,3154.36,0.0,Returned
ORD-10340,ORD-10340-1,20230121,CUST-0129,PROD-0008,ST-003,2,15680.0,0.0,31360.0,21033.78,0.0,Completed
ORD-10341,ORD-10341-1,20230930,CUST-0141,PROD-0053,ST-004,4,12030.0,0.0,48120.0,30905.24,0.0,Cancelled
ORD-10341,ORD-10341-2,20230930,CUST-0141,PROD-0031,ST-004,2,4390.0,0.0,8780.0,6308.72,0.0,Cancelled
ORD-10342,ORD-10342-1,20240929,CUST-0012,PROD-0062,ST-001,2,10930.0,0.1,19674.0,14260.06,0.0,Cancelled
ORD-10343,ORD-10343-1,20240304,CUST-0181,PROD-0002,ST-007,1,33460.0,0.05,31787.0,20361.11,0.0,Completed
ORD-10343,ORD-10343-2,20240304,CUST-0181,PROD-0070,ST-007,1,1750.0,0.0,1750.0,1243.69,0.0,Completed
ORD-10344,ORD-10344-1,20240424,CUST-0128,PROD-0078,ST-009,1,1020.0,0.05,969.0,599.08,0.0,Completed
ORD-10345,ORD-10345-1,20241010,CUST-0127,PROD-0051,ST-009,1,12350.0,0.0,12350.0,7189.83,0.0,Cancelled
ORD-10345,ORD-10345-2,20241010,CUST-0127,PROD-0034,ST-009,1,17620.0,0.0,17620.0,10039.58,0.0,Cancelled
ORD-10346,ORD-10346-1,20230820,CUST-0026,PROD-0033,ST-015,1,6880.0,0.1,6192.0,4450.47,0.0,Returned
ORD-10347,ORD-10347-1,20240827,CUST-0163,PROD-0009,ST-014,1,23630.0,0.05,22448.5,14479.88,0.0,Completed
ORD-10347,ORD-10347-2,20240827,CUST-0163,PROD-0002,ST-014,1,33460.0,0.0,33460.0,20361.11,0.0,Completed
ORD-10347,ORD-10347-3,20240827,CUST-0163,PROD-0014,ST-014,2,21550.0,0.0,43100.0,29409.48,0.0,Completed
ORD-10348,ORD-10348-1,20240224,CUST-0170,PROD-0035,ST-012,2,11120.0,0.05,21128.0,11148.18,0.0,Cancelled
ORD-10349,ORD-10349-1,20241116,CUST-0113,PROD-0066,ST-014,1,1630.0,0.1,1467.0,839.25,0.0,Completed
ORD-10349,ORD-10349-2,20241116,CUST-0113,PROD-0044,ST-014,1,7910.0,0.05,7514.5,4298.09,0.0,Completed
ORD-10349,ORD-10349-3,20241116,CUST-0113,PROD-0067,ST-014,1,1970.0,0.0,1970.0,1102.52,0.0,Completed
ORD-10350,ORD-10350-1,20240917,CUST-0152,PROD-0077,ST-005,2,1240.0,0.0,2480.0,1428.96,0.0,Completed
ORD-10351,ORD-10351-1,20230605,CUST-0025,PROD-0017,ST-003,4,3090.0,0.05,11742.0,8541.0,0.0,Completed
ORD-10352,ORD-10352-1,20240711,CUST-0174,PROD-0052,ST-011,4,640.0,0.05,2432.0,1639.32,0.0,Completed
ORD-10352,ORD-10352-2,20240711,CUST-0174,PROD-0047,ST-011,1,12400.0,0.05,11780.0,8153.66,0.0,Completed
ORD-10353,ORD-10353-1,20230407,CUST-0107,PROD-0023,ST-002,2,2850.0,0.0,5700.0,3007.68,0.0,Completed
ORD-10354,ORD-10354-1,20241009,CUST-0061,PROD-0036,ST-002,2,14060.0,0.0,28120.0,16463.78,0.0,Returned
ORD-10355,ORD-10355-1,20240531,CUST-0127,PROD-0055,ST-015,1,11840.0,0.1,10656.0,6635.81,0.0,Completed
ORD-10355,ORD-10355-2,20240531,CUST-0127,PROD-0016,ST-015,1,22690.0,0.1,20421.0,14008.18,0.0,Completed
ORD-10356,ORD-10356-1,20240410,CUST-0097,PROD-0072,ST-014,2,2790.0,0.1,5022.0,3078.04,0.0,Completed
ORD-10357,ORD-10357-1,20230604,CUST-0045,PROD-0024,ST-008,2,1330.0,0.05,2527.0,1724.1,0.0,Returned
ORD-10358,ORD-10358-1,20240910,CUST-0043,PROD-0049,ST-015,1,3260.0,0.0,3260.0,1841.77,0.0,Completed
ORD-10359,ORD-10359-1,20230706,CUST-0196,PROD-0064,ST-005,4,4410.0,0.05,16758.0,11324.24,0.0,Returned
ORD-10360,ORD-10360-1,20241223,CUST-0159,PROD-0034,ST-007,4,17620.0,0.05,66956.0,40158.32,0.0,Completed
ORD-10360,ORD-10360-2,20241223,CUST-0159,PROD-0080,ST-007,1,1260.0,0.0,1260.0,768.92,0.0,Completed
ORD-10360,ORD-10360-3,20241223,CUST-0159,PROD-0070,ST-007,1,1750.0,0.1,1575.0,1243.69,0.0,Completed
ORD-10361,ORD-10361-1,20240617,CUST-0094,PROD-0056,ST-007,1,12260.0,0.0,12260.0,8197.82,0.0,Cancelled
ORD-10362,ORD-10362-1,20241109,CUST-0059,PROD-0018,ST-011,1,660.0,0.0,660.0,407.13,0.0,Completed
ORD-10363,ORD-10363-1,20241222,CUST-0143,PROD-0035,ST-010,1,11120.0,0.0,11120.0,5574.09,0.0,Cancelled
ORD-10364,ORD-10364-1,20230418,CUST-0077,PROD-0077,ST-015,1,1240.0,0.0,1240.0,714.48,0.0,Completed
ORD-10365,ORD-10365-1,20240720,CUST-0098,PROD-0035,ST-002,1,11120.0,0.0,11120.0,5574.09,0.0,Cancelled
ORD-10366,ORD-10366-1,20230620,CUST-0160,PROD-0049,ST-015,1,3260.0,0.1,2934.0,1841.77,0.0,Completed
ORD-10367,ORD-10367-1,20230419,CUST-0164,PROD-0073,ST-011,2,2250.0,0.0,4500.0,3010.92,0.0,Completed
ORD-10367,ORD-10367-2,20230419,CUST-0164,PROD-0016,ST-011,1,22690.0,0.0,22690.0,14008.18,0.0,Completed
ORD-10368,ORD-10368-1,20230712,CUST-0129,PROD-0033,ST-003,1,6880.0,0.0,6880.0,4450.47,0.0,Completed
ORD-10369,ORD-10369-1,20230515,CUST-0145,PROD-0060,ST-002,1,9700.0,0.0,9700.0,4974.74,0.0,Completed
ORD-10370,ORD-10370-1,20230227,CUST-0063,PROD-0036,ST-000,1,14060.0,0.05,13357.0,8231.89,118.54,Completed
ORD-10371,ORD-10371-1,20240319,CUST-0192,PROD-0009,ST-007,1,23630.0,0.0,23630.0,14479.88,0.0,Cancelled
ORD-10372,ORD-10372-1,20240425,CUST-0097,PROD-0071,ST-015,2,430.0,0.0,860.0,515.22,0.0,Completed
ORD-10373,ORD-10373-1,20240426,CUST-0095,PROD-0051,ST-013,1,12350.0,0.15,10497.5,7189.83,0.0,Cancelled
ORD-10373,ORD-10373-2,20240426,CUST-0095,PROD-0075,ST-013,2,2610.0,0.05,4959.0,3308.78,0.0,Cancelled
ORD-10374,ORD-10374-1,20240201,CUST-0063,PROD-0025,ST-002,3,1120.0,0.05,3192.0,1853.4,0.0,Completed
ORD-10375,ORD-10375-1,20230817,CUST-0041,PROD-0053,ST-009,1,12030.0,0.0,12030.0,7726.31,0.0,Returned
ORD-10376,ORD-10376-1,20241212,CUST-0163,PROD-0056,ST-003,1,12260.0,0.0,12260.0,8197.82,0.0,Returned
ORD-10377,ORD-10377-1,20240622,CUST-0104,PROD-0074,ST-008,2,1630.0,0.0,3260.0,2077.24,0.0,Completed
ORD-10377,ORD-10377-2,20240622,CUST-0104,PROD-0008,ST-008,1,15680.0,0.0,15680.0,10516.89,0.0,Completed
ORD-10377,ORD-10377-3,20240622,CUST-0104,PROD-0046,ST-008,4,18630.0,0.1,67068.0,45986.08,0.0,Completed
ORD-10378,ORD-10378-1,20230204,CUST-0162,PROD-0025,ST-014,1,1120.0,0.1,1008.0,617.8,0.0,Returned
ORD-10379,ORD-10379-1,20231114,CUST-0085,PROD-0064,ST-000,2,4410.0,0.15,7497.0,5662.12,95.07,Completed
ORD-10380,ORD-10380-1,20231223,CUST-0042,PROD-0041,ST-014,1,11810.0,0.0,11810.0,7291.41,0.0,Returned
ORD-10380,ORD-10380-2,20231223,CUST-0042,PROD-0026,ST-014,1,3440.0,0.0,3440.0,2460.63,0.0,Returned
ORD-10381,ORD-10381-1,20231016,CUST-0001,PROD-0054,ST-000,1,12690.0,0.0,12690.0,8857.68,78.31,Completed
ORD-10382,ORD-10382-1,20230705,CUST-0183,PROD-0002,ST-015,2,33460.0,0.0,66920.0,40722.22,0.0,Returned
ORD-10382,ORD-10382-2,20230705,CUST-0183,PROD-0024,ST-015,1,1330.0,0.0,1330.0,862.05,0.0,Returned
ORD-10383,ORD-10383-1,20241011,CUST-0011,PROD-0028,ST-013,1,920.0,0.0,920.0,621.01,0.0,Completed
ORD-10383,ORD-10383-2,20241011,CUST-0011,PROD-0021,ST-013,1,2610.0,0.0,2610.0,1698.88,0.0,Completed
ORD-10384,ORD-10384-1,20230412,CUST-0013,PROD-0018,ST-004,2,660.0,0.2,1056.0,814.26,0.0,Completed
ORD-10385,ORD-10385-1,20230910,CUST-0196,PROD-0058,ST-008,2,3720.0,0.2,5952.0,3876.66,0.0,Completed
ORD-10386,ORD-10386-1,20230311,CUST-0005,PROD-0052,ST-014,1,640.0,0.0,640.0,409.83,0.0,Completed
ORD-10387,ORD-10387-1,20240703,CUST-0115,PROD-0038,ST-004,2,12270.0,0.0,24540.0,15877.54,0.0,Completed
ORD-10387,ORD-10387-2,20240703,CUST-0115,PROD-0080,ST-004,1,1260.0,0.05,1197.0,768.92,0.0,Completed
ORD-10388,ORD-10388-1,20240326,CUST-0158,PROD-0012,ST-007,3,51760.0,0.05,147516.0,77948.49,0.0,Completed
ORD-10389,ORD-10389-1,20241026,CUST-0105,PROD-0075,ST-008,2,2610.0,0.0,5220.0,3308.78,0.0,Completed
ORD-10389,ORD-10389-2,20241026,CUST-0105,PROD-0018,ST-008,1,660.0,0.0,660.0,407.13,0.0,Completed
ORD-10390,ORD-10390-1,20241101,CUST-0018,PROD-0030,ST-003,2,3060.0,0.05,5814.0,3529.32,0.0,Completed
ORD-10391,ORD-10391-1,20241228,CUST-0005,PROD-0053,ST-001,1,12030.0,0.05,11428.5,7726.31,0.0,Completed
ORD-10391,ORD-10391-2,20241228,CUST-0005,PROD-0040,ST-001,1,9840.0,0.1,8856.0,4975.51,0.0,Completed
ORD-10392,ORD-10392-1,20231207,CUST-0105,PROD-0015,ST-012,1,42990.0,0.05,40840.5,23074.85,0.0,Completed
ORD-10393,ORD-10393-1,20230315,CUST-0195,PROD-0024,ST-008,2,1330.0,0.0,2660.0,1724.1,0.0,Cancelled
ORD-10394,ORD-10394-1,20240120,CUST-0142,PROD-0042,ST-012,1,14500.0,0.2,11600.0,10298.12,0.0,Completed
ORD-10395,ORD-10395-1,20230604,CUST-0068,PROD-0066,ST-015,1,1630.0,0.0,1630.0,839.25,0.0,Completed
ORD-10396,ORD-10396-1,20240125,CUST-0069,PROD-0061,ST-000,1,9200.0,0.05,8740.0,5967.9,57.68,Completed
ORD-10397,ORD-10397-1,20230308,CUST-0083,PROD-0044,ST-007,3,7910.0,0.15,20170.5,12894.27,0.0,Cancelled
ORD-10398,ORD-10398-1,20241007,CUST-0051,PROD-0039,ST-004,1,10260.0,0.0,10260.0,6354.22,0.0,Completed
ORD-10399,ORD-10399-1,20240429,CUST-0176,PROD-0079,ST-014,1,1620.0,0.05,1539.0,1137.67,0.0,Cancelled
ORD-10400,ORD-10400-1,20241231,CUST-0121,PROD-0059,ST-009,1,9340.0,0.15,7939.0,5793.35,0.0,Returned
ORD-10400,ORD-10400-2,20241231,CUST-0121,PROD-0043,ST-009,1,650.0,0.05,617.5,417.59,0.0,Returned
ORD-10401,ORD-10401-1,20231119,CUST-0036,PROD-0057,ST-000,2,9050.0,0.05,17195.0,9719.04,62.47,Completed
ORD-10401,ORD-10401-2,20231119,CUST-0036,PROD-0017,ST-000,1,3090.0,0.15,2626.5,2135.25,134.37,Completed
ORD-10402,ORD-10402-1,20240806,CUST-0027,PROD-0056,ST-000,1,12260.0,0.1,11034.0,8197.82,59.19,Completed
ORD-10402,ORD-10402-2,20240806,CUST-0027,PROD-0021,ST-000,4,2610.0,0.1,9396.0,6795.52,98.15,Completed
ORD-10403,ORD-10403-1,20241223,CUST-0144,PROD-0041,ST-011,3,11810.0,0.05,33658.5,21874.23,0.0,Returned
ORD-10404,ORD-10404-1,20240422,CUST-0030,PROD-0079,ST-010,1,1620.0,0.0,1620.0,1137.67,0.0,Cancelled
ORD-10404,ORD-10404-2,20240422,CUST-0030,PROD-0017,ST-010,1,3090.0,0.15,2626.5,2135.25,0.0,Cancelled
ORD-10405,ORD-10405-1,20241013,CUST-0177,PROD-0066,ST-008,3,1630.0,0.0,4890.0,2517.75,0.0,Cancelled
ORD-10405,ORD-10405-2,20241013,CUST-0177,PROD-0071,ST-008,1,430.0,0.05,408.5,257.61,0.0,Cancelled
ORD-10406,ORD-10406-1,20230215,CUST-0024,PROD-0029,ST-015,1,1390.0,0.0,1390.0,896.49,0.0,Completed
ORD-10406,ORD-10406-2,20230215,CUST-0024,PROD-0034,ST-015,1,17620.0,0.05,16739.0,10039.58,0.0,Completed
ORD-10407,ORD-10407-1,20240524,CUST-0138,PROD-0050,ST-015,1,4290.0,0.0,4290.0,3053.81,0.0,Cancelled
ORD-10408,ORD-10408-1,20230610,CUST-0077,PROD-0061,ST-011,2,9200.0,0.0,18400.0,11935.8,0.0,Completed
ORD-10408,ORD-10408-2,20230610,CUST-0077,PROD-0004,ST-011,3,26120.0,0.15,66606.0,53768.58,0.0,Completed
ORD-10409,ORD-10409-1,20240718,CUST-0173,PROD-0018,ST-004,1,660.0,0.0,660.0,407.13,0.0,Completed
ORD-10410,ORD-10410-1,20231116,CUST-0119,PROD-0054,ST-009,2,12690.0,0.0,25380.0,17715.36,0.0,Completed
ORD-10410,ORD-10410-2,20231116,CUST-0119,PROD-0006,ST-009,2,30230.0,0.0,60460.0,41847.58,0.0,Completed
ORD-10411,ORD-10411-1,20240408,CUST-0103,PROD-0026,ST-000,1,3440.0,0.05,3268.0,2460.63,54.07,Completed
ORD-10411,ORD-10411-2,20240408,CUST-0103,PROD-0001,ST-000,2,4530.0,0.05,8607.0,4852.24,64.87,Completed
ORD-10412,ORD-10412-1,20231219,CUST-0172,PROD-0055,ST-010,1,11840.0,0.0,11840.0,6635.81,0.0,Completed
ORD-10412,ORD-10412-2,20231219,CUST-0172,PROD-0028,ST-010,1,920.0,0.0,920.0,621.01,0.0,Completed
ORD-10413,ORD-10413-1,20231124,CUST-0162,PROD-0028,ST-001,1,920.0,0.0,920.0,621.01,0.0,Completed
ORD-10414,ORD-10414-1,20230614,CUST-0087,PROD-0006,ST-015,2,30230.0,0.05,57437.0,41847.58,0.0,Cancelled
ORD-10415,ORD-10415-1,20241030,CUST-0062,PROD-0005,ST-010,1,33510.0,0.0,33510.0,20544.28,0.0,Completed
ORD-10416,ORD-10416-1,20241109,CUST-0124,PROD-0076,ST-000,2,250.0,0.0,500.0,283.34,72.45,Completed
ORD-10417,ORD-10417-1,20240919,CUST-0059,PROD-0060,ST-001,1,9700.0,0.0,9700.0,4974.74,0.0,Completed
ORD-10418,ORD-10418-1,20230714,CUST-0009,PROD-0001,ST-000,1,4530.0,0.0,4530.0,2426.12,74.48,Cancelled
ORD-10419,ORD-10419-1,20240401,CUST-0151,PROD-0003,ST-000,1,6190.0,0.0,6190.0,3136.74,33.35,Cancelled
ORD-10420,ORD-10420-1,20240123,CUST-0096,PROD-0026,ST-005,1,3440.0,0.15,2924.0,2460.63,0.0,Returned
ORD-10421,ORD-10421-1,20240916,CUST-0003,PROD-0080,ST-000,4,1260.0,0.0,5040.0,3075.68,118.91,Completed
ORD-10421,ORD-10421-2,20240916,CUST-0003,PROD-0028,ST-000,2,920.0,0.0,1840.0,1242.02,100.53,Completed
ORD-10422,ORD-10422-1,20241206,CUST-0069,PROD-0079,ST-003,1,1620.0,0.0,1620.0,1137.67,0.0,Completed
ORD-10422,ORD-10422-2,20241206,CUST-0069,PROD-0041,ST-003,2,11810.0,0.0,23620.0,14582.82,0.0,Completed
ORD-10423,ORD-10423-1,20230630,CUST-0054,PROD-0058,ST-011,3,3720.0,0.1,10044.0,5814.99,0.0,Returned
ORD-10424,ORD-10424-1,20231008,CUST-0079,PROD-0016,ST-002,1,22690.0,0.1,20421.0,14008.18,0.0,Returned
ORD-10424,ORD-10424-2,20231008,CUST-0079,PROD-0074,ST-002,1,1630.0,0.0,1630.0,1038.62,0.0,Returned
ORD-10425,ORD-10425-1,20240104,CUST-0039,PROD-0021,ST-015,1,2610.0,0.0,2610.0,1698.88,0.0,Cancelled
ORD-10425,ORD-10425-2,20240104,CUST-0039,PROD-0038,ST-015,2,12270.0,0.05,23313.0,15877.54,0.0,Cancelled
ORD-10426,ORD-10426-1,20241102,CUST-0103,PROD-0037,ST-008,2,11140.0,0.1,20052.0,13318.36,0.0,Cancelled
ORD-10427,ORD-10427-1,20241026,CUST-0051,PROD-0030,ST-014,1,3060.0,0.0,3060.0,1764.66,0.0,Completed
ORD-10428,ORD-10428-1,20240926,CUST-0088,PROD-0018,ST-011,1,660.0,0.0,660.0,407.13,0.0,Cancelled
ORD-10429,ORD-10429-1,20231226,CUST-0184,PROD-0057,ST-015,1,9050.0,0.0,9050.0,4859.52,0.0,Cancelled
ORD-10429,ORD-10429-2,20231226,CUST-0184,PROD-0078,ST-015,1,1020.0,0.0,1020.0,599.08,0.0,Cancelled
ORD-10430,ORD-10430-1,20230216,CUST-0175,PROD-0032,ST-009,2,1730.0,0.2,2768.0,1813.06,0.0,Completed
ORD-10430,ORD-10430-2,20230216,CUST-0175,PROD-0006,ST-009,1,30230.0,0.0,30230.0,20923.79,0.0,Completed
ORD-10431,ORD-10431-1,20230921,CUST-0144,PROD-0059,ST-008,1,9340.0,0.05,8873.0,5793.35,0.0,Completed
ORD-10432,ORD-10432-1,20231011,CUST-0087,PROD-0048,ST-005,2,10690.0,0.0,21380.0,11269.6,0.0,Cancelled
ORD-10432,ORD-10432-2,20231011,CUST-0087,PROD-0038,ST-005,2,12270.0,0.0,24540.0,15877.54,0.0,Cancelled
ORD-10433,ORD-10433-1,20241203,CUST-0138,PROD-0038,ST-001,1,12270.0,0.1,11043.0,7938.77,0.0,Returned
ORD-10433,ORD-10433-2,20241203,CUST-0138,PROD-0079,ST-001,2,1620.0,0.0,3240.0,2275.34,0.0,Returned
ORD-10434,ORD-10434-1,20231004,CUST-0029,PROD-0027,ST-000,1,1520.0,0.05,1444.0,1037.85,26.9,Completed
ORD-10435,ORD-10435-1,20230227,CUST-0078,PROD-0020,ST-000,2,1850.0,0.0,3700.0,2262.88,85.99,Returned
ORD-10436,ORD-10436-1,20240903,CUST-0039,PROD-0043,ST-011,1,650.0,0.15,552.5,417.59,0.0,Completed
ORD-10437,ORD-10437-1,20240210,CUST-0185,PROD-0044,ST-013,1,7910.0,0.1,7119.0,4298.09,0.0,Completed
ORD-10438,ORD-10438-1,20230822,CUST-0069,PROD-0070,ST-000,3,1750.0,0.15,4462.5,3731.07,77.49,Completed
ORD-10439,ORD-10439-1,20230215,CUST-0134,PROD-0023,ST-015,3,2850.0,0.0,8550.0,4511.52,0.0,Completed
ORD-10440,ORD-10440-1,20240216,CUST-0113,PROD-0064,ST-006,1,4410.0,0.0,4410.0,2831.06,0.0,Completed
ORD-10440,ORD-10440-2,20240216,CUST-0113,PROD-0030,ST-006,1,3060.0,0.0,3060.0,1764.66,0.0,Completed
ORD-10441,ORD-10441-1,20240919,CUST-0123,PROD-0045,ST-011,1,9970.0,0.0,9970.0,5548.21,0.0,Completed
ORD-10442,ORD-10442-1,20230128,CUST-0072,PROD-0050,ST-009,1,4290.0,0.0,4290.0,3053.81,0.0,Cancelled
ORD-10443,ORD-10443-1,20241207,CUST-0079,PROD-0070,ST-011,1,1750.0,0.2,1400.0,1243.69,0.0,Completed
ORD-10443,ORD-10443-2,20241207,CUST-0079,PROD-0028,ST-011,1,920.0,0.05,874.0,621.01,0.0,Completed
ORD-10444,ORD-10444-1,20240929,CUST-0186,PROD-0040,ST-013,1,9840.0,0.0,9840.0,4975.51,0.0,Completed
ORD-10444,ORD-10444-2,20240929,CUST-0186,PROD-0012,ST-013,1,51760.0,0.0,51760.0,25982.83,0.0,Completed
ORD-10445,ORD-10445-1,20231017,CUST-0005,PROD-0077,ST-000,1,1240.0,0.0,1240.0,714.48,30.86,Completed
ORD-10446,ORD-10446-1,20231204,CUST-0089,PROD-0055,ST-007,4,11840.0,0.2,37888.0,26543.24,0.0,Completed
ORD-10446,ORD-10446-2,20231204,CUST-0089,PROD-0067,ST-007,1,1970.0,0.1,1773.0,1102.52,0.0,Completed
ORD-10447,ORD-10447-1,20230320,CUST-0198,PROD-0035,ST-012,1,11120.0,0.0,11120.0,5574.09,0.0,Completed
ORD-10448,ORD-10448-1,20241231,CUST-0153,PROD-0047,ST-010,1,12400.0,0.1,11160.0,8153.66,0.0,Cancelled
ORD-10449,ORD-10449-1,20240126,CUST-0113,PROD-0062,ST-015,2,10930.0,0.2,17488.0,14260.06,0.0,Completed
ORD-10450,ORD-10450-1,20241001,CUST-0065,PROD-0035,ST-000,1,11120.0,0.1,10008.0,5574.09,64.33,Returned
ORD-10451,ORD-10451-1,20240805,CUST-0112,PROD-0022,ST-014,1,4390.0,0.0,4390.0,2634.19,0.0,Completed
ORD-10451,ORD-10451-2,20240805,CUST-0112,PROD-0011,ST-014,2,36390.0,0.0,72780.0,39008.28,0.0,Completed
ORD-10452,ORD-10452-1,20230626,CUST-0114,PROD-0010,ST-008,1,16340.0,0.0,16340.0,11300.17,0.0,Completed
ORD-10452,ORD-10452-2,20230626,CUST-0114,PROD-0074,ST-008,1,1630.0,0.2,1304.0,1038.62,0.0,Completed
ORD-10452,ORD-10452-3,20230626,CUST-0114,PROD-0035,ST-008,2,11120.0,0.0,22240.0,11148.18,0.0,Completed
ORD-10453,ORD-10453-1,20240707,CUST-0114,PROD-0020,ST-004,2,1850.0,0.1,3330.0,2262.88,0.0,Cancelled
ORD-10454,ORD-10454-1,20240919,CUST-0004,PROD-0024,ST-006,2,1330.0,0.15,2261.0,1724.1,0.0,Completed
ORD-10455,ORD-10455-1,20230628,CUST-0193,PROD-0067,ST-001,2,1970.0,0.0,3940.0,2205.04,0.0,Cancelled
ORD-10455,ORD-10455-2,20230628,CUST-0193,PROD-0041,ST-001,1,11810.0,0.0,11810.0,7291.41,0.0,Cancelled
ORD-10456,ORD-10456-1,20240330,CUST-0058,PROD-0076,ST-009,2,250.0,0.0,500.0,283.34,0.0,Completed
ORD-10457,ORD-10457-1,20240514,CUST-0095,PROD-0039,ST-015,1,10260.0,0.05,9747.0,6354.22,0.0,Cancelled
ORD-10458,ORD-10458-1,20240602,CUST-0053,PROD-0015,ST-014,1,42990.0,0.0,42990.0,23074.85,0.0,Completed
ORD-10458,ORD-10458-2,20240602,CUST-0053,PROD-0074,ST-014,1,1630.0,0.0,1630.0,1038.62,0.0,Completed
ORD-10459,ORD-10459-1,20240306,CUST-0006,PROD-0033,ST-000,2,6880.0,0.0,13760.0,8900.94,139.09,Cancelled
ORD-10460,ORD-10460-1,20240311,CUST-0122,PROD-0054,ST-010,1,12690.0,0.05,12055.5,8857.68,0.0,Cancelled
ORD-10460,ORD-10460-2,20240311,CUST-0122,PROD-0035,ST-010,1,11120.0,0.05,10564.0,5574.09,0.0,Cancelled
ORD-10460,ORD-10460-3,20240311,CUST-0122,PROD-0053,ST-010,2,12030.0,0.0,24060.0,15452.62,0.0,Cancelled
ORD-10461,ORD-10461-1,20240727,CUST-0001,PROD-0061,ST-003,2,9200.0,0.05,17480.0,11935.8,0.0,Completed
ORD-10462,ORD-10462-1,20241015,CUST-0125,PROD-0019,ST-007,1,3340.0,0.05,3173.0,1835.11,0.0,Completed
ORD-10463,ORD-10463-1,20240629,CUST-0057,PROD-0031,ST-004,2,4390.0,0.05,8341.0,6308.72,0.0,Completed
ORD-10463,ORD-10463-2,20240629,CUST-0057,PROD-0021,ST-004,2,2610.0,0.0,5220.0,3397.76,0.0,Completed
ORD-10464,ORD-10464-1,20230916,CUST-0062,PROD-0018,ST-009,1,660.0,0.0,660.0,407.13,0.0,Returned
ORD-10464,ORD-10464-2,20230916,CUST-0062,PROD-0047,ST-009,1,12400.0,0.0,12400.0,8153.66,0.0,Returned
ORD-10465,ORD-10465-1,20240711,CUST-0061,PROD-0068,ST-011,2,1450.0,0.1,2610.0,1571.42,0.0,Completed
ORD-10466,ORD-10466-1,20231104,CUST-0141,PROD-0041,ST-003,1,11810.0,0.15,10038.5,7291.41,0.0,Returned
ORD-10467,ORD-10467-1,20230515,CUST-0081,PROD-0008,ST-012,1,15680.0,0.0,15680.0,10516.89,0.0,Completed
ORD-10468,ORD-10468-1,20230107,CUST-0067,PROD-0009,ST-005,1,23630.0,0.05,22448.5,14479.88,0.0,Cancelled
ORD-10469,ORD-10469-1,20230528,CUST-0068,PROD-0056,ST-001,1,12260.0,0.0,12260.0,8197.82,0.0,Completed
ORD-10470,ORD-10470-1,20231223,CUST-0134,PROD-0036,ST-000,1,14060.0,0.0,14060.0,8231.89,72.96,Completed
ORD-10470,ORD-10470-2,20231223,CUST-0134,PROD-0016,ST-000,1,22690.0,0.0,22690.0,14008.18,98.59,Completed
ORD-10471,ORD-10471-1,20231215,CUST-0045,PROD-0048,ST-006,2,10690.0,0.0,21380.0,11269.6,0.0,Completed
ORD-10472,ORD-10472-1,20230313,CUST-0130,PROD-0078,ST-015,1,1020.0,0.0,1020.0,599.08,0.0,Completed
ORD-10473,ORD-10473-1,20230924,CUST-0119,PROD-0068,ST-005,4,1450.0,0.0,5800.0,3142.84,0.0,Completed
ORD-10474,ORD-10474-1,20230318,CUST-0039,PROD-0033,ST-000,1,6880.0,0.0,6880.0,4450.47,143.92,Completed
ORD-10475,ORD-10475-1,20230907,CUST-0193,PROD-0056,ST-015,1,12260.0,0.05,11647.0,8197.82,0.0,Completed
ORD-10475,ORD-10475-2,20230907,CUST-0193,PROD-0001,ST-015,2,4530.0,0.0,9060.0,4852.24,0.0,Completed
ORD-10476,ORD-10476-1,20240805,CUST-0124,PROD-0052,ST-000,1,640.0,0.1,576.0,409.83,139.67,Completed
ORD-10476,ORD-10476-2,20240805,CUST-0124,PROD-0001,ST-000,1,4530.0,0.15,3850.5,2426.12,45.86,Completed
ORD-10477,ORD-10477-1,20230714,CUST-0133,PROD-0015,ST-001,2,42990.0,0.0,85980.0,46149.7,0.0,Returned
ORD-10477,ORD-10477-2,20230714,CUST-0133,PROD-0018,ST-001,1,660.0,0.05,627.0,407.13,0.0,Returned
ORD-10478,ORD-10478-1,20241215,CUST-0077,PROD-0078,ST-013,2,1020.0,0.15,1734.0,1198.16,0.0,Completed
ORD-10479,ORD-10479-1,20241018,CUST-0105,PROD-0004,ST-002,2,26120.0,0.05,49628.0,35845.72,0.0,Completed
ORD-10480,ORD-10480-1,20240530,CUST-0058,PROD-0035,ST-009,4,11120.0,0.0,44480.0,22296.36,0.0,Completed
ORD-10480,ORD-10480-2,20240530,CUST-0058,PROD-0004,ST-009,1,26120.0,0.0,26120.0,17922.86,0.0,Completed
ORD-10481,ORD-10481-1,20231029,CUST-0082,PROD-0032,ST-009,1,1730.0,0.1,1557.0,906.53,0.0,Cancelled
ORD-10481,ORD-10481-2,20231029,CUST-0082,PROD-0063,ST-009,2,9290.0,0.0,18580.0,10668.44,0.0,Cancelled
ORD-10482,ORD-10482-1,20241024,CUST-0141,PROD-0014,ST-008,1,21550.0,0.0,21550.0,14704.74,0.0,Returned
ORD-10482,ORD-10482-2,20241024,CUST-0141,PROD-0064,ST-008,1,4410.0,0.0,4410.0,2831.06,0.0,Returned
ORD-10483,ORD-10483-1,20230427,CUST-0068,PROD-0079,ST-002,1,1620.0,0.15,1377.0,1137.67,0.0,Completed
ORD-10483,ORD-10483-2,20230427,CUST-0068,PROD-0045,ST-002,1,9970.0,0.0,9970.0,5548.21,0.0,Completed
ORD-10483,ORD-10483-3,20230427,CUST-0068,PROD-0014,ST-002,2,21550.0,0.15,36635.0,29409.48,0.0,Completed
ORD-10484,ORD-10484-1,20231020,CUST-0061,PROD-0031,ST-000,1,4390.0,0.0,4390.0,3154.36,133.23,Completed
ORD-10485,ORD-10485-1,20231110,CUST-0102,PROD-0049,ST-009,4,3260.0,0.0,13040.0,7367.08,0.0,Cancelled
ORD-10486,ORD-10486-1,20240506,CUST-0045,PROD-0024,ST-014,3,1330.0,0.0,3990.0,2586.15,0.0,Cancelled
ORD-10487,ORD-10487-1,20240112,CUST-0179,PROD-0030,ST-013,1,3060.0,0.0,3060.0,1764.66,0.0,Completed
ORD-10488,ORD-10488-1,20240522,CUST-0119,PROD-0072,ST-008,2,2790.0,0.1,5022.0,3078.04,0.0,Completed
ORD-10489,ORD-10489-1,20230713,CUST-0101,PROD-0050,ST-011,1,4290.0,0.1,3861.0,3053.81,0.0,Completed
ORD-10489,ORD-10489-2,20230713,CUST-0101,PROD-0024,ST-011,1,1330.0,0.05,1263.5,862.05,0.0,Completed
ORD-10490,ORD-10490-1,20230707,CUST-0077,PROD-0044,ST-008,3,7910.0,0.0,23730.0,12894.27,0.0,Completed
ORD-10491,ORD-10491-1,20230417,CUST-0074,PROD-0008,ST-010,3,15680.0,0.0,47040.0,31550.67,0.0,Completed
ORD-10492,ORD-10492-1,20231130,CUST-0186,PROD-0078,ST-014,4,1020.0,0.0,4080.0,2396.32,0.0,Completed
ORD-10493,ORD-10493-1,20241106,CUST-0005,PROD-0080,ST-006,1,1260.0,0.0,1260.0,768.92,0.0,Cancelled
ORD-10494,ORD-10494-1,20231113,CUST-0041,PROD-0019,ST-013,1,3340.0,0.0,3340.0,1835.11,0.0,Completed
ORD-10495,ORD-10495-1,20240220,CUST-0013,PROD-0076,ST-006,2,250.0,0.0,500.0,283.34,0.0,Completed
ORD-10495,ORD-10495-2,20240220,CUST-0013,PROD-0018,ST-006,1,660.0,0.1,594.0,407.13,0.0,Completed
ORD-10496,ORD-10496-1,20231101,CUST-0056,PROD-0054,ST-000,2,12690.0,0.0,25380.0,17715.36,136.1,Completed
ORD-10497,ORD-10497-1,20240227,CUST-0167,PROD-0072,ST-005,2,2790.0,0.2,4464.0,3078.04,0.0,Cancelled
ORD-10498,ORD-10498-1,20231213,CUST-0114,PROD-0038,ST-008,1,12270.0,0.0,12270.0,7938.77,0.0,Completed
ORD-10498,ORD-10498-2,20231213,CUST-0114,PROD-0021,ST-008,2,2610.0,0.0,5220.0,3397.76,0.0,Completed
ORD-10499,ORD-10499-1,20240116,CUST-0137,PROD-0079,ST-010,1,1620.0,0.05,1539.0,1137.67,0.0,Completed
ORD-10500,ORD-10500-1,20240505,CUST-0004,PROD-0074,ST-012,1,1630.0,0.15,1385.5,1038.62,0.0,Completed
ORD-10500,ORD-10500-2,20240505,CUST-0004,PROD-0053,ST-012,1,12030.0,0.1,10827.0,7726.31,0.0,Completed
ORD-10501,ORD-10501-1,20240916,CUST-0175,PROD-0045,ST-015,1,9970.0,0.05,9471.5,5548.21,0.0,Completed
ORD-10501,ORD-10501-2,20240916,CUST-0175,PROD-0077,ST-015,1,1240.0,0.0,1240.0,714.48,0.0,Completed
ORD-10502,ORD-10502-1,20231016,CUST-0072,PROD-0028,ST-007,1,920.0,0.0,920.0,621.01,0.0,Completed
ORD-10502,ORD-10502-2,20231016,CUST-0072,PROD-0018,ST-007,2,660.0,0.0,1320.0,814.26,0.0,Completed
ORD-10503,ORD-10503-1,20240817,CUST-0029,PROD-0045,ST-002,1,9970.0,0.05,9471.5,5548.21,0.0,Completed
ORD-10504,ORD-10504-1,20230806,CUST-0096,PROD-0026,ST-006,4,3440.0,0.0,13760.0,9842.52,0.0,Completed
ORD-10504,ORD-10504-2,20230806,CUST-0096,PROD-0076,ST-006,1,250.0,0.0,250.0,141.67,0.0,Completed
ORD-10505,ORD-10505-1,20231108,CUST-0028,PROD-0036,ST-004,1,14060.0,0.0,14060.0,8231.89,0.0,Cancelled
ORD-10506,ORD-10506-1,20241022,CUST-0099,PROD-0061,ST-006,1,9200.0,0.0,9200.0,5967.9,0.0,Returned
ORD-10507,ORD-10507-1,20230519,CUST-0080,PROD-0042,ST-012,1,14500.0,0.0,14500.0,10298.12,0.0,Completed
ORD-10507,ORD-10507-2,20230519,CUST-0080,PROD-0060,ST-012,1,9700.0,0.0,9700.0,4974.74,0.0,Completed
ORD-10508,ORD-10508-1,20230623,CUST-0038,PROD-0014,ST-010,1,21550.0,0.05,20472.5,14704.74,0.0,Completed
ORD-10509,ORD-10509-1,20230402,CUST-0141,PROD-0044,ST-000,1,7910.0,0.0,7910.0,4298.09,142.76,Returned
ORD-10510,ORD-10510-1,20240519,CUST-0100,PROD-0068,ST-015,2,1450.0,0.0,2900.0,1571.42,0.0,Completed
ORD-10510,ORD-10510-2,20240519,CUST-0100,PROD-0031,ST-015,3,4390.0,0.2,10536.0,9463.08,0.0,Completed
ORD-10511,ORD-10511-1,20230531,CUST-0071,PROD-0037,ST-012,4,11140.0,0.0,44560.0,26636.72,0.0,Completed
ORD-10512,ORD-10512-1,20240902,CUST-0128,PROD-0075,ST-006,2,2610.0,0.1,4698.0,3308.78,0.0,Completed
ORD-10513,ORD-10513-1,20230317,CUST-0050,PROD-0014,ST-004,1,21550.0,0.1,19395.0,14704.74,0.0,Cancelled
ORD-10514,ORD-10514-1,20241020,CUST-0010,PROD-0031,ST-012,1,4390.0,0.0,4390.0,3154.36,0.0,Completed
ORD-10515,ORD-10515-1,20230624,CUST-0004,PROD-0071,ST-010,1,430.0,0.0,430.0,257.61,0.0,Completed
ORD-10515,ORD-10515-2,20230624,CUST-0004,PROD-0003,ST-010,2,6190.0,0.0,12380.0,6273.48,0.0,Completed
ORD-10516,ORD-10516-1,20230521,CUST-0135,PROD-0016,ST-015,1,22690.0,0.0,22690.0,14008.18,0.0,Completed
ORD-10517,ORD-10517-1,20240421,CUST-0001,PROD-0075,ST-000,1,2610.0,0.05,2479.5,1654.39,24.87,Completed
ORD-10518,ORD-10518-1,20240320,CUST-0108,PROD-0002,ST-008,1,33460.0,0.05,31787.0,20361.11,0.0,Cancelled
ORD-10518,ORD-10518-2,20240320,CUST-0108,PROD-0066,ST-008,4,1630.0,0.0,6520.0,3357.0,0.0,Cancelled
ORD-10518,ORD-10518-3,20240320,CUST-0108,PROD-0001,ST-008,2,4530.0,0.0,9060.0,4852.24,0.0,Cancelled
ORD-10519,ORD-10519-1,20230418,CUST-0035,PROD-0053,ST-007,1,12030.0,0.2,9624.0,7726.31,0.0,Completed
ORD-10520,ORD-10520-1,20230904,CUST-0127,PROD-0034,ST-015,1,17620.0,0.0,17620.0,10039.58,0.0,Completed
ORD-10520,ORD-10520-2,20230904,CUST-0127,PROD-0022,ST-015,4,4390.0,0.0,17560.0,10536.76,0.0,Completed
ORD-10521,ORD-10521-1,20230714,CUST-0123,PROD-0055,ST-004,1,11840.0,0.0,11840.0,6635.81,0.0,Completed
ORD-10522,ORD-10522-1,20230329,CUST-0096,PROD-0015,ST-007,1,42990.0,0.0,42990.0,23074.85,0.0,Cancelled
ORD-10523,ORD-10523-1,20231213,CUST-0074,PROD-0002,ST-013,1,33460.0,0.0,33460.0,20361.11,0.0,Cancelled
ORD-10524,ORD-10524-1,20231005,CUST-0150,PROD-0037,ST-011,1,11140.0,0.15,9469.0,6659.18,0.0,Completed
ORD-10524,ORD-10524-2,20231005,CUST-0150,PROD-0071,ST-011,2,430.0,0.15,731.0,515.22,0.0,Completed
ORD-10525,ORD-10525-1,20230826,CUST-0085,PROD-0045,ST-002,1,9970.0,0.15,8474.5,5548.21,0.0,Completed
ORD-10525,ORD-10525-2,20230826,CUST-0085,PROD-0080,ST-002,1,1260.0,0.15,1071.0,768.92,0.0,Completed
ORD-10526,ORD-10526-1,20241113,CUST-0001,PROD-0035,ST-007,1,11120.0,0.15,9452.0,5574.09,0.0,Completed
ORD-10527,ORD-10527-1,20240825,CUST-0142,PROD-0044,ST-013,2,7910.0,0.15,13447.0,8596.18,0.0,Completed
ORD-10528,ORD-10528-1,20240820,CUST-0158,PROD-0035,ST-012,3,11120.0,0.05,31692.0,16722.27,0.0,Completed
ORD-10529,ORD-10529-1,20230414,CUST-0008,PROD-0070,ST-013,1,1750.0,0.0,1750.0,1243.69,0.0,Returned
ORD-10530,ORD-10530-1,20230629,CUST-0187,PROD-0024,ST-009,2,1330.0,0.0,2660.0,1724.1,0.0,Returned
ORD-10531,ORD-10531-1,20231029,CUST-0196,PROD-0006,ST-007,1,30230.0,0.0,30230.0,20923.79,0.0,Completed
ORD-10532,ORD-10532-1,20241112,CUST-0092,PROD-0033,ST-005,1,6880.0,0.0,6880.0,4450.47,0.0,Returned
ORD-10533,ORD-10533-1,20240315,CUST-0032,PROD-0048,ST-000,2,10690.0,0.0,21380.0,11269.6,45.18,Completed
ORD-10534,ORD-10534-1,20241016,CUST-0008,PROD-0069,ST-015,4,1180.0,0.15,4012.0,3393.72,0.0,Returned
ORD-10534,ORD-10534-2,20241016,CUST-0008,PROD-0067,ST-015,2,1970.0,0.2,3152.0,2205.04,0.0,Returned
ORD-10535,ORD-10535-1,20231101,CUST-0149,PROD-0020,ST-000,1,1850.0,0.0,1850.0,1131.44,93.89,Completed
ORD-10536,ORD-10536-1,20230404,CUST-0119,PROD-0022,ST-015,1,4390.0,0.0,4390.0,2634.19,0.0,Completed
ORD-10536,ORD-10536-2,20230404,CUST-0119,PROD-0029,ST-015,1,1390.0,0.15,1181.5,896.49,0.0,Completed
ORD-10536,ORD-10536-3,20230404,CUST-0119,PROD-0008,ST-015,2,15680.0,0.0,31360.0,21033.78,0.0,Completed
ORD-10537,ORD-10537-1,20240125,CUST-0065,PROD-0074,ST-007,2,1630.0,0.1,2934.0,2077.24,0.0,Returned
ORD-10537,ORD-10537-2,20240125,CUST-0065,PROD-0019,ST-007,1,3340.0,0.1,3006.0,1835.11,0.0,Returned
ORD-10538,ORD-10538-1,20230205,CUST-0010,PROD-0066,ST-010,1,1630.0,0.0,1630.0,839.25,0.0,Returned
ORD-10539,ORD-10539-1,20240103,CUST-0186,PROD-0079,ST-006,2,1620.0,0.05,3078.0,2275.34,0.0,Completed
ORD-10540,ORD-10540-1,20230522,CUST-0095,PROD-0025,ST-002,1,1120.0,0.0,1120.0,617.8,0.0,Completed
ORD-10541,ORD-10541-1,20241105,CUST-0141,PROD-0021,ST-001,1,2610.0,0.05,2479.5,1698.88,0.0,Returned
ORD-10542,ORD-10542-1,20230312,CUST-0047,PROD-0075,ST-003,1,2610.0,0.0,2610.0,1654.39,0.0,Cancelled
ORD-10543,ORD-10543-1,20230319,CUST-0180,PROD-0057,ST-014,1,9050.0,0.0,9050.0,4859.52,0.0,Completed
ORD-10544,ORD-10544-1,20241118,CUST-0028,PROD-0024,ST-002,1,1330.0,0.0,1330.0,862.05,0.0,Completed
ORD-10544,ORD-10544-2,20241118,CUST-0028,PROD-0013,ST-002,1,15750.0,0.1,14175.0,8688.15,0.0,Completed
ORD-10545,ORD-10545-1,20230228,CUST-0077,PROD-0054,ST-015,2,12690.0,0.0,25380.0,17715.36,0.0,Returned
ORD-10546,ORD-10546-1,20231222,CUST-0027,PROD-0072,ST-006,1,2790.0,0.0,2790.0,1539.02,0.0,Completed
ORD-10547,ORD-10547-1,20240709,CUST-0036,PROD-0071,ST-003,2,430.0,0.0,860.0,515.22,0.0,Completed
ORD-10548,ORD-10548-1,20241203,CUST-0110,PROD-0007,ST-015,1,36360.0,0.0,36360.0,25478.18,0.0,Completed
ORD-10549,ORD-10549-1,20240919,CUST-0086,PROD-0054,ST-015,1,12690.0,0.0,12690.0,8857.68,0.0,Cancelled
ORD-10550,ORD-10550-1,20241127,CUST-0064,PROD-0037,ST-005,1,11140.0,0.0,11140.0,6659.18,0.0,Returned
ORD-10551,ORD-10551-1,20240115,CUST-0009,PROD-0041,ST-000,1,11810.0,0.0,11810.0,7291.41,46.57,Completed
ORD-10552,ORD-10552-1,20231017,CUST-0002,PROD-0045,ST-009,4,9970.0,0.0,39880.0,22192.84,0.0,Completed
ORD-10552,ORD-10552-2,20231017,CUST-0002,PROD-0044,ST-009,1,7910.0,0.0,7910.0,4298.09,0.0,Completed
ORD-10553,ORD-10553-1,20230811,CUST-0180,PROD-0079,ST-015,2,1620.0,0.0,3240.0,2275.34,0.0,Completed
ORD-10554,ORD-10554-1,20241010,CUST-0155,PROD-0001,ST-014,1,4530.0,0.0,4530.0,2426.12,0.0,Returned
ORD-10554,ORD-10554-2,20241010,CUST-0155,PROD-0030,ST-014,2,3060.0,0.0,6120.0,3529.32,0.0,Returned
ORD-10555,ORD-10555-1,20241119,CUST-0163,PROD-0019,ST-000,2,3340.0,0.0,6680.0,3670.22,90.03,Completed
ORD-10556,ORD-10556-1,20230803,CUST-0166,PROD-0068,ST-013,1,1450.0,0.0,1450.0,785.71,0.0,Cancelled
ORD-10557,ORD-10557-1,20230724,CUST-0030,PROD-0062,ST-007,2,10930.0,0.05,20767.0,14260.06,0.0,Completed
ORD-10558,ORD-10558-1,20240526,CUST-0117,PROD-0075,ST-000,1,2610.0,0.0,2610.0,1654.39,60.47,Completed
ORD-10559,ORD-10559-1,20230104,CUST-0147,PROD-0051,ST-003,1,12350.0,0.0,12350.0,7189.83,0.0,Completed
ORD-10559,ORD-10559-2,20230104,CUST-0147,PROD-0021,ST-003,1,2610.0,0.0,2610.0,1698.88,0.0,Completed
ORD-10560,ORD-10560-1,20231116,CUST-0174,PROD-0073,ST-009,2,2250.0,0.05,4275.0,3010.92,0.0,Completed
ORD-10561,ORD-10561-1,20240603,CUST-0139,PROD-0056,ST-007,2,12260.0,0.1,22068.0,16395.64,0.0,Completed
ORD-10562,ORD-10562-1,20241119,CUST-0097,PROD-0045,ST-006,1,9970.0,0.05,9471.5,5548.21,0.0,Completed
ORD-10563,ORD-10563-1,20241211,CUST-0025,PROD-0065,ST-014,1,1070.0,0.1,963.0,588.35,0.0,Completed
ORD-10564,ORD-10564-1,20231222,CUST-0164,PROD-0075,ST-004,1,2610.0,0.0,2610.0,1654.39,0.0,Completed
ORD-10564,ORD-10564-2,20231222,CUST-0164,PROD-0015,ST-004,2,42990.0,0.0,85980.0,46149.7,0.0,Completed
ORD-10564,ORD-10564-3,20231222,CUST-0164,PROD-0042,ST-004,4,14500.0,0.15,49300.0,41192.48,0.0,Completed
ORD-10565,ORD-10565-1,20240701,CUST-0169,PROD-0074,ST-007,1,1630.0,0.0,1630.0,1038.62,0.0,Returned
ORD-10566,ORD-10566-1,20231023,CUST-0011,PROD-0066,ST-003,1,1630.0,0.0,1630.0,839.25,0.0,Completed
ORD-10566,ORD-10566-2,20231023,CUST-0011,PROD-0001,ST-003,2,4530.0,0.0,9060.0,4852.24,0.0,Completed
ORD-10567,ORD-10567-1,20241007,CUST-0038,PROD-0033,ST-010,1,6880.0,0.0,6880.0,4450.47,0.0,Completed
ORD-10568,ORD-10568-1,20240727,CUST-0084,PROD-0030,ST-010,1,3060.0,0.0,3060.0,1764.66,0.0,Completed
ORD-10569,ORD-10569-1,20231115,CUST-0083,PROD-0001,ST-012,2,4530.0,0.1,8154.0,4852.24,0.0,Cancelled
ORD-10570,ORD-10570-1,20241201,CUST-0174,PROD-0005,ST-005,2,33510.0,0.1,60318.0,41088.56,0.0,Completed
ORD-10571,ORD-10571-1,20230823,CUST-0021,PROD-0028,ST-006,1,920.0,0.0,920.0,621.01,0.0,Completed
ORD-10572,ORD-10572-1,20230328,CUST-0159,PROD-0074,ST-008,2,1630.0,0.0,3260.0,2077.24,0.0,Completed
ORD-10572,ORD-10572-2,20230328,CUST-0159,PROD-0067,ST-008,1,1970.0,0.0,1970.0,1102.52,0.0,Completed
ORD-10573,ORD-10573-1,20240502,CUST-0089,PROD-0055,ST-007,3,11840.0,0.0,35520.0,19907.43,0.0,Completed
ORD-10574,ORD-10574-1,20230908,CUST-0023,PROD-0053,ST-007,1,12030.0,0.0,12030.0,7726.31,0.0,Completed
ORD-10575,ORD-10575-1,20230531,CUST-0128,PROD-0062,ST-000,1,10930.0,0.0,10930.0,7130.03,58.67,Completed
ORD-10575,ORD-10575-2,20230531,CUST-0128,PROD-0026,ST-000,3,3440.0,0.15,8772.0,7381.89,125.63,Completed
ORD-10576,ORD-10576-1,20231018,CUST-0186,PROD-0014,ST-009,1,21550.0,0.0,21550.0,14704.74,0.0,Returned
ORD-10577,ORD-10577-1,20231204,CUST-0031,PROD-0038,ST-005,1,12270.0,0.1,11043.0,7938.77,0.0,Returned
ORD-10578,ORD-10578-1,20230524,CUST-0024,PROD-0052,ST-006,1,640.0,0.0,640.0,409.83,0.0,Cancelled
ORD-10579,ORD-10579-1,20230303,CUST-0114,PROD-0022,ST-005,2,4390.0,0.0,8780.0,5268.38,0.0,Returned
ORD-10580,ORD-10580-1,20240831,CUST-0037,PROD-0053,ST-010,1,12030.0,0.0,12030.0,7726.31,0.0,Completed
ORD-10581,ORD-10581-1,20231103,CUST-0097,PROD-0021,ST-007,2,2610.0,0.0,5220.0,3397.76,0.0,Completed
ORD-10582,ORD-10582-1,20241115,CUST-0120,PROD-0076,ST-010,1,250.0,0.0,250.0,141.67,0.0,Completed
ORD-10583,ORD-10583-1,20240122,CUST-0049,PROD-0068,ST-010,1,1450.0,0.0,1450.0,785.71,0.0,Returned
ORD-10583,ORD-10583-2,20240122,CUST-0049,PROD-0065,ST-010,1,1070.0,0.1,963.0,588.35,0.0,Returned
ORD-10584,ORD-10584-1,20230820,CUST-0130,PROD-0023,ST-002,2,2850.0,0.0,5700.0,3007.68,0.0,Returned
ORD-10585,ORD-10585-1,20240527,CUST-0015,PROD-0004,ST-014,3,26120.0,0.0,78360.0,53768.58,0.0,Completed
ORD-10586,ORD-10586-1,20240623,CUST-0076,PROD-0054,ST-002,1,12690.0,0.0,12690.0,8857.68,0.0,Completed
ORD-10587,ORD-10587-1,20240712,CUST-0100,PROD-0018,ST-000,1,660.0,0.05,627.0,407.13,63.48,Completed
ORD-10587,ORD-10587-2,20240712,CUST-0100,PROD-0056,ST-000,1,12260.0,0.0,12260.0,8197.82,27.94,Completed
ORD-10588,ORD-10588-1,20230505,CUST-0193,PROD-0019,ST-005,1,3340.0,0.0,3340.0,1835.11,0.0,Returned
ORD-10588,ORD-10588-2,20230505,CUST-0193,PROD-0052,ST-005,4,640.0,0.1,2304.0,1639.32,0.0,Returned
ORD-10589,ORD-10589-1,20241004,CUST-0156,PROD-0010,ST-012,4,16340.0,0.15,55556.0,45200.68,0.0,Returned
ORD-10590,ORD-10590-1,20240705,CUST-0008,PROD-0025,ST-010,2,1120.0,0.0,2240.0,1235.6,0.0,Cancelled
ORD-10590,ORD-10590-2,20240705,CUST-0008,PROD-0054,ST-010,1,12690.0,0.2,10152.0,8857.68,0.0,Cancelled
ORD-10591,ORD-10591-1,20240219,CUST-0008,PROD-0037,ST-012,1,11140.0,0.0,11140.0,6659.18,0.0,Completed
ORD-10592,ORD-10592-1,20230420,CUST-0137,PROD-0036,ST-012,2,14060.0,0.0,28120.0,16463.78,0.0,Completed
ORD-10593,ORD-10593-1,20231124,CUST-0015,PROD-0068,ST-015,1,1450.0,0.0,1450.0,785.71,0.0,Returned
ORD-10593,ORD-10593-2,20231124,CUST-0015,PROD-0028,ST-015,3,920.0,0.0,2760.0,1863.03,0.0,Returned
ORD-10594,ORD-10594-1,20240912,CUST-0167,PROD-0007,ST-003,1,36360.0,0.0,36360.0,25478.18,0.0,Cancelled
ORD-10594,ORD-10594-2,20240912,CUST-0167,PROD-0062,ST-003,1,10930.0,0.15,9290.5,7130.03,0.0,Cancelled
ORD-10595,ORD-10595-1,20240901,CUST-0140,PROD-0065,ST-007,1,1070.0,0.1,963.0,588.35,0.0,Cancelled
ORD-10596,ORD-10596-1,20240910,CUST-0063,PROD-0028,ST-011,1,920.0,0.0,920.0,621.01,0.0,Completed
ORD-10596,ORD-10596-2,20240910,CUST-0063,PROD-0010,ST-011,1,16340.0,0.0,16340.0,11300.17,0.0,Completed
ORD-10597,ORD-10597-1,20231213,CUST-0197,PROD-0013,ST-004,1,15750.0,0.0,15750.0,8688.15,0.0,Cancelled
ORD-10598,ORD-10598-1,20230613,CUST-0064,PROD-0051,ST-011,2,12350.0,0.0,24700.0,14379.66,0.0,Completed
ORD-10598,ORD-10598-2,20230613,CUST-0064,PROD-0015,ST-011,1,42990.0,0.0,42990.0,23074.85,0.0,Completed
ORD-10599,ORD-10599-1,20230521,CUST-0153,PROD-0030,ST-007,2,3060.0,0.15,5202.0,3529.32,0.0,Completed
ORD-10600,ORD-10600-1,20240220,CUST-0170,PROD-0047,ST-002,2,12400.0,0.15,21080.0,16307.32,0.0,Completed
ORD-10601,ORD-10601-1,20231003,CUST-0148,PROD-0048,ST-011,1,10690.0,0.05,10155.5,5634.8,0.0,Completed
ORD-10602,ORD-10602-1,20240629,CUST-0085,PROD-0004,ST-009,4,26120.0,0.05,99256.0,71691.44,0.0,Completed
ORD-10603,ORD-10603-1,20230812,CUST-0138,PROD-0046,ST-002,1,18630.0,0.0,18630.0,11496.52,0.0,Completed
ORD-10604,ORD-10604-1,20241017,CUST-0044,PROD-0036,ST-008,2,14060.0,0.05,26714.0,16463.78,0.0,Completed
ORD-10604,ORD-10604-2,20241017,CUST-0044,PROD-0077,ST-008,2,1240.0,0.1,2232.0,1428.96,0.0,Completed
ORD-10605,ORD-10605-1,20231102,CUST-0189,PROD-0018,ST-008,1,660.0,0.1,594.0,407.13,0.0,Completed
ORD-10606,ORD-10606-1,20241105,CUST-0152,PROD-0075,ST-000,2,2610.0,0.1,4698.0,3308.78,149.3,Completed
ORD-10606,ORD-10606-2,20241105,CUST-0152,PROD-0046,ST-000,2,18630.0,0.0,37260.0,22993.04,99.81,Completed
ORD-10607,ORD-10607-1,20231011,CUST-0102,PROD-0064,ST-015,1,4410.0,0.2,3528.0,2831.06,0.0,Cancelled
ORD-10607,ORD-10607-2,20231011,CUST-0102,PROD-0040,ST-015,2,9840.0,0.0,19680.0,9951.02,0.0,Cancelled
ORD-10608,ORD-10608-1,20240202,CUST-0161,PROD-0017,ST-000,2,3090.0,0.05,5871.0,4270.5,81.09,Completed
ORD-10608,ORD-10608-2,20240202,CUST-0161,PROD-0010,ST-000,1,16340.0,0.1,14706.0,11300.17,26.83,Completed
ORD-10609,ORD-10609-1,20230824,CUST-0179,PROD-0052,ST-002,1,640.0,0.0,640.0,409.83,0.0,Completed
ORD-10610,ORD-10610-1,20230929,CUST-0113,PROD-0031,ST-007,1,4390.0,0.15,3731.5,3154.36,0.0,Cancelled
ORD-10611,ORD-10611-1,20240404,CUST-0002,PROD-0058,ST-000,1,3720.0,0.0,3720.0,1938.33,62.19,Returned
ORD-10611,ORD-10611-2,20240404,CUST-0002,PROD-0045,ST-000,2,9970.0,0.0,19940.0,11096.42,96.54,Returned
ORD-10612,ORD-10612-1,20240716,CUST-0064,PROD-0041,ST-010,2,11810.0,0.0,23620.0,14582.82,0.0,Completed
ORD-10613,ORD-10613-1,20231106,CUST-0034,PROD-0054,ST-014,1,12690.0,0.0,12690.0,8857.68,0.0,Cancelled
ORD-10614,ORD-10614-1,20230808,CUST-0137,PROD-0026,ST-012,1,3440.0,0.0,3440.0,2460.63,0.0,Completed
ORD-10614,ORD-10614-2,20230808,CUST-0137,PROD-0044,ST-012,3,7910.0,0.0,23730.0,12894.27,0.0,Completed
ORD-10614,ORD-10614-3,20230808,CUST-0137,PROD-0028,ST-012,1,920.0,0.0,920.0,621.01,0.0,Completed
ORD-10615,ORD-10615-1,20241109,CUST-0027,PROD-0039,ST-013,1,10260.0,0.0,10260.0,6354.22,0.0,Completed
ORD-10615,ORD-10615-2,20241109,CUST-0027,PROD-0064,ST-013,2,4410.0,0.0,8820.0,5662.12,0.0,Completed
ORD-10615,ORD-10615-3,20241109,CUST-0027,PROD-0026,ST-013,1,3440.0,0.0,3440.0,2460.63,0.0,Completed
ORD-10616,ORD-10616-1,20240604,CUST-0176,PROD-0053,ST-014,3,12030.0,0.15,30676.5,23178.93,0.0,Completed
ORD-10616,ORD-10616-2,20240604,CUST-0176,PROD-0009,ST-014,1,23630.0,0.15,20085.5,14479.88,0.0,Completed
ORD-10617,ORD-10617-1,20241204,CUST-0098,PROD-0054,ST-007,1,12690.0,0.1,11421.0,8857.68,0.0,Returned
ORD-10618,ORD-10618-1,20231120,CUST-0035,PROD-0076,ST-001,2,250.0,0.05,475.0,283.34,0.0,Completed
ORD-10619,ORD-10619-1,20230807,CUST-0171,PROD-0027,ST-013,2,1520.0,0.0,3040.0,2075.7,0.0,Cancelled
ORD-10620,ORD-10620-1,20231104,CUST-0140,PROD-0068,ST-004,2,1450.0,0.0,2900.0,1571.42,0.0,Completed
ORD-10620,ORD-10620-2,20231104,CUST-0140,PROD-0034,ST-004,1,17620.0,0.0,17620.0,10039.58,0.0,Completed
ORD-10621,ORD-10621-1,20231101,CUST-0113,PROD-0041,ST-009,1,11810.0,0.1,10629.0,7291.41,0.0,Cancelled
ORD-10621,ORD-10621-2,20231101,CUST-0113,PROD-0072,ST-009,2,2790.0,0.0,5580.0,3078.04,0.0,Cancelled
ORD-10622,ORD-10622-1,20230403,CUST-0088,PROD-0044,ST-010,2,7910.0,0.0,15820.0,8596.18,0.0,Cancelled
ORD-10622,ORD-10622-2,20230403,CUST-0088,PROD-0006,ST-010,1,30230.0,0.0,30230.0,20923.79,0.0,Cancelled
ORD-10622,ORD-10622-3,20230403,CUST-0088,PROD-0041,ST-010,1,11810.0,0.1,10629.0,7291.41,0.0,Cancelled
ORD-10623,ORD-10623-1,20240906,CUST-0177,PROD-0054,ST-000,1,12690.0,0.1,11421.0,8857.68,25.33,Completed
ORD-10624,ORD-10624-1,20230726,CUST-0096,PROD-0010,ST-005,2,16340.0,0.05,31046.0,22600.34,0.0,Completed
ORD-10625,ORD-10625-1,20240628,CUST-0030,PROD-0029,ST-007,2,1390.0,0.0,2780.0,1792.98,0.0,Returned
ORD-10626,ORD-10626-1,20231027,CUST-0049,PROD-0022,ST-008,2,4390.0,0.2,7024.0,5268.38,0.0,Completed
ORD-10626,ORD-10626-2,20231027,CUST-0049,PROD-0058,ST-008,1,3720.0,0.0,3720.0,1938.33,0.0,Completed
ORD-10627,ORD-10627-1,20240823,CUST-0104,PROD-0055,ST-013,2,11840.0,0.0,23680.0,13271.62,0.0,Completed
ORD-10627,ORD-10627-2,20240823,CUST-0104,PROD-0009,ST-013,1,23630.0,0.15,20085.5,14479.88,0.0,Completed
ORD-10628,ORD-10628-1,20231124,CUST-0083,PROD-0026,ST-002,1,3440.0,0.0,3440.0,2460.63,0.0,Completed
ORD-10628,ORD-10628-2,20231124,CUST-0083,PROD-0070,ST-002,1,1750.0,0.0,1750.0,1243.69,0.0,Completed
ORD-10629,ORD-10629-1,20231031,CUST-0101,PROD-0001,ST-015,2,4530.0,0.1,8154.0,4852.24,0.0,Completed
ORD-10629,ORD-10629-2,20231031,CUST-0101,PROD-0077,ST-015,2,1240.0,0.0,2480.0,1428.96,0.0,Completed
ORD-10629,ORD-10629-3,20231031,CUST-0101,PROD-0055,ST-015,2,11840.0,0.0,23680.0,13271.62,0.0,Completed
ORD-10630,ORD-10630-1,20241127,CUST-0088,PROD-0080,ST-008,1,1260.0,0.15,1071.0,768.92,0.0,Completed
ORD-10630,ORD-10630-2,20241127,CUST-0088,PROD-0076,ST-008,2,250.0,0.1,450.0,283.34,0.0,Completed
ORD-10631,ORD-10631-1,20240623,CUST-0064,PROD-0070,ST-011,1,1750.0,0.0,1750.0,1243.69,0.0,Completed
ORD-10632,ORD-10632-1,20230224,CUST-0111,PROD-0032,ST-004,1,1730.0,0.1,1557.0,906.53,0.0,Completed
ORD-10633,ORD-10633-1,20241019,CUST-0029,PROD-0077,ST-004,1,1240.0,0.15,1054.0,714.48,0.0,Completed
ORD-10633,ORD-10633-2,20241019,CUST-0029,PROD-0024,ST-004,3,1330.0,0.1,3591.0,2586.15,0.0,Completed
ORD-10634,ORD-10634-1,20230331,CUST-0059,PROD-0007,ST-008,2,36360.0,0.15,61812.0,50956.36,0.0,Returned
ORD-10635,ORD-10635-1,20231121,CUST-0082,PROD-0010,ST-001,1,16340.0,0.0,16340.0,11300.17,0.0,Completed
ORD-10636,ORD-10636-1,20230319,CUST-0100,PROD-0035,ST-007,1,11120.0,0.15,9452.0,5574.09,0.0,Cancelled
ORD-10637,ORD-10637-1,20230316,CUST-0005,PROD-0027,ST-014,1,1520.0,0.1,1368.0,1037.85,0.0,Completed
ORD-10637,ORD-10637-2,20230316,CUST-0005,PROD-0032,ST-014,1,1730.0,0.0,1730.0,906.53,0.0,Completed
ORD-10637,ORD-10637-3,20230316,CUST-0005,PROD-0001,ST-014,4,4530.0,0.0,18120.0,9704.48,0.0,Completed
ORD-10638,ORD-10638-1,20231109,CUST-0068,PROD-0029,ST-015,2,1390.0,0.0,2780.0,1792.98,0.0,Cancelled
ORD-10639,ORD-10639-1,20230802,CUST-0147,PROD-0030,ST-000,1,3060.0,0.0,3060.0,1764.66,55.23,Completed
ORD-10640,ORD-10640-1,20240901,CUST-0126,PROD-0006,ST-000,1,30230.0,0.0,30230.0,20923.79,131.21,Completed
ORD-10641,ORD-10641-1,20240823,CUST-0156,PROD-0008,ST-012,1,15680.0,0.05,14896.0,10516.89,0.0,Completed
ORD-10641,ORD-10641-2,20240823,CUST-0156,PROD-0064,ST-012,2,4410.0,0.0,8820.0,5662.12,0.0,Completed
ORD-10641,ORD-10641-3,20240823,CUST-0156,PROD-0047,ST-012,1,12400.0,0.0,12400.0,8153.66,0.0,Completed
ORD-10642,ORD-10642-1,20230825,CUST-0182,PROD-0065,ST-012,2,1070.0,0.05,2033.0,1176.7,0.0,Completed
ORD-10643,ORD-10643-1,20230617,CUST-0153,PROD-0020,ST-001,1,1850.0,0.1,1665.0,1131.44,0.0,Cancelled
ORD-10643,ORD-10643-2,20230617,CUST-0153,PROD-0031,ST-001,2,4390.0,0.0,8780.0,6308.72,0.0,Cancelled
ORD-10644,ORD-10644-1,20241111,CUST-0094,PROD-0071,ST-010,2,430.0,0.0,860.0,515.22,0.0,Completed
ORD-10644,ORD-10644-2,20241111,CUST-0094,PROD-0053,ST-010,2,12030.0,0.0,24060.0,15452.62,0.0,Completed
ORD-10645,ORD-10645-1,20230622,CUST-0013,PROD-0043,ST-012,1,650.0,0.0,650.0,417.59,0.0,Returned
ORD-10646,ORD-10646-1,20230604,CUST-0168,PROD-0006,ST-014,2,30230.0,0.05,57437.0,41847.58,0.0,Cancelled
ORD-10647,ORD-10647-1,20230903,CUST-0171,PROD-0043,ST-001,1,650.0,0.0,650.0,417.59,0.0,Completed
ORD-10647,ORD-10647-2,20230903,CUST-0171,PROD-0036,ST-001,2,14060.0,0.1,25308.0,16463.78,0.0,Completed
ORD-10648,ORD-10648-1,20240704,CUST-0037,PROD-0059,ST-004,1,9340.0,0.0,9340.0,5793.35,0.0,Completed
ORD-10648,ORD-10648-2,20240704,CUST-0037,PROD-0047,ST-004,2,12400.0,0.0,24800.0,16307.32,0.0,Completed
ORD-10649,ORD-10649-1,20231124,CUST-0097,PROD-0004,ST-005,2,26120.0,0.1,47016.0,35845.72,0.0,Completed
ORD-10649,ORD-10649-2,20231124,CUST-0097,PROD-0030,ST-005,1,3060.0,0.0,3060.0,1764.66,0.0,Completed
ORD-10650,ORD-10650-1,20230307,CUST-0129,PROD-0027,ST-015,2,1520.0,0.0,3040.0,2075.7,0.0,Cancelled
ORD-10650,ORD-10650-2,20230307,CUST-0129,PROD-0056,ST-015,1,12260.0,0.0,12260.0,8197.82,0.0,Cancelled
ORD-10651,ORD-10651-1,20231011,CUST-0134,PROD-0054,ST-000,2,12690.0,0.0,25380.0,17715.36,41.73,Completed
ORD-10652,ORD-10652-1,20241125,CUST-0089,PROD-0053,ST-005,1,12030.0,0.0,12030.0,7726.31,0.0,Cancelled
ORD-10653,ORD-10653-1,20240818,CUST-0115,PROD-0032,ST-003,1,1730.0,0.0,1730.0,906.53,0.0,Completed
ORD-10654,ORD-10654-1,20240811,CUST-0160,PROD-0029,ST-012,1,1390.0,0.0,1390.0,896.49,0.0,Completed
ORD-10654,ORD-10654-2,20240811,CUST-0160,PROD-0046,ST-012,2,18630.0,0.0,37260.0,22993.04,0.0,Completed
ORD-10655,ORD-10655-1,20230109,CUST-0082,PROD-0044,ST-013,2,7910.0,0.05,15029.0,8596.18,0.0,Completed
ORD-10656,ORD-10656-1,20231120,CUST-0007,PROD-0068,ST-004,1,1450.0,0.0,1450.0,785.71,0.0,Completed
ORD-10657,ORD-10657-1,20230128,CUST-0040,PROD-0020,ST-000,4,1850.0,0.2,5920.0,4525.76,124.09,Completed
ORD-10658,ORD-10658-1,20230814,CUST-0168,PROD-0010,ST-003,1,16340.0,0.0,16340.0,11300.17,0.0,Returned
ORD-10659,ORD-10659-1,20230630,CUST-0182,PROD-0057,ST-004,1,9050.0,0.0,9050.0,4859.52,0.0,Cancelled
ORD-10660,ORD-10660-1,20231024,CUST-0130,PROD-0042,ST-003,1,14500.0,0.0,14500.0,10298.12,0.0,Completed
ORD-10660,ORD-10660-2,20231024,CUST-0130,PROD-0015,ST-003,1,42990.0,0.1,38691.0,23074.85,0.0,Completed
ORD-10661,ORD-10661-1,20230619,CUST-0134,PROD-0068,ST-001,1,1450.0,0.15,1232.5,785.71,0.0,Returned
ORD-10662,ORD-10662-1,20240424,CUST-0080,PROD-0042,ST-011,1,14500.0,0.0,14500.0,10298.12,0.0,Returned
ORD-10662,ORD-10662-2,20240424,CUST-0080,PROD-0023,ST-011,2,2850.0,0.0,5700.0,3007.68,0.0,Returned
ORD-10663,ORD-10663-1,20231108,CUST-0133,PROD-0062,ST-000,2,10930.0,0.0,21860.0,14260.06,41.33,Returned
ORD-10664,ORD-10664-1,20231111,CUST-0080,PROD-0049,ST-001,2,3260.0,0.0,6520.0,3683.54,0.0,Completed
ORD-10664,ORD-10664-2,20231111,CUST-0080,PROD-0057,ST-001,2,9050.0,0.05,17195.0,9719.04,0.0,Completed
ORD-10665,ORD-10665-1,20230902,CUST-0091,PROD-0014,ST-002,1,21550.0,0.05,20472.5,14704.74,0.0,Returned
ORD-10666,ORD-10666-1,20240408,CUST-0144,PROD-0037,ST-008,1,11140.0,0.0,11140.0,6659.18,0.0,Cancelled
ORD-10666,ORD-10666-2,20240408,CUST-0144,PROD-0020,ST-008,1,1850.0,0.15,1572.5,1131.44,0.0,Cancelled
ORD-10667,ORD-10667-1,20240805,CUST-0118,PROD-0056,ST-008,2,12260.0,0.05,23294.0,16395.64,0.0,Cancelled
ORD-10668,ORD-10668-1,20240712,CUST-0198,PROD-0050,ST-015,2,4290.0,0.0,8580.0,6107.62,0.0,Returned
ORD-10669,ORD-10669-1,20230325,CUST-0049,PROD-0021,ST-003,1,2610.0,0.05,2479.5,1698.88,0.0,Returned
ORD-10670,ORD-10670-1,20241129,CUST-0041,PROD-0065,ST-007,1,1070.0,0.0,1070.0,588.35,0.0,Completed
ORD-10670,ORD-10670-2,20241129,CUST-0041,PROD-0037,ST-007,1,11140.0,0.0,11140.0,6659.18,0.0,Completed
ORD-10671,ORD-10671-1,20241224,CUST-0077,PROD-0031,ST-002,2,4390.0,0.05,8341.0,6308.72,0.0,Completed
ORD-10671,ORD-10671-2,20241224,CUST-0077,PROD-0056,ST-002,2,12260.0,0.0,24520.0,16395.64,0.0,Completed
ORD-10672,ORD-10672-1,20231008,CUST-0012,PROD-0066,ST-003,1,1630.0,0.2,1304.0,839.25,0.0,Completed
ORD-10673,ORD-10673-1,20240828,CUST-0112,PROD-0048,ST-007,4,10690.0,0.05,40622.0,22539.2,0.0,Completed
ORD-10674,ORD-10674-1,20240523,CUST-0086,PROD-0008,ST-000,1,15680.0,0.05,14896.0,10516.89,78.48,Cancelled
ORD-10674,ORD-10674-2,20240523,CUST-0086,PROD-0001,ST-000,2,4530.0,0.1,8154.0,4852.24,46.55,Cancelled
ORD-10675,ORD-10675-1,20240606,CUST-0092,PROD-0062,ST-002,2,10930.0,0.1,19674.0,14260.06,0.0,Completed
ORD-10675,ORD-10675-2,20240606,CUST-0092,PROD-0030,ST-002,1,3060.0,0.15,2601.0,1764.66,0.0,Completed
ORD-10676,ORD-10676-1,20240906,CUST-0150,PROD-0032,ST-000,1,1730.0,0.05,1643.5,906.53,35.38,Returned
ORD-10677,ORD-10677-1,20241229,CUST-0091,PROD-0071,ST-009,2,430.0,0.1,774.0,515.22,0.0,Completed
ORD-10678,ORD-10678-1,20231204,CUST-0065,PROD-0039,ST-012,1,10260.0,0.0,10260.0,6354.22,0.0,Completed
ORD-10679,ORD-10679-1,20231002,CUST-0192,PROD-0030,ST-002,1,3060.0,0.0,3060.0,1764.66,0.0,Completed
ORD-10680,ORD-10680-1,20230402,CUST-0087,PROD-0079,ST-009,2,1620.0,0.0,3240.0,2275.34,0.0,Cancelled
ORD-10680,ORD-10680-2,20230402,CUST-0087,PROD-0044,ST-009,3,7910.0,0.0,23730.0,12894.27,0.0,Cancelled
ORD-10681,ORD-10681-1,20240426,CUST-0009,PROD-0012,ST-003,1,51760.0,0.1,46584.0,25982.83,0.0,Completed
ORD-10681,ORD-10681-2,20240426,CUST-0009,PROD-0009,ST-003,2,23630.0,0.0,47260.0,28959.76,0.0,Completed
ORD-10682,ORD-10682-1,20240825,CUST-0048,PROD-0002,ST-000,1,33460.0,0.0,33460.0,20361.11,66.05,Cancelled
ORD-10683,ORD-10683-1,20241115,CUST-0184,PROD-0035,ST-000,2,11120.0,0.0,22240.0,11148.18,35.98,Completed
ORD-10683,ORD-10683-2,20241115,CUST-0184,PROD-0047,ST-000,1,12400.0,0.05,11780.0,8153.66,78.38,Completed
ORD-10684,ORD-10684-1,20230628,CUST-0110,PROD-0006,ST-006,1,30230.0,0.0,30230.0,20923.79,0.0,Completed
ORD-10685,ORD-10685-1,20231222,CUST-0171,PROD-0025,ST-006,2,1120.0,0.0,2240.0,1235.6,0.0,Returned
ORD-10686,ORD-10686-1,20230916,CUST-0127,PROD-0024,ST-005,1,1330.0,0.0,1330.0,862.05,0.0,Completed
ORD-10686,ORD-10686-2,20230916,CUST-0127,PROD-0017,ST-005,2,3090.0,0.0,6180.0,4270.5,0.0,Completed
ORD-10687,ORD-10687-1,20240627,CUST-0155,PROD-0070,ST-010,1,1750.0,0.0,1750.0,1243.69,0.0,Cancelled
ORD-10688,ORD-10688-1,20240817,CUST-0012,PROD-0023,ST-013,1,2850.0,0.0,2850.0,1503.84,0.0,Completed
ORD-10689,ORD-10689-1,20231017,CUST-0040,PROD-0078,ST-006,1,1020.0,0.15,867.0,599.08,0.0,Completed
ORD-10690,ORD-10690-1,20230314,CUST-0092,PROD-0049,ST-006,2,3260.0,0.0,6520.0,3683.54,0.0,Returned
ORD-10691,ORD-10691-1,20230325,CUST-0053,PROD-0033,ST-011,1,6880.0,0.0,6880.0,4450.47,0.0,Completed
ORD-10691,ORD-10691-2,20230325,CUST-0053,PROD-0049,ST-011,1,3260.0,0.0,3260.0,1841.77,0.0,Completed
ORD-10692,ORD-10692-1,20230128,CUST-0034,PROD-0043,ST-000,2,650.0,0.0,1300.0,835.18,31.19,Cancelled
ORD-10693,ORD-10693-1,20240221,CUST-0042,PROD-0014,ST-014,2,21550.0,0.2,34480.0,29409.48,0.0,Completed
ORD-10694,ORD-10694-1,20240530,CUST-0014,PROD-0052,ST-005,1,640.0,0.15,544.0,409.83,0.0,Completed
ORD-10695,ORD-10695-1,20231008,CUST-0035,PROD-0063,ST-006,2,9290.0,0.0,18580.0,10668.44,0.0,Completed
ORD-10695,ORD-10695-2,20231008,CUST-0035,PROD-0039,ST-006,1,10260.0,0.1,9234.0,6354.22,0.0,Completed
ORD-10695,ORD-10695-3,20231008,CUST-0035,PROD-0028,ST-006,2,920.0,0.0,1840.0,1242.02,0.0,Completed
ORD-10696,ORD-10696-1,20230905,CUST-0136,PROD-0011,ST-008,4,36390.0,0.1,131004.0,78016.56,0.0,Completed
ORD-10696,ORD-10696-2,20230905,CUST-0136,PROD-0001,ST-008,1,4530.0,0.0,4530.0,2426.12,0.0,Completed
ORD-10697,ORD-10697-1,20230803,CUST-0106,PROD-0017,ST-006,1,3090.0,0.0,3090.0,2135.25,0.0,Cancelled
ORD-10698,ORD-10698-1,20231222,CUST-0053,PROD-0001,ST-002,2,4530.0,0.0,9060.0,4852.24,0.0,Returned
ORD-10698,ORD-10698-2,20231222,CUST-0053,PROD-0011,ST-002,1,36390.0,0.05,34570.5,19504.14,0.0,Returned
ORD-10699,ORD-10699-1,20240508,CUST-0178,PROD-0038,ST-010,2,12270.0,0.05,23313.0,15877.54,0.0,Completed
ORD-10700,ORD-10700-1,20240902,CUST-0179,PROD-0009,ST-009,1,23630.0,0.0,23630.0,14479.88,0.0,Completed
ORD-10700,ORD-10700-2,20240902,CUST-0179,PROD-0014,ST-009,3,21550.0,0.05,61417.5,44114.22,0.0,Completed
ORD-10701,ORD-10701-1,20231227,CUST-0162,PROD-0052,ST-010,1,640.0,0.05,608.0,409.83,0.0,Completed
ORD-10701,ORD-10701-2,20231227,CUST-0162,PROD-0050,ST-010,1,4290.0,0.05,4075.5,3053.81,0.0,Completed
ORD-10702,ORD-10702-1,20230607,CUST-0133,PROD-0077,ST-001,2,1240.0,0.15,2108.0,1428.96,0.0,Completed
ORD-10703,ORD-10703-1,20230419,CUST-0027,PROD-0051,ST-014,1,12350.0,0.0,12350.0,7189.83,0.0,Completed
ORD-10703,ORD-10703-2,20230419,CUST-0027,PROD-0023,ST-014,2,2850.0,0.0,5700.0,3007.68,0.0,Completed
ORD-10704,ORD-10704-1,20231208,CUST-0193,PROD-0013,ST-001,1,15750.0,0.1,14175.0,8688.15,0.0,Returned
ORD-10705,ORD-10705-1,20230925,CUST-0009,PROD-0037,ST-013,2,11140.0,0.0,22280.0,13318.36,0.0,Completed
ORD-10706,ORD-10706-1,20240407,CUST-0195,PROD-0055,ST-000,1,11840.0,0.0,11840.0,6635.81,79.94,Completed
ORD-10707,ORD-10707-1,20240205,CUST-0058,PROD-0060,ST-003,4,9700.0,0.0,38800.0,19898.96,0.0,Completed
ORD-10708,ORD-10708-1,20230919,CUST-0010,PROD-0030,ST-015,1,3060.0,0.0,3060.0,1764.66,0.0,Completed
ORD-10709,ORD-10709-1,20230929,CUST-0071,PROD-0068,ST-012,1,1450.0,0.0,1450.0,785.71,0.0,Completed
ORD-10710,ORD-10710-1,20241112,CUST-0014,PROD-0044,ST-006,2,7910.0,0.0,15820.0,8596.18,0.0,Completed
ORD-10710,ORD-10710-2,20241112,CUST-0014,PROD-0069,ST-006,1,1180.0,0.0,1180.0,848.43,0.0,Completed
ORD-10711,ORD-10711-1,20240227,CUST-0182,PROD-0052,ST-003,2,640.0,0.1,1152.0,819.66,0.0,Completed
ORD-10711,ORD-10711-2,20240227,CUST-0182,PROD-0005,ST-003,2,33510.0,0.0,67020.0,41088.56,0.0,Completed
ORD-10712,ORD-10712-1,20231212,CUST-0014,PROD-0057,ST-008,1,9050.0,0.0,9050.0,4859.52,0.0,Completed
ORD-10713,ORD-10713-1,20231002,CUST-0074,PROD-0035,ST-005,1,11120.0,0.1,10008.0,5574.09,0.0,Completed
ORD-10714,ORD-10714-1,20241130,CUST-0138,PROD-0013,ST-003,1,15750.0,0.0,15750.0,8688.15,0.0,Completed
ORD-10715,ORD-10715-1,20231211,CUST-0167,PROD-0037,ST-000,1,11140.0,0.0,11140.0,6659.18,31.85,Cancelled
ORD-10716,ORD-10716-1,20230702,CUST-0062,PROD-0039,ST-011,1,10260.0,0.0,10260.0,6354.22,0.0,Completed
ORD-10716,ORD-10716-2,20230702,CUST-0062,PROD-0051,ST-011,2,12350.0,0.0,24700.0,14379.66,0.0,Completed
ORD-10717,ORD-10717-1,20241217,CUST-0181,PROD-0018,ST-005,1,660.0,0.0,660.0,407.13,0.0,Cancelled
ORD-10718,ORD-10718-1,20241215,CUST-0002,PROD-0076,ST-011,2,250.0,0.05,475.0,283.34,0.0,Completed
ORD-10718,ORD-10718-2,20241215,CUST-0002,PROD-0065,ST-011,2,1070.0,0.0,2140.0,1176.7,0.0,Completed
ORD-10719,ORD-10719-1,20240506,CUST-0056,PROD-0067,ST-000,1,1970.0,0.0,1970.0,1102.52,24.69,Returned
ORD-10720,ORD-10720-1,20231113,CUST-0045,PROD-0050,ST-003,1,4290.0,0.0,4290.0,3053.81,0.0,Cancelled
ORD-10721,ORD-10721-1,20240624,CUST-0159,PROD-0023,ST-000,1,2850.0,0.0,2850.0,1503.84,98.01,Cancelled
ORD-10721,ORD-10721-2,20240624,CUST-0159,PROD-0022,ST-000,1,4390.0,0.1,3951.0,2634.19,92.73,Cancelled
ORD-10722,ORD-10722-1,20241128,CUST-0040,PROD-0066,ST-003,1,1630.0,0.0,1630.0,839.25,0.0,Completed
ORD-10723,ORD-10723-1,20230310,CUST-0131,PROD-0057,ST-000,1,9050.0,0.0,9050.0,4859.52,34.72,Completed
ORD-10724,ORD-10724-1,20241223,CUST-0038,PROD-0034,ST-006,1,17620.0,0.1,15858.0,10039.58,0.0,Completed
ORD-10724,ORD-10724-2,20241223,CUST-0038,PROD-0037,ST-006,1,11140.0,0.0,11140.0,6659.18,0.0,Completed
ORD-10725,ORD-10725-1,20231004,CUST-0185,PROD-0074,ST-014,1,1630.0,0.05,1548.5,1038.62,0.0,Completed
ORD-10725,ORD-10725-2,20231004,CUST-0185,PROD-0036,ST-014,1,14060.0,0.0,14060.0,8231.89,0.0,Completed
ORD-10726,ORD-10726-1,20230117,CUST-0125,PROD-0052,ST-002,2,640.0,0.05,1216.0,819.66,0.0,Cancelled
ORD-10727,ORD-10727-1,20230627,CUST-0057,PROD-0080,ST-003,2,1260.0,0.0,2520.0,1537.84,0.0,Completed
ORD-10728,ORD-10728-1,20241203,CUST-0045,PROD-0040,ST-007,1,9840.0,0.0,9840.0,4975.51,0.0,Completed
ORD-10728,ORD-10728-2,20241203,CUST-0045,PROD-0061,ST-007,2,9200.0,0.15,15640.0,11935.8,0.0,Completed
ORD-10729,ORD-10729-1,20240214,CUST-0050,PROD-0080,ST-003,2,1260.0,0.1,2268.0,1537.84,0.0,Completed
ORD-10730,ORD-10730-1,20230617,CUST-0144,PROD-0006,ST-012,1,30230.0,0.05,28718.5,20923.79,0.0,Completed
ORD-10731,ORD-10731-1,20230210,CUST-0154,PROD-0040,ST-000,2,9840.0,0.15,16728.0,9951.02,27.09,Completed
ORD-10732,ORD-10732-1,20230301,CUST-0148,PROD-0075,ST-014,1,2610.0,0.0,2610.0,1654.39,0.0,Completed
ORD-10732,ORD-10732-2,20230301,CUST-0148,PROD-0008,ST-014,2,15680.0,0.0,31360.0,21033.78,0.0,Completed
ORD-10733,ORD-10733-1,20230725,CUST-0167,PROD-0051,ST-003,1,12350.0,0.0,12350.0,7189.83,0.0,Completed
ORD-10733,ORD-10733-2,20230725,CUST-0167,PROD-0040,ST-003,3,9840.0,0.0,29520.0,14926.53,0.0,Completed
ORD-10734,ORD-10734-1,20230704,CUST-0150,PROD-0038,ST-009,1,12270.0,0.0,12270.0,7938.77,0.0,Cancelled
ORD-10734,ORD-10734-2,20230704,CUST-0150,PROD-0010,ST-009,3,16340.0,0.05,46569.0,33900.51,0.0,Cancelled
ORD-10735,ORD-10735-1,20241226,CUST-0181,PROD-0069,ST-004,1,1180.0,0.1,1062.0,848.43,0.0,Completed
ORD-10736,ORD-10736-1,20231122,CUST-0052,PROD-0064,ST-014,2,4410.0,0.0,8820.0,5662.12,0.0,Completed
ORD-10737,ORD-10737-1,20240220,CUST-0022,PROD-0046,ST-011,2,18630.0,0.0,37260.0,22993.04,0.0,Completed
ORD-10738,ORD-10738-1,20240320,CUST-0083,PROD-0065,ST-000,2,1070.0,0.05,2033.0,1176.7,73.57,Completed
ORD-10738,ORD-10738-2,20240320,CUST-0083,PROD-0020,ST-000,1,1850.0,0.0,1850.0,1131.44,149.01,Completed
ORD-10738,ORD-10738-3,20240320,CUST-0083,PROD-0061,ST-000,1,9200.0,0.0,9200.0,5967.9,116.7,Completed
ORD-10739,ORD-10739-1,20240613,CUST-0045,PROD-0057,ST-003,1,9050.0,0.0,9050.0,4859.52,0.0,Completed
ORD-10740,ORD-10740-1,20240601,CUST-0172,PROD-0022,ST-014,2,4390.0,0.15,7463.0,5268.38,0.0,Completed
ORD-10740,ORD-10740-2,20240601,CUST-0172,PROD-0030,ST-014,1,3060.0,0.0,3060.0,1764.66,0.0,Completed
ORD-10741,ORD-10741-1,20240625,CUST-0198,PROD-0078,ST-007,1,1020.0,0.0,1020.0,599.08,0.0,Returned
ORD-10742,ORD-10742-1,20240307,CUST-0120,PROD-0055,ST-001,2,11840.0,0.0,23680.0,13271.62,0.0,Cancelled
ORD-10743,ORD-10743-1,20230427,CUST-0144,PROD-0077,ST-001,2,1240.0,0.05,2356.0,1428.96,0.0,Completed
ORD-10743,ORD-10743-2,20230427,CUST-0144,PROD-0071,ST-001,3,430.0,0.1,1161.0,772.83,0.0,Completed
ORD-10744,ORD-10744-1,20230426,CUST-0172,PROD-0054,ST-007,1,12690.0,0.2,10152.0,8857.68,0.0,Completed
ORD-10744,ORD-10744-2,20230426,CUST-0172,PROD-0055,ST-007,1,11840.0,0.05,11248.0,6635.81,0.0,Completed
ORD-10745,ORD-10745-1,20230815,CUST-0044,PROD-0056,ST-009,2,12260.0,0.0,24520.0,16395.64,0.0,Completed
ORD-10745,ORD-10745-2,20230815,CUST-0044,PROD-0003,ST-009,1,6190.0,0.05,5880.5,3136.74,0.0,Completed
ORD-10746,ORD-10746-1,20240912,CUST-0111,PROD-0044,ST-003,1,7910.0,0.1,7119.0,4298.09,0.0,Completed
ORD-10747,ORD-10747-1,20240212,CUST-0145,PROD-0042,ST-010,2,14500.0,0.1,26100.0,20596.24,0.0,Completed
ORD-10748,ORD-10748-1,20240226,CUST-0032,PROD-0051,ST-005,1,12350.0,0.0,12350.0,7189.83,0.0,Returned
ORD-10748,ORD-10748-2,20240226,CUST-0032,PROD-0007,ST-005,2,36360.0,0.0,72720.0,50956.36,0.0,Returned
ORD-10749,ORD-10749-1,20241205,CUST-0156,PROD-0049,ST-003,1,3260.0,0.0,3260.0,1841.77,0.0,Cancelled
ORD-10750,ORD-10750-1,20230225,CUST-0091,PROD-0019,ST-000,1,3340.0,0.0,3340.0,1835.11,116.92,Completed
ORD-10750,ORD-10750-2,20230225,CUST-0091,PROD-0001,ST-000,1,4530.0,0.1,4077.0,2426.12,134.85,Completed
ORD-10751,ORD-10751-1,20230915,CUST-0166,PROD-0050,ST-000,1,4290.0,0.05,4075.5,3053.81,101.86,Completed
ORD-10752,ORD-10752-1,20230410,CUST-0149,PROD-0015,ST-005,1,42990.0,0.0,42990.0,23074.85,0.0,Returned
ORD-10753,ORD-10753-1,20241123,CUST-0128,PROD-0025,ST-015,1,1120.0,0.15,952.0,617.8,0.0,Returned
ORD-10754,ORD-10754-1,20241216,CUST-0024,PROD-0002,ST-001,1,33460.0,0.05,31787.0,20361.11,0.0,Cancelled
ORD-10755,ORD-10755-1,20231022,CUST-0078,PROD-0044,ST-000,2,7910.0,0.0,15820.0,8596.18,49.7,Returned
ORD-10755,ORD-10755-2,20231022,CUST-0078,PROD-0016,ST-000,2,22690.0,0.0,45380.0,28016.36,89.39,Returned
ORD-10756,ORD-10756-1,20231120,CUST-0149,PROD-0010,ST-005,1,16340.0,0.0,16340.0,11300.17,0.0,Completed
ORD-10756,ORD-10756-2,20231120,CUST-0149,PROD-0051,ST-005,1,12350.0,0.0,12350.0,7189.83,0.0,Completed
ORD-10757,ORD-10757-1,20240706,CUST-0030,PROD-0015,ST-003,1,42990.0,0.05,40840.5,23074.85,0.0,Completed
ORD-10757,ORD-10757-2,20240706,CUST-0030,PROD-0005,ST-003,1,33510.0,0.1,30159.0,20544.28,0.0,Completed
ORD-10758,ORD-10758-1,20240410,CUST-0160,PROD-0043,ST-000,1,650.0,0.0,650.0,417.59,134.83,Completed
ORD-10759,ORD-10759-1,20230523,CUST-0083,PROD-0076,ST-001,1,250.0,0.1,225.0,141.67,0.0,Completed
ORD-10759,ORD-10759-2,20230523,CUST-0083,PROD-0043,ST-001,1,650.0,0.0,650.0,417.59,0.0,Completed
ORD-10760,ORD-10760-1,20231001,CUST-0054,PROD-0073,ST-008,1,2250.0,0.15,1912.5,1505.46,0.0,Returned
ORD-10761,ORD-10761-1,20240913,CUST-0042,PROD-0031,ST-002,2,4390.0,0.0,8780.0,6308.72,0.0,Completed
ORD-10762,ORD-10762-1,20241130,CUST-0155,PROD-0033,ST-005,2,6880.0,0.0,13760.0,8900.94,0.0,Completed
ORD-10762,ORD-10762-2,20241130,CUST-0155,PROD-0059,ST-005,2,9340.0,0.0,18680.0,11586.7,0.0,Completed
ORD-10763,ORD-10763-1,20231223,CUST-0065,PROD-0044,ST-014,1,7910.0,0.0,7910.0,4298.09,0.0,Completed
ORD-10764,ORD-10764-1,20230929,CUST-0061,PROD-0069,ST-008,1,1180.0,0.1,1062.0,848.43,0.0,Completed
ORD-10765,ORD-10765-1,20240422,CUST-0118,PROD-0053,ST-000,1,12030.0,0.15,10225.5,7726.31,103.44,Completed
ORD-10766,ORD-10766-1,20231207,CUST-0152,PROD-0039,ST-002,1,10260.0,0.05,9747.0,6354.22,0.0,Completed
ORD-10767,ORD-10767-1,20230907,CUST-0079,PROD-0064,ST-013,1,4410.0,0.05,4189.5,2831.06,0.0,Returned
ORD-10768,ORD-10768-1,20240501,CUST-0111,PROD-0079,ST-006,1,1620.0,0.0,1620.0,1137.67,0.0,Completed
ORD-10769,ORD-10769-1,20240929,CUST-0054,PROD-0006,ST-000,2,30230.0,0.0,60460.0,41847.58,117.2,Returned
ORD-10769,ORD-10769-2,20240929,CUST-0054,PROD-0043,ST-000,1,650.0,0.1,585.0,417.59,42.45,Returned
ORD-10770,ORD-10770-1,20231101,CUST-0051,PROD-0010,ST-000,1,16340.0,0.15,13889.0,11300.17,128.48,Completed
ORD-10771,ORD-10771-1,20231119,CUST-0136,PROD-0011,ST-005,1,36390.0,0.1,32751.0,19504.14,0.0,Cancelled
ORD-10771,ORD-10771-2,20231119,CUST-0136,PROD-0065,ST-005,1,1070.0,0.0,1070.0,588.35,0.0,Cancelled
ORD-10772,ORD-10772-1,20230812,CUST-0084,PROD-0040,ST-007,1,9840.0,0.05,9348.0,4975.51,0.0,Completed
ORD-10773,ORD-10773-1,20240520,CUST-0021,PROD-0030,ST-000,1,3060.0,0.2,2448.0,1764.66,102.72,Cancelled
ORD-10774,ORD-10774-1,20240921,CUST-0140,PROD-0004,ST-004,1,26120.0,0.0,26120.0,17922.86,0.0,Cancelled
ORD-10775,ORD-10775-1,20231026,CUST-0045,PROD-0075,ST-011,1,2610.0,0.0,2610.0,1654.39,0.0,Cancelled
ORD-10776,ORD-10776-1,20240320,CUST-0128,PROD-0076,ST-008,1,250.0,0.0,250.0,141.67,0.0,Completed
ORD-10776,ORD-10776-2,20240320,CUST-0128,PROD-0025,ST-008,1,1120.0,0.0,1120.0,617.8,0.0,Completed
ORD-10777,ORD-10777-1,20230526,CUST-0104,PROD-0055,ST-015,1,11840.0,0.0,11840.0,6635.81,0.0,Completed
ORD-10777,ORD-10777-2,20230526,CUST-0104,PROD-0008,ST-015,1,15680.0,0.1,14112.0,10516.89,0.0,Completed
ORD-10777,ORD-10777-3,20230526,CUST-0104,PROD-0028,ST-015,2,920.0,0.15,1564.0,1242.02,0.0,Completed
ORD-10778,ORD-10778-1,20241111,CUST-0140,PROD-0040,ST-005,1,9840.0,0.0,9840.0,4975.51,0.0,Cancelled
ORD-10779,ORD-10779-1,20240701,CUST-0170,PROD-0078,ST-006,1,1020.0,0.0,1020.0,599.08,0.0,Completed
ORD-10779,ORD-10779-2,20240701,CUST-0170,PROD-0036,ST-006,2,14060.0,0.15,23902.0,16463.78,0.0,Completed
ORD-10780,ORD-10780-1,20231102,CUST-0031,PROD-0070,ST-010,1,1750.0,0.0,1750.0,1243.69,0.0,Completed
ORD-10781,ORD-10781-1,20240620,CUST-0010,PROD-0024,ST-014,1,1330.0,0.0,1330.0,862.05,0.0,Completed
ORD-10781,ORD-10781-2,20240620,CUST-0010,PROD-0049,ST-014,1,3260.0,0.0,3260.0,1841.77,0.0,Completed
ORD-10782,ORD-10782-1,20241115,CUST-0045,PROD-0080,ST-002,1,1260.0,0.0,1260.0,768.92,0.0,Cancelled
ORD-10783,ORD-10783-1,20230321,CUST-0163,PROD-0009,ST-006,1,23630.0,0.0,23630.0,14479.88,0.0,Completed
ORD-10784,ORD-10784-1,20230708,CUST-0023,PROD-0039,ST-010,1,10260.0,0.0,10260.0,6354.22,0.0,Cancelled
ORD-10785,ORD-10785-1,20241123,CUST-0071,PROD-0058,ST-006,2,3720.0,0.0,7440.0,3876.66,0.0,Completed
ORD-10785,ORD-10785-2,20241123,CUST-0071,PROD-0004,ST-006,2,26120.0,0.0,52240.0,35845.72,0.0,Completed
ORD-10785,ORD-10785-3,20241123,CUST-0071,PROD-0024,ST-006,1,1330.0,0.0,1330.0,862.05,0.0,Completed
ORD-10786,ORD-10786-1,20230628,CUST-0160,PROD-0035,ST-009,2,11120.0,0.15,18904.0,11148.18,0.0,Completed
ORD-10787,ORD-10787-1,20241107,CUST-0103,PROD-0010,ST-003,1,16340.0,0.0,16340.0,11300.17,0.0,Completed
ORD-10788,ORD-10788-1,20230823,CUST-0198,PROD-0077,ST-000,1,1240.0,0.05,1178.0,714.48,108.53,Completed
ORD-10789,ORD-10789-1,20230727,CUST-0056,PROD-0045,ST-007,2,9970.0,0.0,19940.0,11096.42,0.0,Completed
ORD-10790,ORD-10790-1,20240623,CUST-0009,PROD-0080,ST-000,1,1260.0,0.0,1260.0,768.92,115.39,Completed
ORD-10791,ORD-10791-1,20230611,CUST-0064,PROD-0079,ST-001,2,1620.0,0.1,2916.0,2275.34,0.0,Completed
ORD-10792,ORD-10792-1,20230414,CUST-0009,PROD-0029,ST-003,1,1390.0,0.0,1390.0,896.49,0.0,Completed
ORD-10793,ORD-10793-1,20241002,CUST-0074,PROD-0050,ST-015,3,4290.0,0.0,12870.0,9161.43,0.0,Completed
ORD-10793,ORD-10793-2,20241002,CUST-0074,PROD-0025,ST-015,4,1120.0,0.0,4480.0,2471.2,0.0,Completed
ORD-10794,ORD-10794-1,20241203,CUST-0197,PROD-0007,ST-002,1,36360.0,0.1,32724.0,25478.18,0.0,Completed
ORD-10794,ORD-10794-2,20241203,CUST-0197,PROD-0072,ST-002,2,2790.0,0.0,5580.0,3078.04,0.0,Completed
ORD-10795,ORD-10795-1,20231201,CUST-0004,PROD-0049,ST-011,2,3260.0,0.0,6520.0,3683.54,0.0,Completed
ORD-10795,ORD-10795-2,20231201,CUST-0004,PROD-0055,ST-011,2,11840.0,0.15,20128.0,13271.62,0.0,Completed
ORD-10795,ORD-10795-3,20231201,CUST-0004,PROD-0052,ST-011,1,640.0,0.0,640.0,409.83,0.0,Completed
ORD-10796,ORD-10796-1,20230126,CUST-0071,PROD-0040,ST-003,2,9840.0,0.0,19680.0,9951.02,0.0,Completed
ORD-10797,ORD-10797-1,20230309,CUST-0142,PROD-0051,ST-003,1,12350.0,0.0,12350.0,7189.83,0.0,Completed
ORD-10798,ORD-10798-1,20240408,CUST-0146,PROD-0034,ST-012,1,17620.0,0.0,17620.0,10039.58,0.0,Completed
ORD-10799,ORD-10799-1,20241130,CUST-0199,PROD-0004,ST-009,1,26120.0,0.0,26120.0,17922.86,0.0,Returned
ORD-10799,ORD-10799-2,20241130,CUST-0199,PROD-0030,ST-009,1,3060.0,0.0,3060.0,1764.66,0.0,Returned
ORD-10800,ORD-10800-1,20230615,CUST-0066,PROD-0077,ST-005,4,1240.0,0.1,4464.0,2857.92,0.0,Cancelled
ORD-10801,ORD-10801-1,20240927,CUST-0187,PROD-0054,ST-012,1,12690.0,0.0,12690.0,8857.68,0.0,Completed
ORD-10802,ORD-10802-1,20230118,CUST-0152,PROD-0052,ST-006,1,640.0,0.0,640.0,409.83,0.0,Completed
ORD-10802,ORD-10802-2,20230118,CUST-0152,PROD-0050,ST-006,1,4290.0,0.0,4290.0,3053.81,0.0,Completed
ORD-10802,ORD-10802-3,20230118,CUST-0152,PROD-0041,ST-006,1,11810.0,0.0,11810.0,7291.41,0.0,Completed
ORD-10803,ORD-10803-1,20241225,CUST-0134,PROD-0021,ST-005,1,2610.0,0.0,2610.0,1698.88,0.0,Cancelled
ORD-10804,ORD-10804-1,20231113,CUST-0082,PROD-0004,ST-011,3,26120.0,0.1,70524.0,53768.58,0.0,Completed
ORD-10804,ORD-10804-2,20231113,CUST-0082,PROD-0032,ST-011,2,1730.0,0.0,3460.0,1813.06,0.0,Completed
ORD-10805,ORD-10805-1,20241201,CUST-0165,PROD-0069,ST-009,1,1180.0,0.0,1180.0,848.43,0.0,Returned
ORD-10806,ORD-10806-1,20230328,CUST-0043,PROD-0001,ST-002,1,4530.0,0.05,4303.5,2426.12,0.0,Completed
ORD-10806,ORD-10806-2,20230328,CUST-0043,PROD-0017,ST-002,1,3090.0,0.15,2626.5,2135.25,0.0,Completed
ORD-10807,ORD-10807-1,20240403,CUST-0199,PROD-0026,ST-000,1,3440.0,0.0,3440.0,2460.63,149.27,Completed
ORD-10808,ORD-10808-1,20230613,CUST-0125,PROD-0047,ST-001,2,12400.0,0.15,21080.0,16307.32,0.0,Completed
ORD-10809,ORD-10809-1,20230312,CUST-0109,PROD-0025,ST-000,2,1120.0,0.0,2240.0,1235.6,122.61,Completed
ORD-10809,ORD-10809-2,20230312,CUST-0109,PROD-0070,ST-000,2,1750.0,0.0,3500.0,2487.38,145.93,Completed
ORD-10810,ORD-10810-1,20230610,CUST-0186,PROD-0037,ST-014,1,11140.0,0.2,8912.0,6659.18,0.0,Completed
ORD-10811,ORD-10811-1,20240821,CUST-0018,PROD-0056,ST-013,3,12260.0,0.15,31263.0,24593.46,0.0,Cancelled
ORD-10811,ORD-10811-2,20240821,CUST-0018,PROD-0077,ST-013,4,1240.0,0.0,4960.0,2857.92,0.0,Cancelled
ORD-10812,ORD-10812-1,20240710,CUST-0102,PROD-0066,ST-014,2,1630.0,0.0,3260.0,1678.5,0.0,Completed
ORD-10813,ORD-10813-1,20230914,CUST-0065,PROD-0009,ST-015,1,23630.0,0.1,21267.0,14479.88,0.0,Completed
ORD-10813,ORD-10813-2,20230914,CUST-0065,PROD-0055,ST-015,1,11840.0,0.2,9472.0,6635.81,0.0,Completed
ORD-10814,ORD-10814-1,20240511,CUST-0108,PROD-0059,ST-008,4,9340.0,0.0,37360.0,23173.4,0.0,Completed
ORD-10815,ORD-10815-1,20231217,CUST-0012,PROD-0052,ST-002,2,640.0,0.15,1088.0,819.66,0.0,Completed
ORD-10815,ORD-10815-2,20231217,CUST-0012,PROD-0012,ST-002,3,51760.0,0.0,155280.0,77948.49,0.0,Completed
ORD-10816,ORD-10816-1,20230108,CUST-0020,PROD-0061,ST-014,1,9200.0,0.1,8280.0,5967.9,0.0,Cancelled
ORD-10816,ORD-10816-2,20230108,CUST-0020,PROD-0021,ST-014,1,2610.0,0.1,2349.0,1698.88,0.0,Cancelled
ORD-10817,ORD-10817-1,20230819,CUST-0122,PROD-0055,ST-009,2,11840.0,0.0,23680.0,13271.62,0.0,Completed
ORD-10818,ORD-10818-1,20240324,CUST-0069,PROD-0023,ST-000,1,2850.0,0.1,2565.0,1503.84,118.75,Completed
ORD-10819,ORD-10819-1,20241122,CUST-0113,PROD-0055,ST-011,3,11840.0,0.15,30192.0,19907.43,0.0,Completed
ORD-10819,ORD-10819-2,20241122,CUST-0113,PROD-0051,ST-011,1,12350.0,0.15,10497.5,7189.83,0.0,Completed
ORD-10820,ORD-10820-1,20241213,CUST-0196,PROD-0050,ST-008,1,4290.0,0.0,4290.0,3053.81,0.0,Cancelled
ORD-10821,ORD-10821-1,20231106,CUST-0180,PROD-0033,ST-007,1,6880.0,0.0,6880.0,4450.47,0.0,Cancelled
ORD-10822,ORD-10822-1,20240929,CUST-0026,PROD-0022,ST-005,2,4390.0,0.05,8341.0,5268.38,0.0,Completed
ORD-10822,ORD-10822-2,20240929,CUST-0026,PROD-0069,ST-005,1,1180.0,0.1,1062.0,848.43,0.0,Completed
ORD-10823,ORD-10823-1,20240604,CUST-0032,PROD-0073,ST-000,2,2250.0,0.2,3600.0,3010.92,51.4,Completed
ORD-10824,ORD-10824-1,20230202,CUST-0073,PROD-0035,ST-007,1,11120.0,0.0,11120.0,5574.09,0.0,Completed
ORD-10824,ORD-10824-2,20230202,CUST-0073,PROD-0065,ST-007,1,1070.0,0.0,1070.0,588.35,0.0,Completed
ORD-10825,ORD-10825-1,20231128,CUST-0007,PROD-0027,ST-013,2,1520.0,0.0,3040.0,2075.7,0.0,Completed
ORD-10825,ORD-10825-2,20231128,CUST-0007,PROD-0047,ST-013,1,12400.0,0.05,11780.0,8153.66,0.0,Completed
ORD-10826,ORD-10826-1,20241101,CUST-0121,PROD-0012,ST-007,1,51760.0,0.0,51760.0,25982.83,0.0,Cancelled
ORD-10826,ORD-10826-2,20241101,CUST-0121,PROD-0062,ST-007,1,10930.0,0.15,9290.5,7130.03,0.0,Cancelled
ORD-10827,ORD-10827-1,20241223,CUST-0132,PROD-0071,ST-004,1,430.0,0.05,408.5,257.61,0.0,Returned
ORD-10827,ORD-10827-2,20241223,CUST-0132,PROD-0056,ST-004,2,12260.0,0.15,20842.0,16395.64,0.0,Returned
ORD-10828,ORD-10828-1,20230326,CUST-0120,PROD-0080,ST-013,1,1260.0,0.0,1260.0,768.92,0.0,Completed
ORD-10829,ORD-10829-1,20241008,CUST-0004,PROD-0017,ST-012,1,3090.0,0.0,3090.0,2135.25,0.0,Completed
ORD-10830,ORD-10830-1,20240528,CUST-0113,PROD-0077,ST-015,3,1240.0,0.0,3720.0,2143.44,0.0,Completed
ORD-10831,ORD-10831-1,20240116,CUST-0120,PROD-0005,ST-007,1,33510.0,0.2,26808.0,20544.28,0.0,Cancelled
ORD-10832,ORD-10832-1,20231229,CUST-0102,PROD-0005,ST-007,1,33510.0,0.0,33510.0,20544.28,0.0,Cancelled
ORD-10832,ORD-10832-2,20231229,CUST-0102,PROD-0045,ST-007,2,9970.0,0.0,19940.0,11096.42,0.0,Cancelled
ORD-10833,ORD-10833-1,20230522,CUST-0179,PROD-0056,ST-010,1,12260.0,0.05,11647.0,8197.82,0.0,Cancelled
ORD-10834,ORD-10834-1,20241005,CUST-0039,PROD-0049,ST-012,1,3260.0,0.15,2771.0,1841.77,0.0,Completed
ORD-10834,ORD-10834-2,20241005,CUST-0039,PROD-0001,ST-012,2,4530.0,0.0,9060.0,4852.24,0.0,Completed
ORD-10835,ORD-10835-1,20241205,CUST-0142,PROD-0059,ST-004,2,9340.0,0.0,18680.0,11586.7,0.0,Completed
ORD-10836,ORD-10836-1,20230322,CUST-0071,PROD-0050,ST-010,1,4290.0,0.1,3861.0,3053.81,0.0,Returned
ORD-10837,ORD-10837-1,20240726,CUST-0097,PROD-0071,ST-008,1,430.0,0.2,344.0,257.61,0.0,Returned
ORD-10837,ORD-10837-2,20240726,CUST-0097,PROD-0063,ST-008,2,9290.0,0.0,18580.0,10668.44,0.0,Returned
ORD-10838,ORD-10838-1,20240909,CUST-0016,PROD-0068,ST-002,1,1450.0,0.0,1450.0,785.71,0.0,Completed
ORD-10839,ORD-10839-1,20230416,CUST-0029,PROD-0062,ST-011,2,10930.0,0.0,21860.0,14260.06,0.0,Completed
ORD-10839,ORD-10839-2,20230416,CUST-0029,PROD-0077,ST-011,2,1240.0,0.0,2480.0,1428.96,0.0,Completed
ORD-10840,ORD-10840-1,20231105,CUST-0171,PROD-0018,ST-014,2,660.0,0.0,1320.0,814.26,0.0,Returned
ORD-10841,ORD-10841-1,20240901,CUST-0051,PROD-0033,ST-001,1,6880.0,0.0,6880.0,4450.47,0.0,Cancelled
ORD-10842,ORD-10842-1,20240622,CUST-0058,PROD-0061,ST-008,1,9200.0,0.0,9200.0,5967.9,0.0,Completed
ORD-10843,ORD-10843-1,20241001,CUST-0101,PROD-0071,ST-004,2,430.0,0.0,860.0,515.22,0.0,Returned
ORD-10844,ORD-10844-1,20240505,CUST-0109,PROD-0049,ST-015,2,3260.0,0.0,6520.0,3683.54,0.0,Completed
ORD-10845,ORD-10845-1,20231223,CUST-0074,PROD-0075,ST-013,2,2610.0,0.0,5220.0,3308.78,0.0,Completed
ORD-10845,ORD-10845-2,20231223,CUST-0074,PROD-0033,ST-013,2,6880.0,0.0,13760.0,8900.94,0.0,Completed
ORD-10846,ORD-10846-1,20240707,CUST-0133,PROD-0078,ST-015,1,1020.0,0.05,969.0,599.08,0.0,Completed
ORD-10847,ORD-10847-1,20230905,CUST-0200,PROD-0053,ST-004,1,12030.0,0.2,9624.0,7726.31,0.0,Completed
ORD-10848,ORD-10848-1,20240310,CUST-0073,PROD-0032,ST-003,1,1730.0,0.0,1730.0,906.53,0.0,Cancelled
ORD-10848,ORD-10848-2,20240310,CUST-0073,PROD-0005,ST-003,1,33510.0,0.0,33510.0,20544.28,0.0,Cancelled
ORD-10849,ORD-10849-1,20240802,CUST-0091,PROD-0003,ST-005,1,6190.0,0.0,6190.0,3136.74,0.0,Returned
ORD-10850,ORD-10850-1,20240428,CUST-0141,PROD-0029,ST-009,1,1390.0,0.15,1181.5,896.49,0.0,Cancelled
ORD-10851,ORD-10851-1,20240424,CUST-0151,PROD-0043,ST-003,2,650.0,0.0,1300.0,835.18,0.0,Completed
ORD-10851,ORD-10851-2,20240424,CUST-0151,PROD-0017,ST-003,1,3090.0,0.05,2935.5,2135.25,0.0,Completed
ORD-10851,ORD-10851-3,20240424,CUST-0151,PROD-0080,ST-003,2,1260.0,0.0,2520.0,1537.84,0.0,Completed
ORD-10852,ORD-10852-1,20231115,CUST-0104,PROD-0068,ST-000,2,1450.0,0.0,2900.0,1571.42,136.19,Completed
ORD-10852,ORD-10852-2,20231115,CUST-0104,PROD-0026,ST-000,1,3440.0,0.05,3268.0,2460.63,75.23,Completed
ORD-10853,ORD-10853-1,20230822,CUST-0126,PROD-0019,ST-000,1,3340.0,0.1,3006.0,1835.11,32.09,Completed
ORD-10854,ORD-10854-1,20241114,CUST-0073,PROD-0035,ST-006,1,11120.0,0.0,11120.0,5574.09,0.0,Returned
ORD-10854,ORD-10854-2,20241114,CUST-0073,PROD-0052,ST-006,1,640.0,0.0,640.0,409.83,0.0,Returned
ORD-10855,ORD-10855-1,20240721,CUST-0113,PROD-0002,ST-002,3,33460.0,0.1,90342.0,61083.33,0.0,Completed
ORD-10855,ORD-10855-2,20240721,CUST-0113,PROD-0021,ST-002,1,2610.0,0.05,2479.5,1698.88,0.0,Completed
ORD-10856,ORD-10856-1,20230408,CUST-0087,PROD-0075,ST-008,1,2610.0,0.1,2349.0,1654.39,0.0,Cancelled
ORD-10856,ORD-10856-2,20230408,CUST-0087,PROD-0010,ST-008,1,16340.0,0.2,13072.0,11300.17,0.0,Cancelled
ORD-10857,ORD-10857-1,20240913,CUST-0049,PROD-0049,ST-008,4,3260.0,0.05,12388.0,7367.08,0.0,Completed
ORD-10858,ORD-10858-1,20240901,CUST-0033,PROD-0021,ST-003,1,2610.0,0.05,2479.5,1698.88,0.0,Completed
ORD-10859,ORD-10859-1,20240814,CUST-0051,PROD-0039,ST-001,1,10260.0,0.0,10260.0,6354.22,0.0,Completed
ORD-10859,ORD-10859-2,20240814,CUST-0051,PROD-0080,ST-001,2,1260.0,0.0,2520.0,1537.84,0.0,Completed
ORD-10860,ORD-10860-1,20240327,CUST-0191,PROD-0075,ST-000,2,2610.0,0.1,4698.0,3308.78,121.47,Completed
ORD-10861,ORD-10861-1,20240116,CUST-0013,PROD-0030,ST-002,1,3060.0,0.0,3060.0,1764.66,0.0,Completed
ORD-10861,ORD-10861-2,20240116,CUST-0013,PROD-0041,ST-002,2,11810.0,0.1,21258.0,14582.82,0.0,Completed
ORD-10862,ORD-10862-1,20241019,CUST-0140,PROD-0080,ST-003,1,1260.0,0.0,1260.0,768.92,0.0,Completed
ORD-10862,ORD-10862-2,20241019,CUST-0140,PROD-0033,ST-003,2,6880.0,0.0,13760.0,8900.94,0.0,Completed
ORD-10862,ORD-10862-3,20241019,CUST-0140,PROD-0048,ST-003,2,10690.0,0.0,21380.0,11269.6,0.0,Completed
ORD-10863,ORD-10863-1,20230530,CUST-0115,PROD-0009,ST-012,3,23630.0,0.0,70890.0,43439.64,0.0,Cancelled
ORD-10864,ORD-10864-1,20241226,CUST-0057,PROD-0007,ST-008,1,36360.0,0.2,29088.0,25478.18,0.0,Completed
ORD-10865,ORD-10865-1,20230906,CUST-0145,PROD-0067,ST-000,1,1970.0,0.0,1970.0,1102.52,48.47,Cancelled
ORD-10865,ORD-10865-2,20230906,CUST-0145,PROD-0033,ST-000,1,6880.0,0.05,6536.0,4450.47,38.94,Cancelled
ORD-10866,ORD-10866-1,20230327,CUST-0105,PROD-0050,ST-014,2,4290.0,0.0,8580.0,6107.62,0.0,Returned
ORD-10867,ORD-10867-1,20240521,CUST-0056,PROD-0053,ST-012,2,12030.0,0.0,24060.0,15452.62,0.0,Returned
ORD-10868,ORD-10868-1,20240902,CUST-0154,PROD-0007,ST-004,1,36360.0,0.05,34542.0,25478.18,0.0,Completed
ORD-10869,ORD-10869-1,20240307,CUST-0037,PROD-0051,ST-009,1,12350.0,0.0,12350.0,7189.83,0.0,Cancelled
ORD-10870,ORD-10870-1,20240912,CUST-0185,PROD-0033,ST-006,1,6880.0,0.0,6880.0,4450.47,0.0,Completed
ORD-10871,ORD-10871-1,20231013,CUST-0064,PROD-0068,ST-000,1,1450.0,0.0,1450.0,785.71,48.72,Completed
ORD-10871,ORD-10871-2,20231013,CUST-0064,PROD-0001,ST-000,1,4530.0,0.2,3624.0,2426.12,74.87,Completed
ORD-10872,ORD-10872-1,20240623,CUST-0162,PROD-0044,ST-003,1,7910.0,0.0,7910.0,4298.09,0.0,Completed
ORD-10872,ORD-10872-2,20240623,CUST-0162,PROD-0074,ST-003,2,1630.0,0.05,3097.0,2077.24,0.0,Completed
ORD-10873,ORD-10873-1,20231021,CUST-0155,PROD-0022,ST-011,1,4390.0,0.0,4390.0,2634.19,0.0,Completed
ORD-10873,ORD-10873-2,20231021,CUST-0155,PROD-0078,ST-011,1,1020.0,0.2,816.0,599.08,0.0,Completed
ORD-10874,ORD-10874-1,20241018,CUST-0023,PROD-0076,ST-014,1,250.0,0.15,212.5,141.67,0.0,Completed
ORD-10875,ORD-10875-1,20241019,CUST-0124,PROD-0009,ST-001,2,23630.0,0.0,47260.0,28959.76,0.0,Completed
ORD-10876,ORD-10876-1,20231020,CUST-0130,PROD-0048,ST-000,2,10690.0,0.0,21380.0,11269.6,20.2,Completed
ORD-10877,ORD-10877-1,20230327,CUST-0151,PROD-0020,ST-011,1,1850.0,0.0,1850.0,1131.44,0.0,Completed
ORD-10878,ORD-10878-1,20241218,CUST-0191,PROD-0077,ST-007,1,1240.0,0.15,1054.0,714.48,0.0,Completed
ORD-10879,ORD-10879-1,20230914,CUST-0147,PROD-0030,ST-004,1,3060.0,0.0,3060.0,1764.66,0.0,Completed
ORD-10880,ORD-10880-1,20241117,CUST-0168,PROD-0068,ST-013,2,1450.0,0.2,2320.0,1571.42,0.0,Completed
ORD-10881,ORD-10881-1,20231223,CUST-0165,PROD-0012,ST-004,2,51760.0,0.0,103520.0,51965.66,0.0,Completed
ORD-10882,ORD-10882-1,20230415,CUST-0170,PROD-0025,ST-013,3,1120.0,0.1,3024.0,1853.4,0.0,Cancelled
ORD-10883,ORD-10883-1,20230320,CUST-0187,PROD-0061,ST-001,2,9200.0,0.1,16560.0,11935.8,0.0,Completed
ORD-10884,ORD-10884-1,20240608,CUST-0160,PROD-0021,ST-006,1,2610.0,0.15,2218.5,1698.88,0.0,Completed
ORD-10885,ORD-10885-1,20240323,CUST-0059,PROD-0041,ST-015,2,11810.0,0.0,23620.0,14582.82,0.0,Returned
ORD-10886,ORD-10886-1,20240303,CUST-0069,PROD-0062,ST-002,2,10930.0,0.0,21860.0,14260.06,0.0,Completed
ORD-10886,ORD-10886-2,20240303,CUST-0069,PROD-0048,ST-002,1,10690.0,0.2,8552.0,5634.8,0.0,Completed
ORD-10887,ORD-10887-1,20231227,CUST-0033,PROD-0063,ST-011,1,9290.0,0.0,9290.0,5334.22,0.0,Returned
ORD-10888,ORD-10888-1,20240610,CUST-0120,PROD-0071,ST-007,2,430.0,0.0,860.0,515.22,0.0,Completed
ORD-10888,ORD-10888-2,20240610,CUST-0120,PROD-0056,ST-007,2,12260.0,0.0,24520.0,16395.64,0.0,Completed
ORD-10889,ORD-10889-1,20230413,CUST-0193,PROD-0010,ST-000,1,16340.0,0.0,16340.0,11300.17,54.91,Completed
ORD-10889,ORD-10889-2,20230413,CUST-0193,PROD-0071,ST-000,2,430.0,0.0,860.0,515.22,101.62,Completed
ORD-10890,ORD-10890-1,20231226,CUST-0148,PROD-0018,ST-007,2,660.0,0.1,1188.0,814.26,0.0,Completed
ORD-10891,ORD-10891-1,20241223,CUST-0067,PROD-0003,ST-004,2,6190.0,0.15,10523.0,6273.48,0.0,Completed
ORD-10891,ORD-10891-2,20241223,CUST-0067,PROD-0006,ST-004,2,30230.0,0.0,60460.0,41847.58,0.0,Completed
ORD-10892,ORD-10892-1,20241003,CUST-0151,PROD-0044,ST-009,3,7910.0,0.1,21357.0,12894.27,0.0,Completed
ORD-10893,ORD-10893-1,20240620,CUST-0101,PROD-0017,ST-000,1,3090.0,0.0,3090.0,2135.25,98.86,Completed
ORD-10894,ORD-10894-1,20241009,CUST-0127,PROD-0010,ST-001,1,16340.0,0.0,16340.0,11300.17,0.0,Cancelled
ORD-10895,ORD-10895-1,20240821,CUST-0021,PROD-0039,ST-005,1,10260.0,0.0,10260.0,6354.22,0.0,Returned
ORD-10895,ORD-10895-2,20240821,CUST-0021,PROD-0027,ST-005,2,1520.0,0.0,3040.0,2075.7,0.0,Returned
ORD-10896,ORD-10896-1,20231003,CUST-0199,PROD-0070,ST-013,1,1750.0,0.0,1750.0,1243.69,0.0,Completed
ORD-10897,ORD-10897-1,20230221,CUST-0044,PROD-0025,ST-007,2,1120.0,0.0,2240.0,1235.6,0.0,Completed
ORD-10898,ORD-10898-1,20230329,CUST-0178,PROD-0073,ST-014,1,2250.0,0.0,2250.0,1505.46,0.0,Completed
ORD-10899,ORD-10899-1,20230815,CUST-0037,PROD-0058,ST-013,2,3720.0,0.05,7068.0,3876.66,0.0,Completed
ORD-10900,ORD-10900-1,20240317,CUST-0165,PROD-0073,ST-003,1,2250.0,0.05,2137.5,1505.46,0.0,Completed
ORD-10901,ORD-10901-1,20231127,CUST-0197,PROD-0022,ST-004,1,4390.0,0.05,4170.5,2634.19,0.0,Completed
ORD-10901,ORD-10901-2,20231127,CUST-0197,PROD-0070,ST-004,2,1750.0,0.0,3500.0,2487.38,0.0,Completed
ORD-10902,ORD-10902-1,20241128,CUST-0019,PROD-0037,ST-014,1,11140.0,0.1,10026.0,6659.18,0.0,Completed
ORD-10903,ORD-10903-1,20230718,CUST-0149,PROD-0063,ST-000,2,9290.0,0.0,18580.0,10668.44,42.81,Completed
ORD-10904,ORD-10904-1,20230411,CUST-0166,PROD-0039,ST-010,1,10260.0,0.0,10260.0,6354.22,0.0,Completed
ORD-10905,ORD-10905-1,20230518,CUST-0006,PROD-0041,ST-011,1,11810.0,0.2,9448.0,7291.41,0.0,Completed
ORD-10905,ORD-10905-2,20230518,CUST-0006,PROD-0003,ST-011,1,6190.0,0.0,6190.0,3136.74,0.0,Completed
ORD-10905,ORD-10905-3,20230518,CUST-0006,PROD-0021,ST-011,2,2610.0,0.0,5220.0,3397.76,0.0,Completed
ORD-10906,ORD-10906-1,20240319,CUST-0033,PROD-0013,ST-010,1,15750.0,0.05,14962.5,8688.15,0.0,Returned
ORD-10907,ORD-10907-1,20230421,CUST-0063,PROD-0063,ST-006,3,9290.0,0.0,27870.0,16002.66,0.0,Cancelled
ORD-10908,ORD-10908-1,20240928,CUST-0156,PROD-0051,ST-002,1,12350.0,0.0,12350.0,7189.83,0.0,Returned
ORD-10909,ORD-10909-1,20240901,CUST-0018,PROD-0005,ST-000,1,33510.0,0.2,26808.0,20544.28,130.31,Completed
ORD-10909,ORD-10909-2,20240901,CUST-0018,PROD-0037,ST-000,1,11140.0,0.0,11140.0,6659.18,86.0,Completed
ORD-10910,ORD-10910-1,20231009,CUST-0062,PROD-0017,ST-012,1,3090.0,0.0,3090.0,2135.25,0.0,Cancelled
ORD-10910,ORD-10910-2,20231009,CUST-0062,PROD-0066,ST-012,1,1630.0,0.0,1630.0,839.25,0.0,Cancelled
ORD-10911,ORD-10911-1,20230907,CUST-0126,PROD-0079,ST-014,1,1620.0,0.05,1539.0,1137.67,0.0,Completed
ORD-10912,ORD-10912-1,20230423,CUST-0142,PROD-0024,ST-000,2,1330.0,0.0,2660.0,1724.1,25.25,Cancelled
ORD-10912,ORD-10912-2,20230423,CUST-0142,PROD-0030,ST-000,1,3060.0,0.15,2601.0,1764.66,48.97,Cancelled
ORD-10913,ORD-10913-1,20240413,CUST-0194,PROD-0049,ST-009,3,3260.0,0.0,9780.0,5525.31,0.0,Completed
ORD-10914,ORD-10914-1,20240217,CUST-0052,PROD-0072,ST-009,1,2790.0,0.0,2790.0,1539.02,0.0,Completed
ORD-10915,ORD-10915-1,20230703,CUST-0109,PROD-0033,ST-003,1,6880.0,0.0,6880.0,4450.47,0.0,Completed
ORD-10916,ORD-10916-1,20231023,CUST-0118,PROD-0064,ST-003,1,4410.0,0.0,4410.0,2831.06,0.0,Returned
ORD-10917,ORD-10917-1,20240113,CUST-0084,PROD-0016,ST-015,2,22690.0,0.05,43111.0,28016.36,0.0,Completed
ORD-10917,ORD-10917-2,20240113,CUST-0084,PROD-0021,ST-015,1,2610.0,0.0,2610.0,1698.88,0.0,Completed
ORD-10918,ORD-10918-1,20240407,CUST-0069,PROD-0063,ST-007,1,9290.0,0.0,9290.0,5334.22,0.0,Completed
ORD-10919,ORD-10919-1,20241115,CUST-0069,PROD-0033,ST-008,2,6880.0,0.05,13072.0,8900.94,0.0,Completed
ORD-10919,ORD-10919-2,20241115,CUST-0069,PROD-0067,ST-008,2,1970.0,0.0,3940.0,2205.04,0.0,Completed
ORD-10920,ORD-10920-1,20240725,CUST-0119,PROD-0057,ST-010,2,9050.0,0.05,17195.0,9719.04,0.0,Completed
ORD-10921,ORD-10921-1,20230614,CUST-0021,PROD-0010,ST-009,1,16340.0,0.15,13889.0,11300.17,0.0,Completed
ORD-10922,ORD-10922-1,20240503,CUST-0018,PROD-0003,ST-009,1,6190.0,0.0,6190.0,3136.74,0.0,Cancelled
ORD-10922,ORD-10922-2,20240503,CUST-0018,PROD-0043,ST-009,2,650.0,0.0,1300.0,835.18,0.0,Cancelled
ORD-10923,ORD-10923-1,20230630,CUST-0180,PROD-0010,ST-009,2,16340.0,0.15,27778.0,22600.34,0.0,Returned
ORD-10924,ORD-10924-1,20240222,CUST-0017,PROD-0029,ST-005,2,1390.0,0.0,2780.0,1792.98,0.0,Completed
ORD-10925,ORD-10925-1,20230502,CUST-0179,PROD-0009,ST-009,1,23630.0,0.0,23630.0,14479.88,0.0,Completed
ORD-10926,ORD-10926-1,20240720,CUST-0076,PROD-0010,ST-007,2,16340.0,0.05,31046.0,22600.34,0.0,Completed
ORD-10927,ORD-10927-1,20240825,CUST-0006,PROD-0037,ST-014,1,11140.0,0.0,11140.0,6659.18,0.0,Completed
ORD-10927,ORD-10927-2,20240825,CUST-0006,PROD-0002,ST-014,2,33460.0,0.0,66920.0,40722.22,0.0,Completed
ORD-10928,ORD-10928-1,20241223,CUST-0125,PROD-0077,ST-011,1,1240.0,0.0,1240.0,714.48,0.0,Completed
ORD-10929,ORD-10929-1,20241030,CUST-0082,PROD-0080,ST-007,2,1260.0,0.0,2520.0,1537.84,0.0,Completed
ORD-10930,ORD-10930-1,20241122,CUST-0192,PROD-0066,ST-001,2,1630.0,0.15,2771.0,1678.5,0.0,Completed
ORD-10931,ORD-10931-1,20241021,CUST-0194,PROD-0056,ST-008,3,12260.0,0.15,31263.0,24593.46,0.0,Completed
ORD-10931,ORD-10931-2,20241021,CUST-0194,PROD-0058,ST-008,2,3720.0,0.0,7440.0,3876.66,0.0,Completed
ORD-10931,ORD-10931-3,20241021,CUST-0194,PROD-0027,ST-008,1,1520.0,0.0,1520.0,1037.85,0.0,Completed
ORD-10932,ORD-10932-1,20240718,CUST-0172,PROD-0044,ST-012,1,7910.0,0.05,7514.5,4298.09,0.0,Returned
ORD-10933,ORD-10933-1,20231125,CUST-0119,PROD-0075,ST-007,1,2610.0,0.1,2349.0,1654.39,0.0,Returned
ORD-10934,ORD-10934-1,20240516,CUST-0165,PROD-0006,ST-003,2,30230.0,0.0,60460.0,41847.58,0.0,Completed
ORD-10935,ORD-10935-1,20231004,CUST-0117,PROD-0060,ST-013,1,9700.0,0.0,9700.0,4974.74,0.0,Completed
ORD-10935,ORD-10935-2,20231004,CUST-0117,PROD-0026,ST-013,2,3440.0,0.0,6880.0,4921.26,0.0,Completed
ORD-10936,ORD-10936-1,20240810,CUST-0170,PROD-0004,ST-005,1,26120.0,0.0,26120.0,17922.86,0.0,Returned
ORD-10937,ORD-10937-1,20240413,CUST-0014,PROD-0024,ST-012,1,1330.0,0.0,1330.0,862.05,0.0,Completed
ORD-10938,ORD-10938-1,20230905,CUST-0153,PROD-0049,ST-012,1,3260.0,0.0,3260.0,1841.77,0.0,Completed
ORD-10939,ORD-10939-1,20230718,CUST-0028,PROD-0022,ST-005,3,4390.0,0.0,13170.0,7902.57,0.0,Completed
ORD-10940,ORD-10940-1,20231227,CUST-0157,PROD-0008,ST-000,4,15680.0,0.2,50176.0,42067.56,120.88,Completed
ORD-10940,ORD-10940-2,20231227,CUST-0157,PROD-0057,ST-000,2,9050.0,0.2,14480.0,9719.04,140.57,Completed
ORD-10941,ORD-10941-1,20240420,CUST-0159,PROD-0034,ST-001,4,17620.0,0.0,70480.0,40158.32,0.0,Returned
ORD-10941,ORD-10941-2,20240420,CUST-0159,PROD-0003,ST-001,2,6190.0,0.05,11761.0,6273.48,0.0,Returned
ORD-10942,ORD-10942-1,20240703,CUST-0021,PROD-0005,ST-014,2,33510.0,0.1,60318.0,41088.56,0.0,Completed
ORD-10943,ORD-10943-1,20240429,CUST-0080,PROD-0005,ST-010,1,33510.0,0.0,33510.0,20544.28,0.0,Completed
ORD-10944,ORD-10944-1,20240323,CUST-0118,PROD-0045,ST-000,1,9970.0,0.0,9970.0,5548.21,25.45,Returned
ORD-10945,ORD-10945-1,20241203,CUST-0070,PROD-0073,ST-000,3,2250.0,0.0,6750.0,4516.38,104.5,Cancelled
ORD-10945,ORD-10945-2,20241203,CUST-0070,PROD-0025,ST-000,1,1120.0,0.0,1120.0,617.8,132.7,Cancelled
ORD-10946,ORD-10946-1,20240513,CUST-0138,PROD-0069,ST-008,1,1180.0,0.0,1180.0,848.43,0.0,Completed
ORD-10947,ORD-10947-1,20241006,CUST-0137,PROD-0023,ST-011,1,2850.0,0.0,2850.0,1503.84,0.0,Returned
ORD-10948,ORD-10948-1,20230912,CUST-0160,PROD-0061,ST-011,1,9200.0,0.1,8280.0,5967.9,0.0,Completed
ORD-10949,ORD-10949-1,20230114,CUST-0087,PROD-0054,ST-000,1,12690.0,0.0,12690.0,8857.68,81.75,Completed
ORD-10950,ORD-10950-1,20240710,CUST-0179,PROD-0033,ST-012,1,6880.0,0.05,6536.0,4450.47,0.0,Cancelled
ORD-10951,ORD-10951-1,20230629,CUST-0099,PROD-0070,ST-010,2,1750.0,0.05,3325.0,2487.38,0.0,Cancelled
ORD-10951,ORD-10951-2,20230629,CUST-0099,PROD-0073,ST-010,1,2250.0,0.05,2137.5,1505.46,0.0,Cancelled
ORD-10952,ORD-10952-1,20230203,CUST-0158,PROD-0054,ST-000,2,12690.0,0.0,25380.0,17715.36,91.86,Returned
ORD-10953,ORD-10953-1,20231116,CUST-0003,PROD-0054,ST-012,2,12690.0,0.0,25380.0,17715.36,0.0,Cancelled
ORD-10953,ORD-10953-2,20231116,CUST-0003,PROD-0004,ST-012,1,26120.0,0.2,20896.0,17922.86,0.0,Cancelled
ORD-10954,ORD-10954-1,20231028,CUST-0147,PROD-0070,ST-011,1,1750.0,0.0,1750.0,1243.69,0.0,Completed
ORD-10955,ORD-10955-1,20240629,CUST-0124,PROD-0059,ST-006,2,9340.0,0.0,18680.0,11586.7,0.0,Returned
ORD-10956,ORD-10956-1,20241111,CUST-0029,PROD-0050,ST-002,2,4290.0,0.0,8580.0,6107.62,0.0,Cancelled
ORD-10957,ORD-10957-1,20241030,CUST-0093,PROD-0062,ST-007,1,10930.0,0.0,10930.0,7130.03,0.0,Completed
ORD-10958,ORD-10958-1,20240317,CUST-0116,PROD-0017,ST-014,1,3090.0,0.0,3090.0,2135.25,0.0,Completed
ORD-10959,ORD-10959-1,20241022,CUST-0005,PROD-0047,ST-005,1,12400.0,0.05,11780.0,8153.66,0.0,Cancelled
ORD-10959,ORD-10959-2,20241022,CUST-0005,PROD-0014,ST-005,2,21550.0,0.0,43100.0,29409.48,0.0,Cancelled
ORD-10960,ORD-10960-1,20230819,CUST-0008,PROD-0010,ST-009,2,16340.0,0.0,32680.0,22600.34,0.0,Completed
ORD-10961,ORD-10961-1,20230109,CUST-0155,PROD-0057,ST-014,2,9050.0,0.0,18100.0,9719.04,0.0,Completed
ORD-10962,ORD-10962-1,20240707,CUST-0156,PROD-0064,ST-000,4,4410.0,0.0,17640.0,11324.24,92.03,Completed
ORD-10963,ORD-10963-1,20241209,CUST-0176,PROD-0022,ST-013,3,4390.0,0.1,11853.0,7902.57,0.0,Returned
ORD-10964,ORD-10964-1,20241112,CUST-0056,PROD-0070,ST-000,3,1750.0,0.0,5250.0,3731.07,130.28,Completed
ORD-10965,ORD-10965-1,20240916,CUST-0013,PROD-0080,ST-009,1,1260.0,0.15,1071.0,768.92,0.0,Completed
ORD-10966,ORD-10966-1,20241103,CUST-0062,PROD-0073,ST-000,1,2250.0,0.0,2250.0,1505.46,114.22,Completed
ORD-10966,ORD-10966-2,20241103,CUST-0062,PROD-0057,ST-000,1,9050.0,0.0,9050.0,4859.52,73.82,Completed
ORD-10966,ORD-10966-3,20241103,CUST-0062,PROD-0008,ST-000,1,15680.0,0.05,14896.0,10516.89,110.11,Completed
ORD-10967,ORD-10967-1,20240717,CUST-0014,PROD-0030,ST-011,1,3060.0,0.2,2448.0,1764.66,0.0,Completed
ORD-10968,ORD-10968-1,20231015,CUST-0090,PROD-0003,ST-010,1,6190.0,0.05,5880.5,3136.74,0.0,Completed
ORD-10968,ORD-10968-2,20231015,CUST-0090,PROD-0070,ST-010,1,1750.0,0.15,1487.5,1243.69,0.0,Completed
ORD-10968,ORD-10968-3,20231015,CUST-0090,PROD-0061,ST-010,1,9200.0,0.0,9200.0,5967.9,0.0,Completed
ORD-10969,ORD-10969-1,20241013,CUST-0015,PROD-0007,ST-009,1,36360.0,0.0,36360.0,25478.18,0.0,Completed
ORD-10969,ORD-10969-2,20241013,CUST-0015,PROD-0063,ST-009,4,9290.0,0.2,29728.0,21336.88,0.0,Completed
ORD-10970,ORD-10970-1,20240213,CUST-0089,PROD-0019,ST-006,4,3340.0,0.05,12692.0,7340.44,0.0,Returned
ORD-10971,ORD-10971-1,20231128,CUST-0129,PROD-0059,ST-003,1,9340.0,0.2,7472.0,5793.35,0.0,Completed
ORD-10972,ORD-10972-1,20240531,CUST-0149,PROD-0037,ST-007,1,11140.0,0.0,11140.0,6659.18,0.0,Completed
ORD-10972,ORD-10972-2,20240531,CUST-0149,PROD-0060,ST-007,2,9700.0,0.0,19400.0,9949.48,0.0,Completed
ORD-10973,ORD-10973-1,20240527,CUST-0139,PROD-0010,ST-005,3,16340.0,0.1,44118.0,33900.51,0.0,Completed
ORD-10973,ORD-10973-2,20240527,CUST-0139,PROD-0059,ST-005,1,9340.0,0.0,9340.0,5793.35,0.0,Completed
ORD-10974,ORD-10974-1,20240524,CUST-0174,PROD-0046,ST-010,2,18630.0,0.0,37260.0,22993.04,0.0,Completed
ORD-10975,ORD-10975-1,20240920,CUST-0109,PROD-0057,ST-005,1,9050.0,0.0,9050.0,4859.52,0.0,Cancelled
ORD-10976,ORD-10976-1,20231021,CUST-0119,PROD-0059,ST-015,1,9340.0,0.1,8406.0,5793.35,0.0,Completed
ORD-10977,ORD-10977-1,20230115,CUST-0177,PROD-0071,ST-000,4,430.0,0.15,1462.0,1030.44,104.03,Completed
ORD-10977,ORD-10977-2,20230115,CUST-0177,PROD-0062,ST-000,1,10930.0,0.0,10930.0,7130.03,25.34,Completed
ORD-10978,ORD-10978-1,20230822,CUST-0189,PROD-0006,ST-012,2,30230.0,0.0,60460.0,41847.58,0.0,Completed
ORD-10978,ORD-10978-2,20230822,CUST-0189,PROD-0040,ST-012,1,9840.0,0.0,9840.0,4975.51,0.0,Completed
ORD-10979,ORD-10979-1,20231221,CUST-0144,PROD-0024,ST-002,1,1330.0,0.0,1330.0,862.05,0.0,Completed
ORD-10979,ORD-10979-2,20231221,CUST-0144,PROD-0014,ST-002,1,21550.0,0.0,21550.0,14704.74,0.0,Completed
ORD-10980,ORD-10980-1,20230923,CUST-0081,PROD-0058,ST-001,4,3720.0,0.0,14880.0,7753.32,0.0,Cancelled
ORD-10981,ORD-10981-1,20230319,CUST-0005,PROD-0035,ST-013,2,11120.0,0.05,21128.0,11148.18,0.0,Completed
ORD-10982,ORD-10982-1,20240514,CUST-0098,PROD-0074,ST-002,1,1630.0,0.1,1467.0,1038.62,0.0,Completed
ORD-10983,ORD-10983-1,20230214,CUST-0143,PROD-0050,ST-008,1,4290.0,0.0,4290.0,3053.81,0.0,Completed
ORD-10983,ORD-10983-2,20230214,CUST-0143,PROD-0025,ST-008,1,1120.0,0.0,1120.0,617.8,0.0,Completed
ORD-10984,ORD-10984-1,20240418,CUST-0074,PROD-0070,ST-002,1,1750.0,0.05,1662.5,1243.69,0.0,Completed
ORD-10985,ORD-10985-1,20230911,CUST-0116,PROD-0065,ST-005,3,1070.0,0.0,3210.0,1765.05,0.0,Cancelled
ORD-10985,ORD-10985-2,20230911,CUST-0116,PROD-0077,ST-005,2,1240.0,0.1,2232.0,1428.96,0.0,Cancelled
ORD-10986,ORD-10986-1,20230507,CUST-0089,PROD-0026,ST-004,2,3440.0,0.0,6880.0,4921.26,0.0,Returned
ORD-10986,ORD-10986-2,20230507,CUST-0089,PROD-0024,ST-004,1,1330.0,0.0,1330.0,862.05,0.0,Returned
ORD-10987,ORD-10987-1,20240513,CUST-0188,PROD-0016,ST-005,2,22690.0,0.0,45380.0,28016.36,0.0,Completed
ORD-10988,ORD-10988-1,20241214,CUST-0029,PROD-0047,ST-011,1,12400.0,0.2,9920.0,8153.66,0.0,Completed
ORD-10989,ORD-10989-1,20230423,CUST-0077,PROD-0011,ST-005,1,36390.0,0.0,36390.0,19504.14,0.0,Cancelled
ORD-10989,ORD-10989-2,20230423,CUST-0077,PROD-0056,ST-005,1,12260.0,0.05,11647.0,8197.82,0.0,Cancelled
ORD-10989,ORD-10989-3,20230423,CUST-0077,PROD-0060,ST-005,1,9700.0,0.05,9215.0,4974.74,0.0,Cancelled
ORD-10990,ORD-10990-1,20240707,CUST-0017,PROD-0056,ST-000,2,12260.0,0.05,23294.0,16395.64,100.47,Completed
ORD-10991,ORD-10991-1,20230207,CUST-0127,PROD-0074,ST-015,1,1630.0,0.05,1548.5,1038.62,0.0,Completed
ORD-10991,ORD-10991-2,20230207,CUST-0127,PROD-0054,ST-015,1,12690.0,0.0,12690.0,8857.68,0.0,Completed
ORD-10992,ORD-10992-1,20231107,CUST-0135,PROD-0066,ST-013,1,1630.0,0.0,1630.0,839.25,0.0,Completed
ORD-10992,ORD-10992-2,20231107,CUST-0135,PROD-0005,ST-013,1,33510.0,0.0,33510.0,20544.28,0.0,Completed
ORD-10993,ORD-10993-1,20241124,CUST-0008,PROD-0029,ST-014,1,1390.0,0.15,1181.5,896.49,0.0,Completed
ORD-10994,ORD-10994-1,20240806,CUST-0147,PROD-0028,ST-003,1,920.0,0.0,920.0,621.01,0.0,Completed
ORD-10995,ORD-10995-1,20230330,CUST-0119,PROD-0043,ST-000,3,650.0,0.0,1950.0,1252.77,131.79,Completed
ORD-10996,ORD-10996-1,20231130,CUST-0194,PROD-0041,ST-009,1,11810.0,0.05,11219.5,7291.41,0.0,Returned
ORD-10996,ORD-10996-2,20231130,CUST-0194,PROD-0009,ST-009,1,23630.0,0.0,23630.0,14479.88,0.0,Returned
ORD-10997,ORD-10997-1,20230503,CUST-0032,PROD-0046,ST-012,1,18630.0,0.1,16767.0,11496.52,0.0,Returned
ORD-10997,ORD-10997-2,20230503,CUST-0032,PROD-0073,ST-012,1,2250.0,0.05,2137.5,1505.46,0.0,Returned
ORD-10998,ORD-10998-1,20241101,CUST-0074,PROD-0061,ST-012,1,9200.0,0.0,9200.0,5967.9,0.0,Completed
ORD-10998,ORD-10998-2,20241101,CUST-0074,PROD-0080,ST-012,2,1260.0,0.05,2394.0,1537.84,0.0,Completed
ORD-10999,ORD-10999-1,20230407,CUST-0029,PROD-0009,ST-009,1,23630.0,0.2,18904.0,14479.88,0.0,Completed
ORD-11000,ORD-11000-1,20241218,CUST-0142,PROD-0016,ST-004,2,22690.0,0.0,45380.0,28016.36,0.0,Completed
ORD-11000,ORD-11000-2,20241218,CUST-0142,PROD-0028,ST-004,1,920.0,0.0,920.0,621.01,0.0,Completed
ORD-11001,ORD-11001-1,20231027,CUST-0064,PROD-0001,ST-013,1,4530.0,0.0,4530.0,2426.12,0.0,Completed
ORD-11002,ORD-11002-1,20230602,CUST-0033,PROD-0046,ST-007,1,18630.0,0.15,15835.5,11496.52,0.0,Completed
ORD-11003,ORD-11003-1,20240614,CUST-0143,PROD-0080,ST-010,1,1260.0,0.05,1197.0,768.92,0.0,Completed
ORD-11003,ORD-11003-2,20240614,CUST-0143,PROD-0004,ST-010,1,26120.0,0.0,26120.0,17922.86,0.0,Completed
ORD-11004,ORD-11004-1,20240312,CUST-0142,PROD-0066,ST-012,1,1630.0,0.1,1467.0,839.25,0.0,Returned
ORD-11005,ORD-11005-1,20231129,CUST-0068,PROD-0050,ST-008,2,4290.0,0.0,8580.0,6107.62,0.0,Completed
ORD-11005,ORD-11005-2,20231129,CUST-0068,PROD-0076,ST-008,1,250.0,0.1,225.0,141.67,0.0,Completed
ORD-11006,ORD-11006-1,20231106,CUST-0188,PROD-0012,ST-012,1,51760.0,0.0,51760.0,25982.83,0.0,Completed
ORD-11007,ORD-11007-1,20230401,CUST-0063,PROD-0027,ST-003,4,1520.0,0.05,5776.0,4151.4,0.0,Completed
ORD-11007,ORD-11007-2,20230401,CUST-0063,PROD-0068,ST-003,1,1450.0,0.0,1450.0,785.71,0.0,Completed
ORD-11008,ORD-11008-1,20240828,CUST-0096,PROD-0055,ST-003,2,11840.0,0.0,23680.0,13271.62,0.0,Returned
ORD-11009,ORD-11009-1,20231114,CUST-0056,PROD-0018,ST-013,1,660.0,0.2,528.0,407.13,0.0,Cancelled
ORD-11010,ORD-11010-1,20240804,CUST-0068,PROD-0078,ST-005,2,1020.0,0.1,1836.0,1198.16,0.0,Cancelled
ORD-11010,ORD-11010-2,20240804,CUST-0068,PROD-0001,ST-005,1,4530.0,0.05,4303.5,2426.12,0.0,Cancelled
ORD-11011,ORD-11011-1,20240119,CUST-0159,PROD-0022,ST-000,3,4390.0,0.0,13170.0,7902.57,34.45,Completed
ORD-11012,ORD-11012-1,20240822,CUST-0040,PROD-0076,ST-000,1,250.0,0.0,250.0,141.67,47.8,Completed
ORD-11013,ORD-11013-1,20240706,CUST-0047,PROD-0016,ST-012,1,22690.0,0.0,22690.0,14008.18,0.0,Returned
ORD-11013,ORD-11013-2,20240706,CUST-0047,PROD-0055,ST-012,1,11840.0,0.1,10656.0,6635.81,0.0,Returned
ORD-11013,ORD-11013-3,20240706,CUST-0047,PROD-0048,ST-012,1,10690.0,0.0,10690.0,5634.8,0.0,Returned
ORD-11014,ORD-11014-1,20240217,CUST-0125,PROD-0060,ST-005,1,9700.0,0.0,9700.0,4974.74,0.0,Cancelled
ORD-11014,ORD-11014-2,20240217,CUST-0125,PROD-0080,ST-005,2,1260.0,0.0,2520.0,1537.84,0.0,Cancelled
ORD-11015,ORD-11015-1,20241009,CUST-0093,PROD-0062,ST-000,1,10930.0,0.05,10383.5,7130.03,76.28,Returned
ORD-11016,ORD-11016-1,20230916,CUST-0043,PROD-0002,ST-015,2,33460.0,0.05,63574.0,40722.22,0.0,Returned
ORD-11017,ORD-11017-1,20241116,CUST-0074,PROD-0016,ST-005,3,22690.0,0.0,68070.0,42024.54,0.0,Cancelled
ORD-11017,ORD-11017-2,20241116,CUST-0074,PROD-0040,ST-005,2,9840.0,0.05,18696.0,9951.02,0.0,Cancelled
ORD-11017,ORD-11017-3,20241116,CUST-0074,PROD-0031,ST-005,4,4390.0,0.0,17560.0,12617.44,0.0,Cancelled
ORD-11018,ORD-11018-1,20231112,CUST-0033,PROD-0072,ST-005,1,2790.0,0.1,2511.0,1539.02,0.0,Completed
ORD-11018,ORD-11018-2,20231112,CUST-0033,PROD-0003,ST-005,2,6190.0,0.0,12380.0,6273.48,0.0,Completed
ORD-11019,ORD-11019-1,20240313,CUST-0019,PROD-0055,ST-005,1,11840.0,0.0,11840.0,6635.81,0.0,Completed
ORD-11019,ORD-11019-2,20240313,CUST-0019,PROD-0047,ST-005,2,12400.0,0.0,24800.0,16307.32,0.0,Completed
ORD-11020,ORD-11020-1,20230725,CUST-0034,PROD-0072,ST-002,2,2790.0,0.15,4743.0,3078.04,0.0,Completed
ORD-11021,ORD-11021-1,20231208,CUST-0002,PROD-0007,ST-000,1,36360.0,0.1,32724.0,25478.18,51.43,Cancelled
ORD-11022,ORD-11022-1,20230811,CUST-0005,PROD-0078,ST-000,2,1020.0,0.1,1836.0,1198.16,26.19,Cancelled
ORD-11023,ORD-11023-1,20230711,CUST-0034,PROD-0015,ST-005,1,42990.0,0.0,42990.0,23074.85,0.0,Cancelled
ORD-11023,ORD-11023-2,20230711,CUST-0034,PROD-0045,ST-005,1,9970.0,0.0,9970.0,5548.21,0.0,Cancelled
ORD-11024,ORD-11024-1,20231010,CUST-0058,PROD-0019,ST-010,2,3340.0,0.1,6012.0,3670.22,0.0,Completed
ORD-11025,ORD-11025-1,20241103,CUST-0014,PROD-0027,ST-013,1,1520.0,0.05,1444.0,1037.85,0.0,Completed
ORD-11026,ORD-11026-1,20241024,CUST-0195,PROD-0021,ST-000,1,2610.0,0.1,2349.0,1698.88,115.63,Completed
ORD-11027,ORD-11027-1,20231231,CUST-0157,PROD-0060,ST-015,2,9700.0,0.0,19400.0,9949.48,0.0,Returned
ORD-11028,ORD-11028-1,20241113,CUST-0046,PROD-0046,ST-015,1,18630.0,0.0,18630.0,11496.52,0.0,Cancelled
ORD-11029,ORD-11029-1,20241002,CUST-0148,PROD-0018,ST-000,2,660.0,0.05,1254.0,814.26,143.11,Completed
ORD-11030,ORD-11030-1,20231003,CUST-0194,PROD-0063,ST-012,1,9290.0,0.1,8361.0,5334.22,0.0,Completed
ORD-11030,ORD-11030-2,20231003,CUST-0194,PROD-0002,ST-012,1,33460.0,0.1,30114.0,20361.11,0.0,Completed
ORD-11030,ORD-11030-3,20231003,CUST-0194,PROD-0079,ST-012,2,1620.0,0.05,3078.0,2275.34,0.0,Completed
ORD-11031,ORD-11031-1,20230816,CUST-0189,PROD-0010,ST-000,1,16340.0,0.0,16340.0,11300.17,99.36,Completed
ORD-11031,ORD-11031-2,20230816,CUST-0189,PROD-0065,ST-000,1,1070.0,0.1,963.0,588.35,64.93,Completed
ORD-11032,ORD-11032-1,20230111,CUST-0041,PROD-0069,ST-000,2,1180.0,0.2,1888.0,1696.86,108.58,Returned
ORD-11033,ORD-11033-1,20230220,CUST-0188,PROD-0078,ST-011,2,1020.0,0.0,2040.0,1198.16,0.0,Completed
ORD-11033,ORD-11033-2,20230220,CUST-0188,PROD-0068,ST-011,1,1450.0,0.0,1450.0,785.71,0.0,Completed
ORD-11034,ORD-11034-1,20240710,CUST-0110,PROD-0037,ST-000,2,11140.0,0.1,20052.0,13318.36,74.34,Cancelled
ORD-11034,ORD-11034-2,20240710,CUST-0110,PROD-0036,ST-000,1,14060.0,0.1,12654.0,8231.89,68.99,Cancelled
ORD-11035,ORD-11035-1,20231115,CUST-0070,PROD-0069,ST-010,4,1180.0,0.0,4720.0,3393.72,0.0,Completed
ORD-11035,ORD-11035-2,20231115,CUST-0070,PROD-0034,ST-010,3,17620.0,0.0,52860.0,30118.74,0.0,Completed
ORD-11036,ORD-11036-1,20241124,CUST-0052,PROD-0067,ST-006,1,1970.0,0.2,1576.0,1102.52,0.0,Returned
ORD-11036,ORD-11036-2,20241124,CUST-0052,PROD-0058,ST-006,1,3720.0,0.0,3720.0,1938.33,0.0,Returned
ORD-11036,ORD-11036-3,20241124,CUST-0052,PROD-0009,ST-006,1,23630.0,0.05,22448.5,14479.88,0.0,Returned
ORD-11037,ORD-11037-1,20231010,CUST-0184,PROD-0055,ST-000,3,11840.0,0.0,35520.0,19907.43,51.15,Completed
ORD-11038,ORD-11038-1,20231020,CUST-0161,PROD-0033,ST-009,4,6880.0,0.2,22016.0,17801.88,0.0,Completed
ORD-11039,ORD-11039-1,20231219,CUST-0153,PROD-0061,ST-000,2,9200.0,0.0,18400.0,11935.8,92.61,Cancelled
ORD-11040,ORD-11040-1,20230630,CUST-0045,PROD-0078,ST-015,4,1020.0,0.05,3876.0,2396.32,0.0,Completed
ORD-11041,ORD-11041-1,20230619,CUST-0045,PROD-0058,ST-011,1,3720.0,0.1,3348.0,1938.33,0.0,Completed
ORD-11042,ORD-11042-1,20231222,CUST-0007,PROD-0053,ST-012,2,12030.0,0.0,24060.0,15452.62,0.0,Completed
ORD-11042,ORD-11042-2,20231222,CUST-0007,PROD-0021,ST-012,3,2610.0,0.1,7047.0,5096.64,0.0,Completed
ORD-11043,ORD-11043-1,20230511,CUST-0014,PROD-0060,ST-000,1,9700.0,0.2,7760.0,4974.74,97.2,Completed
ORD-11044,ORD-11044-1,20230307,CUST-0093,PROD-0024,ST-000,1,1330.0,0.0,1330.0,862.05,110.84,Cancelled
ORD-11045,ORD-11045-1,20240519,CUST-0033,PROD-0050,ST-000,1,4290.0,0.15,3646.5,3053.81,99.36,Completed
ORD-11045,ORD-11045-2,20240519,CUST-0033,PROD-0020,ST-000,1,1850.0,0.05,1757.5,1131.44,84.89,Completed
ORD-11046,ORD-11046-1,20231218,CUST-0136,PROD-0066,ST-003,1,1630.0,0.0,1630.0,839.25,0.0,Completed
ORD-11047,ORD-11047-1,20230403,CUST-0125,PROD-0076,ST-000,1,250.0,0.0,250.0,141.67,22.05,Completed
ORD-11047,ORD-11047-2,20230403,CUST-0125,PROD-0080,ST-000,2,1260.0,0.15,2142.0,1537.84,43.88,Completed
ORD-11048,ORD-11048-1,20241128,CUST-0045,PROD-0008,ST-000,1,15680.0,0.05,14896.0,10516.89,36.38,Completed
ORD-11049,ORD-11049-1,20231016,CUST-0140,PROD-0005,ST-010,1,33510.0,0.15,28483.5,20544.28,0.0,Completed
ORD-11050,ORD-11050-1,20241209,CUST-0193,PROD-0020,ST-004,3,1850.0,0.05,5272.5,3394.32,0.0,Cancelled
ORD-11050,ORD-11050-2,20241209,CUST-0193,PROD-0078,ST-004,1,1020.0,0.0,1020.0,599.08,0.0,Cancelled
ORD-11051,ORD-11051-1,20241119,CUST-0064,PROD-0080,ST-011,1,1260.0,0.0,1260.0,768.92,0.0,Completed
ORD-11052,ORD-11052-1,20230215,CUST-0112,PROD-0029,ST-002,3,1390.0,0.0,4170.0,2689.47,0.0,Cancelled
ORD-11053,ORD-11053-1,20231227,CUST-0100,PROD-0008,ST-014,2,15680.0,0.0,31360.0,21033.78,0.0,Completed
ORD-11053,ORD-11053-2,20231227,CUST-0100,PROD-0057,ST-014,1,9050.0,0.15,7692.5,4859.52,0.0,Completed
ORD-11054,ORD-11054-1,20240227,CUST-0162,PROD-0024,ST-004,1,1330.0,0.0,1330.0,862.05,0.0,Completed
ORD-11055,ORD-11055-1,20230806,CUST-0027,PROD-0041,ST-001,3,11810.0,0.05,33658.5,21874.23,0.0,Completed
ORD-11056,ORD-11056-1,20240430,CUST-0111,PROD-0019,ST-002,1,3340.0,0.05,3173.0,1835.11,0.0,Completed
ORD-11057,ORD-11057-1,20230812,CUST-0091,PROD-0016,ST-001,1,22690.0,0.0,22690.0,14008.18,0.0,Completed
ORD-11057,ORD-11057-2,20230812,CUST-0091,PROD-0057,ST-001,1,9050.0,0.0,9050.0,4859.52,0.0,Completed
ORD-11058,ORD-11058-1,20240120,CUST-0188,PROD-0028,ST-002,2,920.0,0.0,1840.0,1242.02,0.0,Returned
ORD-11059,ORD-11059-1,20230622,CUST-0184,PROD-0026,ST-007,1,3440.0,0.0,3440.0,2460.63,0.0,Completed
ORD-11059,ORD-11059-2,20230622,CUST-0184,PROD-0078,ST-007,1,1020.0,0.15,867.0,599.08,0.0,Completed
ORD-11059,ORD-11059-3,20230622,CUST-0184,PROD-0062,ST-007,2,10930.0,0.15,18581.0,14260.06,0.0,Completed
ORD-11060,ORD-11060-1,20230122,CUST-0185,PROD-0068,ST-000,1,1450.0,0.1,1305.0,785.71,25.0,Cancelled
ORD-11061,ORD-11061-1,20240131,CUST-0109,PROD-0041,ST-000,1,11810.0,0.0,11810.0,7291.41,146.18,Cancelled
ORD-11061,ORD-11061-2,20240131,CUST-0109,PROD-0076,ST-000,1,250.0,0.0,250.0,141.67,62.5,Cancelled
ORD-11062,ORD-11062-1,20241203,CUST-0020,PROD-0080,ST-015,1,1260.0,0.0,1260.0,768.92,0.0,Completed
ORD-11063,ORD-11063-1,20230723,CUST-0086,PROD-0035,ST-000,1,11120.0,0.0,11120.0,5574.09,127.83,Completed
ORD-11064,ORD-11064-1,20230707,CUST-0096,PROD-0055,ST-006,1,11840.0,0.0,11840.0,6635.81,0.0,Returned
ORD-11065,ORD-11065-1,20230623,CUST-0053,PROD-0064,ST-013,1,4410.0,0.1,3969.0,2831.06,0.0,Completed
ORD-11066,ORD-11066-1,20230808,CUST-0037,PROD-0029,ST-004,2,1390.0,0.0,2780.0,1792.98,0.0,Cancelled
ORD-11067,ORD-11067-1,20231215,CUST-0098,PROD-0024,ST-000,1,1330.0,0.0,1330.0,862.05,34.64,Completed
ORD-11068,ORD-11068-1,20231208,CUST-0023,PROD-0047,ST-014,3,12400.0,0.0,37200.0,24460.98,0.0,Completed
ORD-11069,ORD-11069-1,20241012,CUST-0101,PROD-0008,ST-008,1,15680.0,0.0,15680.0,10516.89,0.0,Completed
ORD-11069,ORD-11069-2,20241012,CUST-0101,PROD-0029,ST-008,1,1390.0,0.0,1390.0,896.49,0.0,Completed
ORD-11070,ORD-11070-1,20230725,CUST-0161,PROD-0045,ST-000,2,9970.0,0.0,19940.0,11096.42,31.12,Completed
ORD-11071,ORD-11071-1,20230414,CUST-0103,PROD-0015,ST-011,3,42990.0,0.1,116073.0,69224.55,0.0,Completed
ORD-11072,ORD-11072-1,20230401,CUST-0153,PROD-0051,ST-011,1,12350.0,0.0,12350.0,7189.83,0.0,Completed
ORD-11072,ORD-11072-2,20230401,CUST-0153,PROD-0050,ST-011,2,4290.0,0.2,6864.0,6107.62,0.0,Completed
ORD-11073,ORD-11073-1,20240820,CUST-0137,PROD-0056,ST-001,2,12260.0,0.0,24520.0,16395.64,0.0,Completed
ORD-11074,ORD-11074-1,20240606,CUST-0133,PROD-0016,ST-003,1,22690.0,0.0,22690.0,14008.18,0.0,Returned
ORD-11075,ORD-11075-1,20231013,CUST-0090,PROD-0017,ST-000,1,3090.0,0.15,2626.5,2135.25,113.77,Returned
ORD-11075,ORD-11075-2,20231013,CUST-0090,PROD-0046,ST-000,1,18630.0,0.0,18630.0,11496.52,79.18,Returned
ORD-11076,ORD-11076-1,20230131,CUST-0117,PROD-0076,ST-009,1,250.0,0.0,250.0,141.67,0.0,Completed
ORD-11076,ORD-11076-2,20230131,CUST-0117,PROD-0011,ST-009,2,36390.0,0.0,72780.0,39008.28,0.0,Completed
ORD-11077,ORD-11077-1,20230115,CUST-0181,PROD-0027,ST-006,1,1520.0,0.1,1368.0,1037.85,0.0,Completed
ORD-11078,ORD-11078-1,20230930,CUST-0157,PROD-0015,ST-006,2,42990.0,0.0,85980.0,46149.7,0.0,Completed
ORD-11079,ORD-11079-1,20240414,CUST-0024,PROD-0001,ST-008,1,4530.0,0.0,4530.0,2426.12,0.0,Completed
ORD-11080,ORD-11080-1,20230213,CUST-0098,PROD-0050,ST-015,1,4290.0,0.1,3861.0,3053.81,0.0,Returned
ORD-11081,ORD-11081-1,20230417,CUST-0175,PROD-0064,ST-004,2,4410.0,0.15,7497.0,5662.12,0.0,Returned
ORD-11082,ORD-11082-1,20240106,CUST-0015,PROD-0040,ST-000,1,9840.0,0.05,9348.0,4975.51,28.52,Completed
ORD-11082,ORD-11082-2,20240106,CUST-0015,PROD-0045,ST-000,1,9970.0,0.0,9970.0,5548.21,24.43,Completed
ORD-11082,ORD-11082-3,20240106,CUST-0015,PROD-0052,ST-000,1,640.0,0.05,608.0,409.83,49.67,Completed
ORD-11083,ORD-11083-1,20241111,CUST-0192,PROD-0074,ST-015,3,1630.0,0.05,4645.5,3115.86,0.0,Completed
ORD-11084,ORD-11084-1,20240127,CUST-0166,PROD-0058,ST-001,1,3720.0,0.1,3348.0,1938.33,0.0,Returned
ORD-11084,ORD-11084-2,20240127,CUST-0166,PROD-0047,ST-001,1,12400.0,0.0,12400.0,8153.66,0.0,Returned
ORD-11085,ORD-11085-1,20240109,CUST-0141,PROD-0046,ST-001,1,18630.0,0.15,15835.5,11496.52,0.0,Completed
ORD-11086,ORD-11086-1,20240916,CUST-0013,PROD-0076,ST-000,1,250.0,0.0,250.0,141.67,69.67,Completed
ORD-11087,ORD-11087-1,20231023,CUST-0187,PROD-0053,ST-009,1,12030.0,0.15,10225.5,7726.31,0.0,Completed
ORD-11088,ORD-11088-1,20231105,CUST-0122,PROD-0041,ST-004,1,11810.0,0.0,11810.0,7291.41,0.0,Completed
ORD-11089,ORD-11089-1,20230829,CUST-0136,PROD-0020,ST-011,1,1850.0,0.0,1850.0,1131.44,0.0,Returned
ORD-11090,ORD-11090-1,20240824,CUST-0086,PROD-0039,ST-015,1,10260.0,0.1,9234.0,6354.22,0.0,Completed
ORD-11091,ORD-11091-1,20241224,CUST-0148,PROD-0032,ST-000,1,1730.0,0.05,1643.5,906.53,53.77,Completed
ORD-11092,ORD-11092-1,20231104,CUST-0191,PROD-0008,ST-006,1,15680.0,0.15,13328.0,10516.89,0.0,Returned
ORD-11093,ORD-11093-1,20231004,CUST-0123,PROD-0052,ST-012,1,640.0,0.0,640.0,409.83,0.0,Cancelled
ORD-11094,ORD-11094-1,20230801,CUST-0166,PROD-0028,ST-007,1,920.0,0.05,874.0,621.01,0.0,Completed
ORD-11095,ORD-11095-1,20230202,CUST-0136,PROD-0023,ST-005,2,2850.0,0.0,5700.0,3007.68,0.0,Returned
ORD-11096,ORD-11096-1,20230501,CUST-0125,PROD-0036,ST-014,1,14060.0,0.0,14060.0,8231.89,0.0,Completed
ORD-11097,ORD-11097-1,20240410,CUST-0183,PROD-0020,ST-005,2,1850.0,0.0,3700.0,2262.88,0.0,Completed
ORD-11097,ORD-11097-2,20240410,CUST-0183,PROD-0010,ST-005,2,16340.0,0.05,31046.0,22600.34,0.0,Completed
ORD-11098,ORD-11098-1,20230913,CUST-0157,PROD-0045,ST-006,2,9970.0,0.0,19940.0,11096.42,0.0,Cancelled
ORD-11099,ORD-11099-1,20240308,CUST-0101,PROD-0003,ST-004,4,6190.0,0.0,24760.0,12546.96,0.0,Completed
ORD-11100,ORD-11100-1,20230129,CUST-0167,PROD-0009,ST-002,2,23630.0,0.1,42534.0,28959.76,0.0,Completed
ORD-11100,ORD-11100-2,20230129,CUST-0167,PROD-0020,ST-002,1,1850.0,0.05,1757.5,1131.44,0.0,Completed
ORD-11101,ORD-11101-1,20230120,CUST-0079,PROD-0018,ST-015,1,660.0,0.0,660.0,407.13,0.0,Completed
ORD-11102,ORD-11102-1,20231025,CUST-0156,PROD-0077,ST-002,2,1240.0,0.0,2480.0,1428.96,0.0,Returned
ORD-11103,ORD-11103-1,20230313,CUST-0129,PROD-0030,ST-000,2,3060.0,0.0,6120.0,3529.32,80.08,Cancelled
ORD-11104,ORD-11104-1,20230803,CUST-0024,PROD-0054,ST-004,1,12690.0,0.15,10786.5,8857.68,0.0,Completed
ORD-11105,ORD-11105-1,20231020,CUST-0080,PROD-0070,ST-000,1,1750.0,0.0,1750.0,1243.69,106.18,Cancelled
ORD-11105,ORD-11105-2,20231020,CUST-0080,PROD-0025,ST-000,1,1120.0,0.0,1120.0,617.8,147.57,Cancelled
ORD-11105,ORD-11105-3,20231020,CUST-0080,PROD-0076,ST-000,1,250.0,0.0,250.0,141.67,71.51,Cancelled
ORD-11106,ORD-11106-1,20230306,CUST-0166,PROD-0040,ST-009,2,9840.0,0.0,19680.0,9951.02,0.0,Completed
ORD-11107,ORD-11107-1,20230616,CUST-0086,PROD-0019,ST-002,2,3340.0,0.1,6012.0,3670.22,0.0,Completed
ORD-11107,ORD-11107-2,20230616,CUST-0086,PROD-0026,ST-002,3,3440.0,0.0,10320.0,7381.89,0.0,Completed
ORD-11108,ORD-11108-1,20230416,CUST-0098,PROD-0054,ST-000,1,12690.0,0.1,11421.0,8857.68,69.92,Completed
ORD-11109,ORD-11109-1,20241126,CUST-0038,PROD-0062,ST-013,3,10930.0,0.0,32790.0,21390.09,0.0,Cancelled
ORD-11109,ORD-11109-2,20241126,CUST-0038,PROD-0050,ST-013,2,4290.0,0.0,8580.0,6107.62,0.0,Cancelled
ORD-11110,ORD-11110-1,20241010,CUST-0088,PROD-0002,ST-010,1,33460.0,0.0,33460.0,20361.11,0.0,Completed
ORD-11110,ORD-11110-2,20241010,CUST-0088,PROD-0018,ST-010,1,660.0,0.0,660.0,407.13,0.0,Completed
ORD-11111,ORD-11111-1,20240427,CUST-0096,PROD-0002,ST-005,2,33460.0,0.15,56882.0,40722.22,0.0,Completed
ORD-11112,ORD-11112-1,20230405,CUST-0029,PROD-0002,ST-000,2,33460.0,0.1,60228.0,40722.22,105.37,Completed
ORD-11112,ORD-11112-2,20230405,CUST-0029,PROD-0053,ST-000,1,12030.0,0.0,12030.0,7726.31,76.97,Completed
ORD-11113,ORD-11113-1,20230103,CUST-0121,PROD-0028,ST-000,2,920.0,0.0,1840.0,1242.02,81.37,Completed
ORD-11113,ORD-11113-2,20230103,CUST-0121,PROD-0013,ST-000,2,15750.0,0.1,28350.0,17376.3,140.8,Completed
ORD-11114,ORD-11114-1,20230813,CUST-0103,PROD-0051,ST-000,3,12350.0,0.05,35197.5,21569.49,80.17,Returned
ORD-11114,ORD-11114-2,20230813,CUST-0103,PROD-0043,ST-000,3,650.0,0.05,1852.5,1252.77,143.75,Returned
ORD-11115,ORD-11115-1,20240629,CUST-0016,PROD-0047,ST-007,1,12400.0,0.1,11160.0,8153.66,0.0,Completed
ORD-11116,ORD-11116-1,20230401,CUST-0194,PROD-0022,ST-003,1,4390.0,0.0,4390.0,2634.19,0.0,Completed
ORD-11117,ORD-11117-1,20240520,CUST-0001,PROD-0021,ST-013,1,2610.0,0.05,2479.5,1698.88,0.0,Completed
ORD-11117,ORD-11117-2,20240520,CUST-0001,PROD-0011,ST-013,1,36390.0,0.0,36390.0,19504.14,0.0,Completed
ORD-11117,ORD-11117-3,20240520,CUST-0001,PROD-0072,ST-013,1,2790.0,0.1,2511.0,1539.02,0.0,Completed
ORD-11118,ORD-11118-1,20230630,CUST-0037,PROD-0077,ST-009,1,1240.0,0.0,1240.0,714.48,0.0,Completed
ORD-11118,ORD-11118-2,20230630,CUST-0037,PROD-0027,ST-009,2,1520.0,0.1,2736.0,2075.7,0.0,Completed
ORD-11119,ORD-11119-1,20231109,CUST-0047,PROD-0066,ST-006,2,1630.0,0.0,3260.0,1678.5,0.0,Completed
ORD-11120,ORD-11120-1,20240917,CUST-0001,PROD-0061,ST-000,1,9200.0,0.0,9200.0,5967.9,108.19,Completed
ORD-11120,ORD-11120-2,20240917,CUST-0001,PROD-0011,ST-000,1,36390.0,0.0,36390.0,19504.14,21.57,Completed
ORD-11121,ORD-11121-1,20241223,CUST-0189,PROD-0022,ST-007,2,4390.0,0.1,7902.0,5268.38,0.0,Completed
ORD-11121,ORD-11121-2,20241223,CUST-0189,PROD-0063,ST-007,2,9290.0,0.0,18580.0,10668.44,0.0,Completed
ORD-11122,ORD-11122-1,20231027,CUST-0186,PROD-0051,ST-003,2,12350.0,0.1,22230.0,14379.66,0.0,Returned
ORD-11122,ORD-11122-2,20231027,CUST-0186,PROD-0036,ST-003,2,14060.0,0.0,28120.0,16463.78,0.0,Returned
ORD-11123,ORD-11123-1,20240710,CUST-0127,PROD-0005,ST-014,3,33510.0,0.0,100530.0,61632.84,0.0,Completed
ORD-11123,ORD-11123-2,20240710,CUST-0127,PROD-0006,ST-014,2,30230.0,0.1,54414.0,41847.58,0.0,Completed
ORD-11124,ORD-11124-1,20230402,CUST-0150,PROD-0057,ST-011,1,9050.0,0.0,9050.0,4859.52,0.0,Returned
ORD-11124,ORD-11124-2,20230402,CUST-0150,PROD-0059,ST-011,1,9340.0,0.15,7939.0,5793.35,0.0,Returned
ORD-11125,ORD-11125-1,20241018,CUST-0020,PROD-0004,ST-011,1,26120.0,0.0,26120.0,17922.86,0.0,Completed
ORD-11126,ORD-11126-1,20230309,CUST-0066,PROD-0074,ST-012,1,1630.0,0.0,1630.0,1038.62,0.0,Completed
ORD-11127,ORD-11127-1,20230627,CUST-0010,PROD-0007,ST-012,1,36360.0,0.0,36360.0,25478.18,0.0,Completed
ORD-11127,ORD-11127-2,20230627,CUST-0010,PROD-0024,ST-012,1,1330.0,0.1,1197.0,862.05,0.0,Completed
ORD-11128,ORD-11128-1,20230514,CUST-0122,PROD-0013,ST-014,1,15750.0,0.0,15750.0,8688.15,0.0,Returned
ORD-11129,ORD-11129-1,20231206,CUST-0083,PROD-0042,ST-000,1,14500.0,0.05,13775.0,10298.12,76.15,Completed
ORD-11129,ORD-11129-2,20231206,CUST-0083,PROD-0034,ST-000,1,17620.0,0.0,17620.0,10039.58,86.8,Completed
ORD-11130,ORD-11130-1,20230411,CUST-0058,PROD-0006,ST-000,1,30230.0,0.0,30230.0,20923.79,89.55,Returned
ORD-11130,ORD-11130-2,20230411,CUST-0058,PROD-0064,ST-000,2,4410.0,0.15,7497.0,5662.12,76.91,Returned
ORD-11131,ORD-11131-1,20230419,CUST-0158,PROD-0040,ST-014,2,9840.0,0.1,17712.0,9951.02,0.0,Completed
ORD-11132,ORD-11132-1,20230309,CUST-0119,PROD-0045,ST-015,4,9970.0,0.0,39880.0,22192.84,0.0,Returned
ORD-11132,ORD-11132-2,20230309,CUST-0119,PROD-0056,ST-015,1,12260.0,0.0,12260.0,8197.82,0.0,Returned
ORD-11133,ORD-11133-1,20230809,CUST-0089,PROD-0048,ST-013,1,10690.0,0.05,10155.5,5634.8,0.0,Completed
ORD-11133,ORD-11133-2,20230809,CUST-0089,PROD-0076,ST-013,3,250.0,0.0,750.0,425.01,0.0,Completed
ORD-11134,ORD-11134-1,20230611,CUST-0003,PROD-0075,ST-007,1,2610.0,0.0,2610.0,1654.39,0.0,Completed
ORD-11134,ORD-11134-2,20230611,CUST-0003,PROD-0063,ST-007,1,9290.0,0.0,9290.0,5334.22,0.0,Completed
ORD-11135,ORD-11135-1,20231115,CUST-0074,PROD-0001,ST-005,3,4530.0,0.05,12910.5,7278.36,0.0,Completed
ORD-11135,ORD-11135-2,20231115,CUST-0074,PROD-0017,ST-005,2,3090.0,0.0,6180.0,4270.5,0.0,Completed
ORD-11136,ORD-11136-1,20241120,CUST-0121,PROD-0033,ST-011,1,6880.0,0.1,6192.0,4450.47,0.0,Cancelled
ORD-11137,ORD-11137-1,20230731,CUST-0123,PROD-0063,ST-001,1,9290.0,0.1,8361.0,5334.22,0.0,Completed
ORD-11138,ORD-11138-1,20241114,CUST-0012,PROD-0040,ST-003,2,9840.0,0.0,19680.0,9951.02,0.0,Cancelled
ORD-11139,ORD-11139-1,20230313,CUST-0173,PROD-0020,ST-004,1,1850.0,0.0,1850.0,1131.44,0.0,Completed
ORD-11139,ORD-11139-2,20230313,CUST-0173,PROD-0065,ST-004,1,1070.0,0.0,1070.0,588.35,0.0,Completed
ORD-11140,ORD-11140-1,20241025,CUST-0127,PROD-0012,ST-005,2,51760.0,0.0,103520.0,51965.66,0.0,Completed
ORD-11141,ORD-11141-1,20231223,CUST-0102,PROD-0069,ST-006,1,1180.0,0.0,1180.0,848.43,0.0,Completed
ORD-11142,ORD-11142-1,20241226,CUST-0158,PROD-0016,ST-007,1,22690.0,0.1,20421.0,14008.18,0.0,Completed
ORD-11143,ORD-11143-1,20240410,CUST-0041,PROD-0025,ST-007,2,1120.0,0.1,2016.0,1235.6,0.0,Completed
ORD-11143,ORD-11143-2,20240410,CUST-0041,PROD-0012,ST-007,2,51760.0,0.0,103520.0,51965.66,0.0,Completed
ORD-11144,ORD-11144-1,20240513,CUST-0067,PROD-0027,ST-013,2,1520.0,0.0,3040.0,2075.7,0.0,Cancelled
ORD-11145,ORD-11145-1,20241225,CUST-0162,PROD-0006,ST-009,2,30230.0,0.0,60460.0,41847.58,0.0,Completed
ORD-11145,ORD-11145-2,20241225,CUST-0162,PROD-0033,ST-009,1,6880.0,0.0,6880.0,4450.47,0.0,Completed
ORD-11146,ORD-11146-1,20240128,CUST-0186,PROD-0030,ST-000,1,3060.0,0.0,3060.0,1764.66,32.37,Completed
ORD-11146,ORD-11146-2,20240128,CUST-0186,PROD-0035,ST-000,1,11120.0,0.0,11120.0,5574.09,46.1,Completed
ORD-11147,ORD-11147-1,20241127,CUST-0143,PROD-0042,ST-006,1,14500.0,0.1,13050.0,10298.12,0.0,Completed
ORD-11148,ORD-11148-1,20230713,CUST-0185,PROD-0042,ST-015,1,14500.0,0.0,14500.0,10298.12,0.0,Completed
ORD-11148,ORD-11148-2,20230713,CUST-0185,PROD-0066,ST-015,1,1630.0,0.05,1548.5,839.25,0.0,Completed
ORD-11149,ORD-11149-1,20240530,CUST-0032,PROD-0051,ST-015,1,12350.0,0.0,12350.0,7189.83,0.0,Cancelled
ORD-11150,ORD-11150-1,20241109,CUST-0153,PROD-0064,ST-000,2,4410.0,0.05,8379.0,5662.12,88.2,Returned
ORD-11151,ORD-11151-1,20231029,CUST-0129,PROD-0062,ST-000,1,10930.0,0.0,10930.0,7130.03,105.87,Cancelled
ORD-11152,ORD-11152-1,20241103,CUST-0096,PROD-0021,ST-003,1,2610.0,0.05,2479.5,1698.88,0.0,Completed
ORD-11152,ORD-11152-2,20241103,CUST-0096,PROD-0026,ST-003,1,3440.0,0.05,3268.0,2460.63,0.0,Completed
ORD-11153,ORD-11153-1,20240917,CUST-0171,PROD-0028,ST-003,2,920.0,0.0,1840.0,1242.02,0.0,Completed
ORD-11154,ORD-11154-1,20230929,CUST-0123,PROD-0035,ST-012,2,11120.0,0.0,22240.0,11148.18,0.0,Cancelled
ORD-11155,ORD-11155-1,20230904,CUST-0142,PROD-0003,ST-009,1,6190.0,0.05,5880.5,3136.74,0.0,Returned
ORD-11155,ORD-11155-2,20230904,CUST-0142,PROD-0032,ST-009,1,1730.0,0.0,1730.0,906.53,0.0,Returned
ORD-11156,ORD-11156-1,20230810,CUST-0173,PROD-0024,ST-000,1,1330.0,0.1,1197.0,862.05,98.57,Completed
ORD-11157,ORD-11157-1,20230928,CUST-0175,PROD-0038,ST-011,1,12270.0,0.1,11043.0,7938.77,0.0,Completed
ORD-11158,ORD-11158-1,20230715,CUST-0094,PROD-0055,ST-008,1,11840.0,0.0,11840.0,6635.81,0.0,Completed
ORD-11159,ORD-11159-1,20231130,CUST-0158,PROD-0068,ST-010,1,1450.0,0.05,1377.5,785.71,0.0,Completed
ORD-11160,ORD-11160-1,20231209,CUST-0176,PROD-0006,ST-008,1,30230.0,0.05,28718.5,20923.79,0.0,Completed
ORD-11161,ORD-11161-1,20230122,CUST-0146,PROD-0027,ST-002,2,1520.0,0.1,2736.0,2075.7,0.0,Cancelled
ORD-11162,ORD-11162-1,20230423,CUST-0067,PROD-0036,ST-007,1,14060.0,0.0,14060.0,8231.89,0.0,Completed
ORD-11163,ORD-11163-1,20240909,CUST-0195,PROD-0048,ST-013,3,10690.0,0.0,32070.0,16904.4,0.0,Completed
ORD-11163,ORD-11163-2,20240909,CUST-0195,PROD-0046,ST-013,1,18630.0,0.0,18630.0,11496.52,0.0,Completed
ORD-11164,ORD-11164-1,20230501,CUST-0145,PROD-0023,ST-007,3,2850.0,0.0,8550.0,4511.52,0.0,Cancelled
ORD-11164,ORD-11164-2,20230501,CUST-0145,PROD-0006,ST-007,1,30230.0,0.1,27207.0,20923.79,0.0,Cancelled
ORD-11165,ORD-11165-1,20240916,CUST-0023,PROD-0020,ST-010,2,1850.0,0.0,3700.0,2262.88,0.0,Cancelled
ORD-11165,ORD-11165-2,20240916,CUST-0023,PROD-0033,ST-010,1,6880.0,0.0,6880.0,4450.47,0.0,Cancelled
ORD-11166,ORD-11166-1,20230121,CUST-0170,PROD-0077,ST-014,2,1240.0,0.15,2108.0,1428.96,0.0,Completed
ORD-11166,ORD-11166-2,20230121,CUST-0170,PROD-0025,ST-014,2,1120.0,0.0,2240.0,1235.6,0.0,Completed
ORD-11167,ORD-11167-1,20230203,CUST-0117,PROD-0062,ST-012,2,10930.0,0.05,20767.0,14260.06,0.0,Completed
ORD-11167,ORD-11167-2,20230203,CUST-0117,PROD-0066,ST-012,2,1630.0,0.0,3260.0,1678.5,0.0,Completed
ORD-11168,ORD-11168-1,20240430,CUST-0123,PROD-0042,ST-000,1,14500.0,0.0,14500.0,10298.12,67.19,Completed
ORD-11168,ORD-11168-2,20240430,CUST-0123,PROD-0050,ST-000,1,4290.0,0.0,4290.0,3053.81,103.91,Completed
ORD-11169,ORD-11169-1,20241001,CUST-0192,PROD-0044,ST-010,1,7910.0,0.0,7910.0,4298.09,0.0,Completed
ORD-11169,ORD-11169-2,20241001,CUST-0192,PROD-0004,ST-010,2,26120.0,0.05,49628.0,35845.72,0.0,Completed
ORD-11170,ORD-11170-1,20230709,CUST-0097,PROD-0047,ST-003,1,12400.0,0.15,10540.0,8153.66,0.0,Completed
ORD-11170,ORD-11170-2,20230709,CUST-0097,PROD-0071,ST-003,1,430.0,0.05,408.5,257.61,0.0,Completed
ORD-11170,ORD-11170-3,20230709,CUST-0097,PROD-0056,ST-003,1,12260.0,0.0,12260.0,8197.82,0.0,Completed
ORD-11171,ORD-11171-1,20230413,CUST-0094,PROD-0014,ST-005,2,21550.0,0.0,43100.0,29409.48,0.0,Completed
ORD-11172,ORD-11172-1,20230424,CUST-0080,PROD-0004,ST-001,1,26120.0,0.0,26120.0,17922.86,0.0,Completed
ORD-11172,ORD-11172-2,20230424,CUST-0080,PROD-0058,ST-001,4,3720.0,0.0,14880.0,7753.32,0.0,Completed
ORD-11173,ORD-11173-1,20240126,CUST-0147,PROD-0019,ST-014,1,3340.0,0.2,2672.0,1835.11,0.0,Completed
ORD-11173,ORD-11173-2,20240126,CUST-0147,PROD-0073,ST-014,2,2250.0,0.1,4050.0,3010.92,0.0,Completed
ORD-11173,ORD-11173-3,20240126,CUST-0147,PROD-0017,ST-014,2,3090.0,0.05,5871.0,4270.5,0.0,Completed
ORD-11174,ORD-11174-1,20230307,CUST-0116,PROD-0069,ST-014,2,1180.0,0.1,2124.0,1696.86,0.0,Completed
ORD-11174,ORD-11174-2,20230307,CUST-0116,PROD-0066,ST-014,1,1630.0,0.05,1548.5,839.25,0.0,Completed
ORD-11175,ORD-11175-1,20241028,CUST-0094,PROD-0052,ST-012,1,640.0,0.0,640.0,409.83,0.0,Returned
ORD-11176,ORD-11176-1,20241223,CUST-0114,PROD-0077,ST-006,1,1240.0,0.05,1178.0,714.48,0.0,Completed
ORD-11177,ORD-11177-1,20230616,CUST-0132,PROD-0029,ST-000,1,1390.0,0.0,1390.0,896.49,63.84,Completed
ORD-11178,ORD-11178-1,20240312,CUST-0055,PROD-0042,ST-015,1,14500.0,0.05,13775.0,10298.12,0.0,Completed
ORD-11179,ORD-11179-1,20240524,CUST-0017,PROD-0048,ST-000,2,10690.0,0.15,18173.0,11269.6,68.63,Completed
ORD-11180,ORD-11180-1,20241207,CUST-0045,PROD-0008,ST-012,1,15680.0,0.05,14896.0,10516.89,0.0,Completed
ORD-11180,ORD-11180-2,20241207,CUST-0045,PROD-0038,ST-012,4,12270.0,0.0,49080.0,31755.08,0.0,Completed
ORD-11180,ORD-11180-3,20241207,CUST-0045,PROD-0049,ST-012,2,3260.0,0.0,6520.0,3683.54,0.0,Completed
ORD-11181,ORD-11181-1,20231221,CUST-0012,PROD-0028,ST-000,1,920.0,0.0,920.0,621.01,55.08,Completed
ORD-11182,ORD-11182-1,20230514,CUST-0158,PROD-0017,ST-011,1,3090.0,0.1,2781.0,2135.25,0.0,Completed
ORD-11182,ORD-11182-2,20230514,CUST-0158,PROD-0026,ST-011,1,3440.0,0.0,3440.0,2460.63,0.0,Completed
ORD-11183,ORD-11183-1,20241102,CUST-0035,PROD-0063,ST-000,2,9290.0,0.0,18580.0,10668.44,94.36,Completed
ORD-11184,ORD-11184-1,20230703,CUST-0167,PROD-0029,ST-009,3,1390.0,0.05,3961.5,2689.47,0.0,Completed
ORD-11185,ORD-11185-1,20230830,CUST-0107,PROD-0029,ST-002,1,1390.0,0.0,1390.0,896.49,0.0,Completed
ORD-11185,ORD-11185-2,20230830,CUST-0107,PROD-0066,ST-002,3,1630.0,0.0,4890.0,2517.75,0.0,Completed
ORD-11186,ORD-11186-1,20230402,CUST-0115,PROD-0011,ST-000,1,36390.0,0.0,36390.0,19504.14,75.17,Cancelled
ORD-11186,ORD-11186-2,20230402,CUST-0115,PROD-0021,ST-000,2,2610.0,0.1,4698.0,3397.76,96.91,Cancelled
ORD-11187,ORD-11187-1,20241227,CUST-0177,PROD-0080,ST-014,2,1260.0,0.2,2016.0,1537.84,0.0,Returned
ORD-11187,ORD-11187-2,20241227,CUST-0177,PROD-0060,ST-014,3,9700.0,0.0,29100.0,14924.22,0.0,Returned
ORD-11188,ORD-11188-1,20231031,CUST-0149,PROD-0037,ST-013,1,11140.0,0.05,10583.0,6659.18,0.0,Completed
ORD-11189,ORD-11189-1,20240316,CUST-0174,PROD-0066,ST-014,3,1630.0,0.0,4890.0,2517.75,0.0,Completed
ORD-11190,ORD-11190-1,20240919,CUST-0158,PROD-0060,ST-011,1,9700.0,0.0,9700.0,4974.74,0.0,Completed
ORD-11190,ORD-11190-2,20240919,CUST-0158,PROD-0075,ST-011,1,2610.0,0.1,2349.0,1654.39,0.0,Completed
ORD-11190,ORD-11190-3,20240919,CUST-0158,PROD-0077,ST-011,1,1240.0,0.0,1240.0,714.48,0.0,Completed
ORD-11191,ORD-11191-1,20230124,CUST-0132,PROD-0050,ST-005,2,4290.0,0.0,8580.0,6107.62,0.0,Returned
ORD-11192,ORD-11192-1,20230103,CUST-0075,PROD-0037,ST-010,2,11140.0,0.0,22280.0,13318.36,0.0,Cancelled
ORD-11192,ORD-11192-2,20230103,CUST-0075,PROD-0024,ST-010,1,1330.0,0.0,1330.0,862.05,0.0,Cancelled
ORD-11193,ORD-11193-1,20231204,CUST-0060,PROD-0060,ST-006,1,9700.0,0.0,9700.0,4974.74,0.0,Completed
ORD-11194,ORD-11194-1,20230426,CUST-0090,PROD-0032,ST-000,1,1730.0,0.15,1470.5,906.53,123.75,Completed
ORD-11195,ORD-11195-1,20240407,CUST-0040,PROD-0055,ST-012,1,11840.0,0.0,11840.0,6635.81,0.0,Completed
ORD-11196,ORD-11196-1,20230325,CUST-0018,PROD-0018,ST-000,1,660.0,0.15,561.0,407.13,102.61,Completed
ORD-11197,ORD-11197-1,20230901,CUST-0096,PROD-0060,ST-006,2,9700.0,0.0,19400.0,9949.48,0.0,Returned
ORD-11197,ORD-11197-2,20230901,CUST-0096,PROD-0030,ST-006,2,3060.0,0.05,5814.0,3529.32,0.0,Returned
ORD-11198,ORD-11198-1,20240429,CUST-0199,PROD-0029,ST-000,2,1390.0,0.2,2224.0,1792.98,21.4,Completed
ORD-11198,ORD-11198-2,20240429,CUST-0199,PROD-0007,ST-000,2,36360.0,0.1,65448.0,50956.36,103.06,Completed
ORD-11199,ORD-11199-1,20230826,CUST-0143,PROD-0009,ST-009,1,23630.0,0.0,23630.0,14479.88,0.0,Returned
ORD-11200,ORD-11200-1,20240912,CUST-0151,PROD-0015,ST-004,1,42990.0,0.0,42990.0,23074.85,0.0,Completed
ORD-11200,ORD-11200-2,20240912,CUST-0151,PROD-0017,ST-004,1,3090.0,0.0,3090.0,2135.25,0.0,Completed
ORD-11201,ORD-11201-1,20230530,CUST-0149,PROD-0019,ST-009,1,3340.0,0.1,3006.0,1835.11,0.0,Cancelled
ORD-11201,ORD-11201-2,20230530,CUST-0149,PROD-0015,ST-009,4,42990.0,0.0,171960.0,92299.4,0.0,Cancelled
ORD-11202,ORD-11202-1,20230204,CUST-0068,PROD-0080,ST-012,1,1260.0,0.0,1260.0,768.92,0.0,Completed
ORD-11203,ORD-11203-1,20240930,CUST-0149,PROD-0020,ST-008,1,1850.0,0.1,1665.0,1131.44,0.0,Completed
ORD-11204,ORD-11204-1,20241115,CUST-0052,PROD-0003,ST-010,1,6190.0,0.0,6190.0,3136.74,0.0,Cancelled
ORD-11205,ORD-11205-1,20241001,CUST-0061,PROD-0025,ST-000,1,1120.0,0.15,952.0,617.8,120.32,Completed
ORD-11205,ORD-11205-2,20241001,CUST-0061,PROD-0004,ST-000,1,26120.0,0.1,23508.0,17922.86,26.76,Completed
ORD-11206,ORD-11206-1,20240212,CUST-0123,PROD-0015,ST-005,2,42990.0,0.1,77382.0,46149.7,0.0,Completed
ORD-11207,ORD-11207-1,20231217,CUST-0091,PROD-0071,ST-012,1,430.0,0.15,365.5,257.61,0.0,Cancelled
ORD-11207,ORD-11207-2,20231217,CUST-0091,PROD-0031,ST-012,2,4390.0,0.0,8780.0,6308.72,0.0,Cancelled
ORD-11208,ORD-11208-1,20241113,CUST-0078,PROD-0011,ST-003,2,36390.0,0.0,72780.0,39008.28,0.0,Completed
ORD-11209,ORD-11209-1,20241011,CUST-0023,PROD-0026,ST-003,1,3440.0,0.0,3440.0,2460.63,0.0,Completed
ORD-11210,ORD-11210-1,20230310,CUST-0005,PROD-0076,ST-008,4,250.0,0.2,800.0,566.68,0.0,Completed
ORD-11211,ORD-11211-1,20241108,CUST-0076,PROD-0007,ST-012,1,36360.0,0.15,30906.0,25478.18,0.0,Completed
ORD-11212,ORD-11212-1,20230626,CUST-0052,PROD-0005,ST-000,2,33510.0,0.0,67020.0,41088.56,91.22,Returned
ORD-11213,ORD-11213-1,20230523,CUST-0127,PROD-0028,ST-013,2,920.0,0.15,1564.0,1242.02,0.0,Completed
ORD-11214,ORD-11214-1,20231124,CUST-0136,PROD-0043,ST-006,1,650.0,0.15,552.5,417.59,0.0,Completed
ORD-11214,ORD-11214-2,20231124,CUST-0136,PROD-0066,ST-006,1,1630.0,0.0,1630.0,839.25,0.0,Completed
ORD-11215,ORD-11215-1,20231113,CUST-0013,PROD-0007,ST-000,2,36360.0,0.05,69084.0,50956.36,105.43,Completed
ORD-11216,ORD-11216-1,20240708,CUST-0100,PROD-0034,ST-008,2,17620.0,0.15,29954.0,20079.16,0.0,Completed
ORD-11217,ORD-11217-1,20241230,CUST-0087,PROD-0067,ST-000,1,1970.0,0.05,1871.5,1102.52,122.66,Returned
ORD-11217,ORD-11217-2,20241230,CUST-0087,PROD-0018,ST-000,1,660.0,0.1,594.0,407.13,56.57,Returned
ORD-11217,ORD-11217-3,20241230,CUST-0087,PROD-0028,ST-000,2,920.0,0.05,1748.0,1242.02,110.53,Returned
ORD-11218,ORD-11218-1,20240315,CUST-0120,PROD-0078,ST-000,4,1020.0,0.0,4080.0,2396.32,30.48,Cancelled
ORD-11219,ORD-11219-1,20240122,CUST-0109,PROD-0003,ST-007,1,6190.0,0.0,6190.0,3136.74,0.0,Returned
ORD-11220,ORD-11220-1,20230613,CUST-0041,PROD-0058,ST-007,1,3720.0,0.2,2976.0,1938.33,0.0,Completed
ORD-11220,ORD-11220-2,20230613,CUST-0041,PROD-0005,ST-007,2,33510.0,0.0,67020.0,41088.56,0.0,Completed
ORD-11221,ORD-11221-1,20230129,CUST-0157,PROD-0047,ST-004,1,12400.0,0.05,11780.0,8153.66,0.0,Completed
ORD-11221,ORD-11221-2,20230129,CUST-0157,PROD-0006,ST-004,2,30230.0,0.0,60460.0,41847.58,0.0,Completed
ORD-11222,ORD-11222-1,20240325,CUST-0122,PROD-0080,ST-001,2,1260.0,0.0,2520.0,1537.84,0.0,Returned
ORD-11223,ORD-11223-1,20240105,CUST-0069,PROD-0077,ST-010,1,1240.0,0.0,1240.0,714.48,0.0,Returned
ORD-11224,ORD-11224-1,20240314,CUST-0108,PROD-0049,ST-006,2,3260.0,0.15,5542.0,3683.54,0.0,Cancelled
ORD-11225,ORD-11225-1,20230504,CUST-0165,PROD-0021,ST-012,1,2610.0,0.0,2610.0,1698.88,0.0,Completed
ORD-11225,ORD-11225-2,20230504,CUST-0165,PROD-0079,ST-012,3,1620.0,0.2,3888.0,3413.01,0.0,Completed
ORD-11226,ORD-11226-1,20240308,CUST-0139,PROD-0064,ST-001,2,4410.0,0.0,8820.0,5662.12,0.0,Returned
ORD-11226,ORD-11226-2,20240308,CUST-0139,PROD-0009,ST-001,3,23630.0,0.1,63801.0,43439.64,0.0,Returned
ORD-11227,ORD-11227-1,20231105,CUST-0045,PROD-0036,ST-002,2,14060.0,0.1,25308.0,16463.78,0.0,Cancelled
ORD-11227,ORD-11227-2,20231105,CUST-0045,PROD-0017,ST-002,2,3090.0,0.05,5871.0,4270.5,0.0,Cancelled
ORD-11228,ORD-11228-1,20241110,CUST-0038,PROD-0049,ST-001,1,3260.0,0.0,3260.0,1841.77,0.0,Completed
ORD-11228,ORD-11228-2,20241110,CUST-0038,PROD-0061,ST-001,1,9200.0,0.0,9200.0,5967.9,0.0,Completed
ORD-11229,ORD-11229-1,20240831,CUST-0007,PROD-0074,ST-002,1,1630.0,0.05,1548.5,1038.62,0.0,Completed
ORD-11229,ORD-11229-2,20240831,CUST-0007,PROD-0057,ST-002,2,9050.0,0.0,18100.0,9719.04,0.0,Completed
ORD-11229,ORD-11229-3,20240831,CUST-0007,PROD-0028,ST-002,1,920.0,0.0,920.0,621.01,0.0,Completed
ORD-11230,ORD-11230-1,20240830,CUST-0032,PROD-0049,ST-003,1,3260.0,0.05,3097.0,1841.77,0.0,Completed
ORD-11230,ORD-11230-2,20240830,CUST-0032,PROD-0070,ST-003,2,1750.0,0.0,3500.0,2487.38,0.0,Completed
ORD-11231,ORD-11231-1,20230507,CUST-0147,PROD-0065,ST-006,1,1070.0,0.0,1070.0,588.35,0.0,Completed
ORD-11232,ORD-11232-1,20230903,CUST-0159,PROD-0060,ST-000,2,9700.0,0.1,17460.0,9949.48,30.77,Completed
ORD-11232,ORD-11232-2,20230903,CUST-0159,PROD-0038,ST-000,2,12270.0,0.0,24540.0,15877.54,96.75,Completed
ORD-11233,ORD-11233-1,20230415,CUST-0181,PROD-0053,ST-006,1,12030.0,0.15,10225.5,7726.31,0.0,Completed
ORD-11233,ORD-11233-2,20230415,CUST-0181,PROD-0063,ST-006,1,9290.0,0.05,8825.5,5334.22,0.0,Completed
ORD-11233,ORD-11233-3,20230415,CUST-0181,PROD-0070,ST-006,4,1750.0,0.15,5950.0,4974.76,0.0,Completed
ORD-11234,ORD-11234-1,20231112,CUST-0075,PROD-0070,ST-005,4,1750.0,0.0,7000.0,4974.76,0.0,Completed
ORD-11235,ORD-11235-1,20240804,CUST-0172,PROD-0049,ST-000,2,3260.0,0.05,6194.0,3683.54,46.7,Completed
ORD-11236,ORD-11236-1,20240706,CUST-0051,PROD-0007,ST-006,1,36360.0,0.05,34542.0,25478.18,0.0,Completed
ORD-11237,ORD-11237-1,20230507,CUST-0001,PROD-0078,ST-010,1,1020.0,0.05,969.0,599.08,0.0,Returned
ORD-11237,ORD-11237-2,20230507,CUST-0001,PROD-0024,ST-010,2,1330.0,0.05,2527.0,1724.1,0.0,Returned
ORD-11238,ORD-11238-1,20230627,CUST-0122,PROD-0055,ST-000,1,11840.0,0.0,11840.0,6635.81,128.96,Cancelled
ORD-11239,ORD-11239-1,20240610,CUST-0022,PROD-0078,ST-006,1,1020.0,0.05,969.0,599.08,0.0,Returned
ORD-11240,ORD-11240-1,20230805,CUST-0099,PROD-0075,ST-014,2,2610.0,0.05,4959.0,3308.78,0.0,Completed
ORD-11241,ORD-11241-1,20230222,CUST-0024,PROD-0018,ST-007,1,660.0,0.0,660.0,407.13,0.0,Completed
ORD-11242,ORD-11242-1,20241126,CUST-0194,PROD-0069,ST-005,1,1180.0,0.1,1062.0,848.43,0.0,Completed
ORD-11242,ORD-11242-2,20241126,CUST-0194,PROD-0073,ST-005,2,2250.0,0.15,3825.0,3010.92,0.0,Completed
ORD-11243,ORD-11243-1,20230629,CUST-0037,PROD-0070,ST-010,1,1750.0,0.1,1575.0,1243.69,0.0,Completed
ORD-11243,ORD-11243-2,20230629,CUST-0037,PROD-0066,ST-010,2,1630.0,0.05,3097.0,1678.5,0.0,Completed
ORD-11244,ORD-11244-1,20230303,CUST-0147,PROD-0039,ST-003,2,10260.0,0.0,20520.0,12708.44,0.0,Completed
ORD-11244,ORD-11244-2,20230303,CUST-0147,PROD-0075,ST-003,2,2610.0,0.1,4698.0,3308.78,0.0,Completed
ORD-11245,ORD-11245-1,20240203,CUST-0039,PROD-0064,ST-012,1,4410.0,0.0,4410.0,2831.06,0.0,Completed
ORD-11245,ORD-11245-2,20240203,CUST-0039,PROD-0001,ST-012,1,4530.0,0.0,4530.0,2426.12,0.0,Completed
ORD-11246,ORD-11246-1,20240604,CUST-0071,PROD-0059,ST-002,2,9340.0,0.05,17746.0,11586.7,0.0,Completed
ORD-11246,ORD-11246-2,20240604,CUST-0071,PROD-0048,ST-002,2,10690.0,0.05,20311.0,11269.6,0.0,Completed
ORD-11247,ORD-11247-1,20231212,CUST-0062,PROD-0065,ST-007,1,1070.0,0.05,1016.5,588.35,0.0,Completed
ORD-11248,ORD-11248-1,20241126,CUST-0189,PROD-0079,ST-009,2,1620.0,0.05,3078.0,2275.34,0.0,Cancelled
ORD-11249,ORD-11249-1,20241226,CUST-0070,PROD-0032,ST-008,1,1730.0,0.0,1730.0,906.53,0.0,Completed
ORD-11250,ORD-11250-1,20230709,CUST-0061,PROD-0071,ST-008,1,430.0,0.05,408.5,257.61,0.0,Completed
ORD-11251,ORD-11251-1,20241124,CUST-0037,PROD-0049,ST-013,1,3260.0,0.1,2934.0,1841.77,0.0,Completed
ORD-11251,ORD-11251-2,20241124,CUST-0037,PROD-0027,ST-013,2,1520.0,0.0,3040.0,2075.7,0.0,Completed
ORD-11252,ORD-11252-1,20231202,CUST-0178,PROD-0071,ST-010,1,430.0,0.0,430.0,257.61,0.0,Completed
ORD-11252,ORD-11252-2,20231202,CUST-0178,PROD-0067,ST-010,1,1970.0,0.0,1970.0,1102.52,0.0,Completed
ORD-11253,ORD-11253-1,20241027,CUST-0175,PROD-0068,ST-014,3,1450.0,0.15,3697.5,2357.13,0.0,Completed
ORD-11254,ORD-11254-1,20240101,CUST-0166,PROD-0030,ST-014,1,3060.0,0.0,3060.0,1764.66,0.0,Completed
ORD-11254,ORD-11254-2,20240101,CUST-0166,PROD-0033,ST-014,1,6880.0,0.2,5504.0,4450.47,0.0,Completed
ORD-11255,ORD-11255-1,20230713,CUST-0113,PROD-0054,ST-012,1,12690.0,0.0,12690.0,8857.68,0.0,Completed
ORD-11256,ORD-11256-1,20240216,CUST-0163,PROD-0074,ST-015,1,1630.0,0.15,1385.5,1038.62,0.0,Returned
ORD-11257,ORD-11257-1,20240101,CUST-0124,PROD-0047,ST-005,1,12400.0,0.0,12400.0,8153.66,0.0,Completed
ORD-11258,ORD-11258-1,20230202,CUST-0158,PROD-0001,ST-008,1,4530.0,0.0,4530.0,2426.12,0.0,Returned
ORD-11259,ORD-11259-1,20240705,CUST-0042,PROD-0056,ST-013,1,12260.0,0.15,10421.0,8197.82,0.0,Completed
ORD-11260,ORD-11260-1,20231213,CUST-0179,PROD-0046,ST-013,1,18630.0,0.0,18630.0,11496.52,0.0,Completed
ORD-11261,ORD-11261-1,20231103,CUST-0166,PROD-0001,ST-000,1,4530.0,0.0,4530.0,2426.12,130.46,Completed
ORD-11262,ORD-11262-1,20230711,CUST-0030,PROD-0033,ST-000,2,6880.0,0.0,13760.0,8900.94,66.19,Completed
ORD-11263,ORD-11263-1,20241120,CUST-0150,PROD-0049,ST-006,1,3260.0,0.05,3097.0,1841.77,0.0,Completed
ORD-11264,ORD-11264-1,20230119,CUST-0097,PROD-0061,ST-013,1,9200.0,0.1,8280.0,5967.9,0.0,Completed
ORD-11264,ORD-11264-2,20230119,CUST-0097,PROD-0012,ST-013,2,51760.0,0.0,103520.0,51965.66,0.0,Completed
ORD-11265,ORD-11265-1,20240222,CUST-0073,PROD-0021,ST-009,1,2610.0,0.0,2610.0,1698.88,0.0,Returned
ORD-11265,ORD-11265-2,20240222,CUST-0073,PROD-0033,ST-009,1,6880.0,0.0,6880.0,4450.47,0.0,Returned
ORD-11266,ORD-11266-1,20240127,CUST-0027,PROD-0011,ST-004,1,36390.0,0.0,36390.0,19504.14,0.0,Cancelled
ORD-11266,ORD-11266-2,20240127,CUST-0027,PROD-0006,ST-004,3,30230.0,0.0,90690.0,62771.37,0.0,Cancelled
ORD-11267,ORD-11267-1,20230708,CUST-0128,PROD-0016,ST-013,3,22690.0,0.05,64666.5,42024.54,0.0,Completed
ORD-11268,ORD-11268-1,20240222,CUST-0141,PROD-0021,ST-008,1,2610.0,0.0,2610.0,1698.88,0.0,Returned
ORD-11268,ORD-11268-2,20240222,CUST-0141,PROD-0046,ST-008,1,18630.0,0.0,18630.0,11496.52,0.0,Returned
ORD-11268,ORD-11268-3,20240222,CUST-0141,PROD-0024,ST-008,1,1330.0,0.0,1330.0,862.05,0.0,Returned
ORD-11269,ORD-11269-1,20241203,CUST-0150,PROD-0068,ST-007,1,1450.0,0.05,1377.5,785.71,0.0,Cancelled
ORD-11270,ORD-11270-1,20230227,CUST-0167,PROD-0042,ST-004,2,14500.0,0.0,29000.0,20596.24,0.0,Returned
ORD-11271,ORD-11271-1,20230917,CUST-0159,PROD-0062,ST-007,2,10930.0,0.05,20767.0,14260.06,0.0,Completed
ORD-11271,ORD-11271-2,20230917,CUST-0159,PROD-0022,ST-007,1,4390.0,0.0,4390.0,2634.19,0.0,Completed
ORD-11272,ORD-11272-1,20240114,CUST-0184,PROD-0036,ST-003,1,14060.0,0.0,14060.0,8231.89,0.0,Completed
ORD-11272,ORD-11272-2,20240114,CUST-0184,PROD-0031,ST-003,1,4390.0,0.1,3951.0,3154.36,0.0,Completed
ORD-11273,ORD-11273-1,20240920,CUST-0066,PROD-0073,ST-004,1,2250.0,0.0,2250.0,1505.46,0.0,Returned
ORD-11274,ORD-11274-1,20230217,CUST-0070,PROD-0057,ST-011,2,9050.0,0.05,17195.0,9719.04,0.0,Completed
ORD-11275,ORD-11275-1,20231010,CUST-0094,PROD-0006,ST-003,4,30230.0,0.0,120920.0,83695.16,0.0,Completed
ORD-11276,ORD-11276-1,20240409,CUST-0200,PROD-0069,ST-013,1,1180.0,0.05,1121.0,848.43,0.0,Completed
ORD-11277,ORD-11277-1,20230417,CUST-0168,PROD-0042,ST-007,2,14500.0,0.0,29000.0,20596.24,0.0,Completed
ORD-11278,ORD-11278-1,20230128,CUST-0087,PROD-0078,ST-001,4,1020.0,0.0,4080.0,2396.32,0.0,Completed
ORD-11279,ORD-11279-1,20230329,CUST-0120,PROD-0047,ST-000,3,12400.0,0.0,37200.0,24460.98,92.52,Cancelled
ORD-11280,ORD-11280-1,20240928,CUST-0161,PROD-0040,ST-005,1,9840.0,0.0,9840.0,4975.51,0.0,Completed
ORD-11281,ORD-11281-1,20231225,CUST-0015,PROD-0011,ST-000,1,36390.0,0.0,36390.0,19504.14,25.26,Returned
ORD-11282,ORD-11282-1,20240204,CUST-0018,PROD-0065,ST-001,2,1070.0,0.0,2140.0,1176.7,0.0,Completed
ORD-11283,ORD-11283-1,20231124,CUST-0002,PROD-0033,ST-000,1,6880.0,0.05,6536.0,4450.47,133.48,Completed
ORD-11284,ORD-11284-1,20230722,CUST-0151,PROD-0043,ST-012,4,650.0,0.0,2600.0,1670.36,0.0,Completed
ORD-11285,ORD-11285-1,20240306,CUST-0076,PROD-0049,ST-002,1,3260.0,0.0,3260.0,1841.77,0.0,Returned
ORD-11285,ORD-11285-2,20240306,CUST-0076,PROD-0004,ST-002,4,26120.0,0.05,99256.0,71691.44,0.0,Returned
ORD-11286,ORD-11286-1,20230603,CUST-0192,PROD-0007,ST-009,1,36360.0,0.2,29088.0,25478.18,0.0,Returned
ORD-11287,ORD-11287-1,20230705,CUST-0017,PROD-0046,ST-011,2,18630.0,0.0,37260.0,22993.04,0.0,Completed
ORD-11287,ORD-11287-2,20230705,CUST-0017,PROD-0066,ST-011,4,1630.0,0.0,6520.0,3357.0,0.0,Completed
ORD-11288,ORD-11288-1,20241224,CUST-0182,PROD-0055,ST-008,2,11840.0,0.0,23680.0,13271.62,0.0,Completed
ORD-11288,ORD-11288-2,20241224,CUST-0182,PROD-0053,ST-008,1,12030.0,0.2,9624.0,7726.31,0.0,Completed
ORD-11289,ORD-11289-1,20230613,CUST-0143,PROD-0068,ST-000,1,1450.0,0.0,1450.0,785.71,129.55,Completed
ORD-11290,ORD-11290-1,20241107,CUST-0056,PROD-0015,ST-007,1,42990.0,0.0,42990.0,23074.85,0.0,Returned
ORD-11291,ORD-11291-1,20241228,CUST-0099,PROD-0044,ST-003,1,7910.0,0.0,7910.0,4298.09,0.0,Completed
ORD-11291,ORD-11291-2,20241228,CUST-0099,PROD-0043,ST-003,2,650.0,0.15,1105.0,835.18,0.0,Completed
ORD-11292,ORD-11292-1,20241130,CUST-0082,PROD-0049,ST-000,1,3260.0,0.15,2771.0,1841.77,126.31,Completed
ORD-11293,ORD-11293-1,20240809,CUST-0132,PROD-0067,ST-000,3,1970.0,0.05,5614.5,3307.56,31.46,Completed
ORD-11294,ORD-11294-1,20240518,CUST-0043,PROD-0061,ST-010,1,9200.0,0.0,9200.0,5967.9,0.0,Completed
ORD-11295,ORD-11295-1,20230919,CUST-0062,PROD-0064,ST-010,1,4410.0,0.0,4410.0,2831.06,0.0,Completed
ORD-11295,ORD-11295-2,20230919,CUST-0062,PROD-0059,ST-010,2,9340.0,0.1,16812.0,11586.7,0.0,Completed
ORD-11296,ORD-11296-1,20241106,CUST-0170,PROD-0036,ST-015,1,14060.0,0.0,14060.0,8231.89,0.0,Returned
ORD-11297,ORD-11297-1,20240517,CUST-0063,PROD-0028,ST-000,1,920.0,0.05,874.0,621.01,125.08,Completed
ORD-11298,ORD-11298-1,20231226,CUST-0149,PROD-0003,ST-014,1,6190.0,0.05,5880.5,3136.74,0.0,Cancelled
ORD-11299,ORD-11299-1,20240830,CUST-0084,PROD-0043,ST-006,1,650.0,0.0,650.0,417.59,0.0,Returned
ORD-11299,ORD-11299-2,20240830,CUST-0084,PROD-0080,ST-006,1,1260.0,0.15,1071.0,768.92,0.0,Returned
ORD-11300,ORD-11300-1,20231016,CUST-0017,PROD-0014,ST-015,2,21550.0,0.0,43100.0,29409.48,0.0,Returned
ORD-11300,ORD-11300-2,20231016,CUST-0017,PROD-0070,ST-015,1,1750.0,0.0,1750.0,1243.69,0.0,Returned
ORD-11301,ORD-11301-1,20241223,CUST-0110,PROD-0017,ST-006,1,3090.0,0.05,2935.5,2135.25,0.0,Completed
ORD-11302,ORD-11302-1,20231003,CUST-0112,PROD-0065,ST-008,2,1070.0,0.0,2140.0,1176.7,0.0,Returned
ORD-11303,ORD-11303-1,20231106,CUST-0051,PROD-0035,ST-005,2,11120.0,0.15,18904.0,11148.18,0.0,Returned
ORD-11304,ORD-11304-1,20230714,CUST-0163,PROD-0065,ST-013,2,1070.0,0.0,2140.0,1176.7,0.0,Completed
ORD-11305,ORD-11305-1,20230823,CUST-0147,PROD-0040,ST-004,2,9840.0,0.15,16728.0,9951.02,0.0,Completed
ORD-11305,ORD-11305-2,20230823,CUST-0147,PROD-0045,ST-004,1,9970.0,0.0,9970.0,5548.21,0.0,Completed
ORD-11306,ORD-11306-1,20230208,CUST-0169,PROD-0056,ST-003,1,12260.0,0.05,11647.0,8197.82,0.0,Completed
ORD-11306,ORD-11306-2,20230208,CUST-0169,PROD-0071,ST-003,2,430.0,0.0,860.0,515.22,0.0,Completed
ORD-11307,ORD-11307-1,20230422,CUST-0109,PROD-0002,ST-015,1,33460.0,0.05,31787.0,20361.11,0.0,Completed
ORD-11308,ORD-11308-1,20230330,CUST-0070,PROD-0023,ST-004,1,2850.0,0.0,2850.0,1503.84,0.0,Returned
ORD-11308,ORD-11308-2,20230330,CUST-0070,PROD-0030,ST-004,1,3060.0,0.0,3060.0,1764.66,0.0,Returned
ORD-11309,ORD-11309-1,20230329,CUST-0185,PROD-0001,ST-000,2,4530.0,0.0,9060.0,4852.24,26.87,Completed
ORD-11310,ORD-11310-1,20240205,CUST-0157,PROD-0005,ST-003,1,33510.0,0.0,33510.0,20544.28,0.0,Completed
ORD-11311,ORD-11311-1,20240924,CUST-0181,PROD-0064,ST-004,2,4410.0,0.2,7056.0,5662.12,0.0,Completed
ORD-11312,ORD-11312-1,20231230,CUST-0194,PROD-0005,ST-011,1,33510.0,0.05,31834.5,20544.28,0.0,Completed
ORD-11312,ORD-11312-2,20231230,CUST-0194,PROD-0060,ST-011,1,9700.0,0.05,9215.0,4974.74,0.0,Completed
ORD-11313,ORD-11313-1,20231109,CUST-0186,PROD-0068,ST-004,2,1450.0,0.0,2900.0,1571.42,0.0,Completed
ORD-11314,ORD-11314-1,20241216,CUST-0177,PROD-0006,ST-011,1,30230.0,0.2,24184.0,20923.79,0.0,Completed
ORD-11314,ORD-11314-2,20241216,CUST-0177,PROD-0080,ST-011,1,1260.0,0.2,1008.0,768.92,0.0,Completed
ORD-11315,ORD-11315-1,20240108,CUST-0199,PROD-0063,ST-003,1,9290.0,0.0,9290.0,5334.22,0.0,Cancelled
ORD-11315,ORD-11315-2,20240108,CUST-0199,PROD-0054,ST-003,1,12690.0,0.0,12690.0,8857.68,0.0,Cancelled
ORD-11316,ORD-11316-1,20230201,CUST-0075,PROD-0035,ST-005,1,11120.0,0.0,11120.0,5574.09,0.0,Completed
ORD-11317,ORD-11317-1,20241224,CUST-0079,PROD-0068,ST-008,2,1450.0,0.0,2900.0,1571.42,0.0,Completed
ORD-11318,ORD-11318-1,20240702,CUST-0048,PROD-0023,ST-002,1,2850.0,0.0,2850.0,1503.84,0.0,Cancelled
ORD-11318,ORD-11318-2,20240702,CUST-0048,PROD-0050,ST-002,1,4290.0,0.05,4075.5,3053.81,0.0,Cancelled
ORD-11319,ORD-11319-1,20230604,CUST-0085,PROD-0064,ST-012,2,4410.0,0.15,7497.0,5662.12,0.0,Completed
ORD-11319,ORD-11319-2,20230604,CUST-0085,PROD-0062,ST-012,1,10930.0,0.05,10383.5,7130.03,0.0,Completed
ORD-11320,ORD-11320-1,20240405,CUST-0052,PROD-0036,ST-015,2,14060.0,0.15,23902.0,16463.78,0.0,Completed
ORD-11320,ORD-11320-2,20240405,CUST-0052,PROD-0043,ST-015,2,650.0,0.05,1235.0,835.18,0.0,Completed
ORD-11321,ORD-11321-1,20230507,CUST-0081,PROD-0042,ST-010,1,14500.0,0.0,14500.0,10298.12,0.0,Completed
ORD-11322,ORD-11322-1,20240113,CUST-0150,PROD-0067,ST-014,2,1970.0,0.05,3743.0,2205.04,0.0,Completed
ORD-11322,ORD-11322-2,20240113,CUST-0150,PROD-0006,ST-014,2,30230.0,0.1,54414.0,41847.58,0.0,Completed
ORD-11323,ORD-11323-1,20231012,CUST-0024,PROD-0061,ST-011,1,9200.0,0.0,9200.0,5967.9,0.0,Completed
ORD-11324,ORD-11324-1,20240413,CUST-0191,PROD-0040,ST-013,1,9840.0,0.0,9840.0,4975.51,0.0,Completed
ORD-11324,ORD-11324-2,20240413,CUST-0191,PROD-0012,ST-013,2,51760.0,0.2,82816.0,51965.66,0.0,Completed
ORD-11324,ORD-11324-3,20240413,CUST-0191,PROD-0046,ST-013,2,18630.0,0.0,37260.0,22993.04,0.0,Completed
ORD-11325,ORD-11325-1,20231102,CUST-0080,PROD-0033,ST-007,1,6880.0,0.1,6192.0,4450.47,0.0,Completed
ORD-11326,ORD-11326-1,20230426,CUST-0173,PROD-0015,ST-012,1,42990.0,0.0,42990.0,23074.85,0.0,Completed
ORD-11327,ORD-11327-1,20240614,CUST-0065,PROD-0051,ST-000,2,12350.0,0.1,22230.0,14379.66,119.22,Completed
ORD-11327,ORD-11327-2,20240614,CUST-0065,PROD-0022,ST-000,1,4390.0,0.0,4390.0,2634.19,133.42,Completed
ORD-11327,ORD-11327-3,20240614,CUST-0065,PROD-0024,ST-000,2,1330.0,0.1,2394.0,1724.1,55.21,Completed
ORD-11328,ORD-11328-1,20240309,CUST-0070,PROD-0063,ST-006,1,9290.0,0.15,7896.5,5334.22,0.0,Cancelled
ORD-11329,ORD-11329-1,20231212,CUST-0181,PROD-0022,ST-002,1,4390.0,0.0,4390.0,2634.19,0.0,Completed
ORD-11330,ORD-11330-1,20241208,CUST-0147,PROD-0047,ST-015,3,12400.0,0.0,37200.0,24460.98,0.0,Completed
ORD-11330,ORD-11330-2,20241208,CUST-0147,PROD-0064,ST-015,1,4410.0,0.0,4410.0,2831.06,0.0,Completed
ORD-11331,ORD-11331-1,20241201,CUST-0141,PROD-0014,ST-001,2,21550.0,0.1,38790.0,29409.48,0.0,Returned
ORD-11332,ORD-11332-1,20240207,CUST-0002,PROD-0064,ST-009,2,4410.0,0.0,8820.0,5662.12,0.0,Completed
ORD-11332,ORD-11332-2,20240207,CUST-0002,PROD-0026,ST-009,4,3440.0,0.0,13760.0,9842.52,0.0,Completed
ORD-11333,ORD-11333-1,20230131,CUST-0027,PROD-0048,ST-014,1,10690.0,0.05,10155.5,5634.8,0.0,Completed
ORD-11334,ORD-11334-1,20240511,CUST-0006,PROD-0018,ST-000,1,660.0,0.0,660.0,407.13,93.62,Completed
ORD-11334,ORD-11334-2,20240511,CUST-0006,PROD-0049,ST-000,1,3260.0,0.2,2608.0,1841.77,74.4,Completed
ORD-11335,ORD-11335-1,20230516,CUST-0060,PROD-0051,ST-015,1,12350.0,0.0,12350.0,7189.83,0.0,Completed
ORD-11335,ORD-11335-2,20230516,CUST-0060,PROD-0019,ST-015,1,3340.0,0.0,3340.0,1835.11,0.0,Completed
ORD-11336,ORD-11336-1,20230728,CUST-0104,PROD-0048,ST-015,2,10690.0,0.0,21380.0,11269.6,0.0,Completed
ORD-11337,ORD-11337-1,20230316,CUST-0027,PROD-0070,ST-010,1,1750.0,0.0,1750.0,1243.69,0.0,Cancelled
ORD-11338,ORD-11338-1,20231119,CUST-0033,PROD-0047,ST-000,1,12400.0,0.0,12400.0,8153.66,132.43,Completed
ORD-11339,ORD-11339-1,20230801,CUST-0050,PROD-0004,ST-003,3,26120.0,0.0,78360.0,53768.58,0.0,Completed
ORD-11340,ORD-11340-1,20230712,CUST-0040,PROD-0039,ST-007,2,10260.0,0.0,20520.0,12708.44,0.0,Returned
ORD-11341,ORD-11341-1,20241018,CUST-0079,PROD-0042,ST-011,2,14500.0,0.05,27550.0,20596.24,0.0,Completed
ORD-11342,ORD-11342-1,20231226,CUST-0072,PROD-0048,ST-000,1,10690.0,0.0,10690.0,5634.8,65.78,Cancelled
ORD-11343,ORD-11343-1,20241002,CUST-0142,PROD-0029,ST-012,1,1390.0,0.0,1390.0,896.49,0.0,Completed
ORD-11344,ORD-11344-1,20230804,CUST-0086,PROD-0061,ST-013,1,9200.0,0.0,9200.0,5967.9,0.0,Completed
ORD-11344,ORD-11344-2,20230804,CUST-0086,PROD-0034,ST-013,2,17620.0,0.0,35240.0,20079.16,0.0,Completed
ORD-11345,ORD-11345-1,20240219,CUST-0053,PROD-0048,ST-009,1,10690.0,0.15,9086.5,5634.8,0.0,Completed
ORD-11345,ORD-11345-2,20240219,CUST-0053,PROD-0077,ST-009,1,1240.0,0.0,1240.0,714.48,0.0,Completed
ORD-11346,ORD-11346-1,20240210,CUST-0025,PROD-0016,ST-002,2,22690.0,0.0,45380.0,28016.36,0.0,Completed
ORD-11347,ORD-11347-1,20241009,CUST-0148,PROD-0069,ST-002,1,1180.0,0.1,1062.0,848.43,0.0,Completed
ORD-11348,ORD-11348-1,20230919,CUST-0119,PROD-0044,ST-014,2,7910.0,0.0,15820.0,8596.18,0.0,Completed
ORD-11349,ORD-11349-1,20231116,CUST-0063,PROD-0039,ST-013,1,10260.0,0.05,9747.0,6354.22,0.0,Completed
ORD-11350,ORD-11350-1,20231030,CUST-0179,PROD-0056,ST-005,1,12260.0,0.0,12260.0,8197.82,0.0,Completed
ORD-11351,ORD-11351-1,20230805,CUST-0155,PROD-0029,ST-010,1,1390.0,0.1,1251.0,896.49,0.0,Completed
ORD-11352,ORD-11352-1,20230225,CUST-0011,PROD-0019,ST-012,1,3340.0,0.0,3340.0,1835.11,0.0,Completed
ORD-11352,ORD-11352-2,20230225,CUST-0011,PROD-0036,ST-012,1,14060.0,0.05,13357.0,8231.89,0.0,Completed
ORD-11353,ORD-11353-1,20230708,CUST-0095,PROD-0040,ST-011,1,9840.0,0.0,9840.0,4975.51,0.0,Cancelled
ORD-11354,ORD-11354-1,20240917,CUST-0199,PROD-0054,ST-010,1,12690.0,0.1,11421.0,8857.68,0.0,Completed
ORD-11355,ORD-11355-1,20231101,CUST-0041,PROD-0080,ST-011,1,1260.0,0.05,1197.0,768.92,0.0,Completed
ORD-11355,ORD-11355-2,20231101,CUST-0041,PROD-0006,ST-011,2,30230.0,0.0,60460.0,41847.58,0.0,Completed
ORD-11356,ORD-11356-1,20231228,CUST-0093,PROD-0024,ST-000,1,1330.0,0.2,1064.0,862.05,124.74,Completed
ORD-11356,ORD-11356-2,20231228,CUST-0093,PROD-0059,ST-000,1,9340.0,0.0,9340.0,5793.35,104.42,Completed
ORD-11357,ORD-11357-1,20230102,CUST-0015,PROD-0057,ST-015,1,9050.0,0.05,8597.5,4859.52,0.0,Completed
ORD-11357,ORD-11357-2,20230102,CUST-0015,PROD-0001,ST-015,2,4530.0,0.05,8607.0,4852.24,0.0,Completed
ORD-11358,ORD-11358-1,20230507,CUST-0179,PROD-0001,ST-006,4,4530.0,0.0,18120.0,9704.48,0.0,Cancelled
ORD-11358,ORD-11358-2,20230507,CUST-0179,PROD-0010,ST-006,3,16340.0,0.15,41667.0,33900.51,0.0,Cancelled
ORD-11359,ORD-11359-1,20240925,CUST-0191,PROD-0043,ST-008,3,650.0,0.05,1852.5,1252.77,0.0,Completed
ORD-11359,ORD-11359-2,20240925,CUST-0191,PROD-0075,ST-008,2,2610.0,0.05,4959.0,3308.78,0.0,Completed
ORD-11360,ORD-11360-1,20240806,CUST-0030,PROD-0049,ST-015,2,3260.0,0.1,5868.0,3683.54,0.0,Completed
ORD-11361,ORD-11361-1,20231114,CUST-0110,PROD-0017,ST-006,1,3090.0,0.0,3090.0,2135.25,0.0,Cancelled
ORD-11362,ORD-11362-1,20230406,CUST-0080,PROD-0012,ST-007,1,51760.0,0.0,51760.0,25982.83,0.0,Completed
ORD-11362,ORD-11362-2,20230406,CUST-0080,PROD-0033,ST-007,2,6880.0,0.0,13760.0,8900.94,0.0,Completed
ORD-11363,ORD-11363-1,20240106,CUST-0039,PROD-0036,ST-000,1,14060.0,0.1,12654.0,8231.89,99.76,Completed
ORD-11363,ORD-11363-2,20240106,CUST-0039,PROD-0025,ST-000,1,1120.0,0.15,952.0,617.8,89.96,Completed
ORD-11364,ORD-11364-1,20240715,CUST-0165,PROD-0078,ST-000,1,1020.0,0.15,867.0,599.08,93.38,Completed
ORD-11364,ORD-11364-2,20240715,CUST-0165,PROD-0058,ST-000,1,3720.0,0.0,3720.0,1938.33,33.06,Completed
ORD-11365,ORD-11365-1,20230416,CUST-0143,PROD-0006,ST-011,1,30230.0,0.05,28718.5,20923.79,0.0,Completed
ORD-11366,ORD-11366-1,20230212,CUST-0093,PROD-0002,ST-002,2,33460.0,0.0,66920.0,40722.22,0.0,Returned
ORD-11367,ORD-11367-1,20240402,CUST-0099,PROD-0001,ST-015,1,4530.0,0.0,4530.0,2426.12,0.0,Returned
ORD-11368,ORD-11368-1,20240228,CUST-0160,PROD-0040,ST-009,1,9840.0,0.0,9840.0,4975.51,0.0,Completed
ORD-11369,ORD-11369-1,20240520,CUST-0064,PROD-0054,ST-010,1,12690.0,0.1,11421.0,8857.68,0.0,Completed
ORD-11369,ORD-11369-2,20240520,CUST-0064,PROD-0041,ST-010,1,11810.0,0.0,11810.0,7291.41,0.0,Completed
ORD-11370,ORD-11370-1,20230301,CUST-0011,PROD-0060,ST-005,1,9700.0,0.0,9700.0,4974.74,0.0,Completed
ORD-11371,ORD-11371-1,20240729,CUST-0054,PROD-0057,ST-001,1,9050.0,0.0,9050.0,4859.52,0.0,Completed
ORD-11371,ORD-11371-2,20240729,CUST-0054,PROD-0017,ST-001,1,3090.0,0.0,3090.0,2135.25,0.0,Completed
ORD-11372,ORD-11372-1,20231130,CUST-0074,PROD-0048,ST-005,2,10690.0,0.0,21380.0,11269.6,0.0,Completed
ORD-11372,ORD-11372-2,20231130,CUST-0074,PROD-0063,ST-005,1,9290.0,0.1,8361.0,5334.22,0.0,Completed
ORD-11373,ORD-11373-1,20240701,CUST-0117,PROD-0045,ST-005,2,9970.0,0.0,19940.0,11096.42,0.0,Completed
ORD-11374,ORD-11374-1,20241015,CUST-0060,PROD-0049,ST-007,2,3260.0,0.1,5868.0,3683.54,0.0,Completed
ORD-11374,ORD-11374-2,20241015,CUST-0060,PROD-0026,ST-007,2,3440.0,0.0,6880.0,4921.26,0.0,Completed
ORD-11375,ORD-11375-1,20240928,CUST-0068,PROD-0019,ST-004,1,3340.0,0.0,3340.0,1835.11,0.0,Completed
ORD-11375,ORD-11375-2,20240928,CUST-0068,PROD-0048,ST-004,1,10690.0,0.1,9621.0,5634.8,0.0,Completed
ORD-11376,ORD-11376-1,20230324,CUST-0009,PROD-0054,ST-004,1,12690.0,0.2,10152.0,8857.68,0.0,Returned
ORD-11376,ORD-11376-2,20230324,CUST-0009,PROD-0021,ST-004,1,2610.0,0.0,2610.0,1698.88,0.0,Returned
ORD-11377,ORD-11377-1,20240917,CUST-0089,PROD-0002,ST-000,1,33460.0,0.0,33460.0,20361.11,117.61,Returned
ORD-11378,ORD-11378-1,20240911,CUST-0012,PROD-0052,ST-004,2,640.0,0.0,1280.0,819.66,0.0,Cancelled
ORD-11379,ORD-11379-1,20230103,CUST-0055,PROD-0004,ST-015,2,26120.0,0.0,52240.0,35845.72,0.0,Completed
ORD-11380,ORD-11380-1,20240706,CUST-0183,PROD-0075,ST-015,3,2610.0,0.05,7438.5,4963.17,0.0,Cancelled
ORD-11380,ORD-11380-2,20240706,CUST-0183,PROD-0048,ST-015,1,10690.0,0.15,9086.5,5634.8,0.0,Cancelled
ORD-11381,ORD-11381-1,20230826,CUST-0002,PROD-0043,ST-007,4,650.0,0.05,2470.0,1670.36,0.0,Cancelled
ORD-11382,ORD-11382-1,20240905,CUST-0020,PROD-0051,ST-008,1,12350.0,0.1,11115.0,7189.83,0.0,Cancelled
ORD-11383,ORD-11383-1,20231017,CUST-0124,PROD-0049,ST-001,1,3260.0,0.0,3260.0,1841.77,0.0,Completed
ORD-11384,ORD-11384-1,20231008,CUST-0107,PROD-0067,ST-003,2,1970.0,0.2,3152.0,2205.04,0.0,Completed
ORD-11384,ORD-11384-2,20231008,CUST-0107,PROD-0070,ST-003,4,1750.0,0.05,6650.0,4974.76,0.0,Completed
ORD-11384,ORD-11384-3,20231008,CUST-0107,PROD-0027,ST-003,1,1520.0,0.2,1216.0,1037.85,0.0,Completed
ORD-11385,ORD-11385-1,20240718,CUST-0097,PROD-0080,ST-000,1,1260.0,0.05,1197.0,768.92,115.74,Returned
ORD-11386,ORD-11386-1,20231102,CUST-0134,PROD-0008,ST-002,1,15680.0,0.0,15680.0,10516.89,0.0,Completed
ORD-11387,ORD-11387-1,20230323,CUST-0189,PROD-0003,ST-001,1,6190.0,0.05,5880.5,3136.74,0.0,Cancelled
ORD-11388,ORD-11388-1,20240602,CUST-0159,PROD-0016,ST-001,1,22690.0,0.0,22690.0,14008.18,0.0,Completed
ORD-11388,ORD-11388-2,20240602,CUST-0159,PROD-0026,ST-001,1,3440.0,0.05,3268.0,2460.63,0.0,Completed
ORD-11389,ORD-11389-1,20231219,CUST-0170,PROD-0029,ST-004,2,1390.0,0.0,2780.0,1792.98,0.0,Completed
ORD-11390,ORD-11390-1,20230607,CUST-0093,PROD-0033,ST-013,1,6880.0,0.1,6192.0,4450.47,0.0,Completed
ORD-11391,ORD-11391-1,20240520,CUST-0158,PROD-0056,ST-007,2,12260.0,0.0,24520.0,16395.64,0.0,Completed
ORD-11392,ORD-11392-1,20230419,CUST-0143,PROD-0028,ST-012,1,920.0,0.0,920.0,621.01,0.0,Completed
ORD-11393,ORD-11393-1,20231001,CUST-0195,PROD-0010,ST-011,1,16340.0,0.0,16340.0,11300.17,0.0,Completed
ORD-11393,ORD-11393-2,20231001,CUST-0195,PROD-0052,ST-011,1,640.0,0.0,640.0,409.83,0.0,Completed
ORD-11393,ORD-11393-3,20231001,CUST-0195,PROD-0046,ST-011,1,18630.0,0.05,17698.5,11496.52,0.0,Completed
ORD-11394,ORD-11394-1,20240326,CUST-0104,PROD-0037,ST-000,1,11140.0,0.05,10583.0,6659.18,100.93,Completed
ORD-11395,ORD-11395-1,20241121,CUST-0037,PROD-0004,ST-000,2,26120.0,0.1,47016.0,35845.72,87.91,Completed
ORD-11396,ORD-11396-1,20240616,CUST-0177,PROD-0058,ST-012,1,3720.0,0.0,3720.0,1938.33,0.0,Cancelled
ORD-11397,ORD-11397-1,20230210,CUST-0119,PROD-0039,ST-014,1,10260.0,0.0,10260.0,6354.22,0.0,Completed
ORD-11398,ORD-11398-1,20240618,CUST-0048,PROD-0023,ST-005,2,2850.0,0.05,5415.0,3007.68,0.0,Returned
ORD-11399,ORD-11399-1,20240105,CUST-0058,PROD-0031,ST-001,1,4390.0,0.0,4390.0,3154.36,0.0,Completed
ORD-11399,ORD-11399-2,20240105,CUST-0058,PROD-0017,ST-001,2,3090.0,0.0,6180.0,4270.5,0.0,Completed
ORD-11400,ORD-11400-1,20231009,CUST-0106,PROD-0017,ST-005,2,3090.0,0.1,5562.0,4270.5,0.0,Returned
ORD-11401,ORD-11401-1,20230211,CUST-0196,PROD-0079,ST-012,2,1620.0,0.0,3240.0,2275.34,0.0,Cancelled
ORD-11402,ORD-11402-1,20230908,CUST-0080,PROD-0023,ST-005,2,2850.0,0.15,4845.0,3007.68,0.0,Completed
ORD-11403,ORD-11403-1,20231101,CUST-0086,PROD-0054,ST-009,2,12690.0,0.1,22842.0,17715.36,0.0,Completed
ORD-11404,ORD-11404-1,20231025,CUST-0038,PROD-0024,ST-001,2,1330.0,0.0,2660.0,1724.1,0.0,Returned
ORD-11405,ORD-11405-1,20230302,CUST-0185,PROD-0013,ST-006,1,15750.0,0.0,15750.0,8688.15,0.0,Completed
ORD-11405,ORD-11405-2,20230302,CUST-0185,PROD-0057,ST-006,1,9050.0,0.0,9050.0,4859.52,0.0,Completed
ORD-11406,ORD-11406-1,20240801,CUST-0151,PROD-0030,ST-008,2,3060.0,0.0,6120.0,3529.32,0.0,Returned
ORD-11407,ORD-11407-1,20240928,CUST-0084,PROD-0032,ST-010,1,1730.0,0.05,1643.5,906.53,0.0,Completed
ORD-11407,ORD-11407-2,20240928,CUST-0084,PROD-0053,ST-010,2,12030.0,0.0,24060.0,15452.62,0.0,Completed
ORD-11407,ORD-11407-3,20240928,CUST-0084,PROD-0003,ST-010,4,6190.0,0.0,24760.0,12546.96,0.0,Completed
ORD-11408,ORD-11408-1,20240806,CUST-0063,PROD-0063,ST-001,1,9290.0,0.15,7896.5,5334.22,0.0,Completed
ORD-11409,ORD-11409-1,20231218,CUST-0013,PROD-0046,ST-005,2,18630.0,0.0,37260.0,22993.04,0.0,Returned
ORD-11410,ORD-11410-1,20230214,CUST-0140,PROD-0026,ST-001,3,3440.0,0.0,10320.0,7381.89,0.0,Cancelled
ORD-11411,ORD-11411-1,20241111,CUST-0023,PROD-0063,ST-007,1,9290.0,0.0,9290.0,5334.22,0.0,Completed
ORD-11412,ORD-11412-1,20230901,CUST-0167,PROD-0052,ST-010,1,640.0,0.0,640.0,409.83,0.0,Completed
ORD-11413,ORD-11413-1,20240209,CUST-0054,PROD-0074,ST-005,2,1630.0,0.05,3097.0,2077.24,0.0,Completed
ORD-11413,ORD-11413-2,20240209,CUST-0054,PROD-0071,ST-005,1,430.0,0.0,430.0,257.61,0.0,Completed
ORD-11413,ORD-11413-3,20240209,CUST-0054,PROD-0054,ST-005,2,12690.0,0.0,25380.0,17715.36,0.0,Completed
ORD-11414,ORD-11414-1,20230112,CUST-0120,PROD-0008,ST-009,3,15680.0,0.0,47040.0,31550.67,0.0,Completed
ORD-11415,ORD-11415-1,20230908,CUST-0141,PROD-0039,ST-011,2,10260.0,0.0,20520.0,12708.44,0.0,Cancelled
ORD-11415,ORD-11415-2,20230908,CUST-0141,PROD-0047,ST-011,2,12400.0,0.0,24800.0,16307.32,0.0,Cancelled
ORD-11416,ORD-11416-1,20240131,CUST-0064,PROD-0042,ST-010,4,14500.0,0.05,55100.0,41192.48,0.0,Returned
ORD-11416,ORD-11416-2,20240131,CUST-0064,PROD-0027,ST-010,1,1520.0,0.15,1292.0,1037.85,0.0,Returned
ORD-11417,ORD-11417-1,20240116,CUST-0079,PROD-0006,ST-009,2,30230.0,0.0,60460.0,41847.58,0.0,Completed
ORD-11417,ORD-11417-2,20240116,CUST-0079,PROD-0017,ST-009,2,3090.0,0.05,5871.0,4270.5,0.0,Completed
ORD-11418,ORD-11418-1,20230510,CUST-0006,PROD-0071,ST-004,1,430.0,0.0,430.0,257.61,0.0,Completed
ORD-11419,ORD-11419-1,20230728,CUST-0066,PROD-0072,ST-009,1,2790.0,0.05,2650.5,1539.02,0.0,Completed
ORD-11420,ORD-11420-1,20230924,CUST-0130,PROD-0080,ST-002,1,1260.0,0.05,1197.0,768.92,0.0,Returned
ORD-11420,ORD-11420-2,20230924,CUST-0130,PROD-0049,ST-002,1,3260.0,0.0,3260.0,1841.77,0.0,Returned
ORD-11421,ORD-11421-1,20240629,CUST-0042,PROD-0008,ST-001,1,15680.0,0.0,15680.0,10516.89,0.0,Completed
ORD-11422,ORD-11422-1,20231210,CUST-0058,PROD-0075,ST-005,1,2610.0,0.15,2218.5,1654.39,0.0,Completed
ORD-11422,ORD-11422-2,20231210,CUST-0058,PROD-0015,ST-005,1,42990.0,0.0,42990.0,23074.85,0.0,Completed
ORD-11423,ORD-11423-1,20231222,CUST-0044,PROD-0003,ST-011,1,6190.0,0.0,6190.0,3136.74,0.0,Completed
ORD-11423,ORD-11423-2,20231222,CUST-0044,PROD-0074,ST-011,1,1630.0,0.0,1630.0,1038.62,0.0,Completed
ORD-11423,ORD-11423-3,20231222,CUST-0044,PROD-0068,ST-011,2,1450.0,0.0,2900.0,1571.42,0.0,Completed
ORD-11424,ORD-11424-1,20240311,CUST-0031,PROD-0058,ST-013,2,3720.0,0.0,7440.0,3876.66,0.0,Completed
ORD-11425,ORD-11425-1,20240817,CUST-0107,PROD-0056,ST-007,2,12260.0,0.1,22068.0,16395.64,0.0,Returned
ORD-11425,ORD-11425-2,20240817,CUST-0107,PROD-0068,ST-007,1,1450.0,0.0,1450.0,785.71,0.0,Returned
ORD-11426,ORD-11426-1,20230720,CUST-0028,PROD-0057,ST-015,1,9050.0,0.1,8145.0,4859.52,0.0,Completed
ORD-11427,ORD-11427-1,20240917,CUST-0165,PROD-0076,ST-014,1,250.0,0.05,237.5,141.67,0.0,Returned
ORD-11427,ORD-11427-2,20240917,CUST-0165,PROD-0040,ST-014,1,9840.0,0.0,9840.0,4975.51,0.0,Returned
ORD-11427,ORD-11427-3,20240917,CUST-0165,PROD-0065,ST-014,1,1070.0,0.15,909.5,588.35,0.0,Returned
ORD-11428,ORD-11428-1,20240620,CUST-0184,PROD-0049,ST-009,1,3260.0,0.0,3260.0,1841.77,0.0,Cancelled
ORD-11428,ORD-11428-2,20240620,CUST-0184,PROD-0032,ST-009,1,1730.0,0.05,1643.5,906.53,0.0,Cancelled
ORD-11429,ORD-11429-1,20241012,CUST-0057,PROD-0067,ST-015,3,1970.0,0.0,5910.0,3307.56,0.0,Completed
ORD-11430,ORD-11430-1,20230209,CUST-0051,PROD-0007,ST-003,2,36360.0,0.0,72720.0,50956.36,0.0,Completed
ORD-11431,ORD-11431-1,20240603,CUST-0196,PROD-0052,ST-000,1,640.0,0.0,640.0,409.83,36.23,Completed
ORD-11432,ORD-11432-1,20231022,CUST-0195,PROD-0005,ST-009,3,33510.0,0.15,85450.5,61632.84,0.0,Completed
ORD-11433,ORD-11433-1,20240402,CUST-0126,PROD-0040,ST-010,1,9840.0,0.0,9840.0,4975.51,0.0,Completed
ORD-11433,ORD-11433-2,20240402,CUST-0126,PROD-0056,ST-010,1,12260.0,0.0,12260.0,8197.82,0.0,Completed
ORD-11434,ORD-11434-1,20240526,CUST-0128,PROD-0055,ST-006,1,11840.0,0.0,11840.0,6635.81,0.0,Completed
ORD-11435,ORD-11435-1,20231130,CUST-0143,PROD-0008,ST-000,1,15680.0,0.0,15680.0,10516.89,141.75,Completed
ORD-11435,ORD-11435-2,20231130,CUST-0143,PROD-0021,ST-000,2,2610.0,0.0,5220.0,3397.76,27.63,Completed
ORD-11436,ORD-11436-1,20230510,CUST-0171,PROD-0037,ST-012,2,11140.0,0.1,20052.0,13318.36,0.0,Completed
ORD-11437,ORD-11437-1,20230610,CUST-0181,PROD-0074,ST-003,2,1630.0,0.15,2771.0,2077.24,0.0,Cancelled
ORD-11438,ORD-11438-1,20240211,CUST-0195,PROD-0060,ST-007,1,9700.0,0.1,8730.0,4974.74,0.0,Returned
ORD-11439,ORD-11439-1,20240601,CUST-0052,PROD-0026,ST-004,1,3440.0,0.0,3440.0,2460.63,0.0,Completed
ORD-11439,ORD-11439-2,20240601,CUST-0052,PROD-0023,ST-004,2,2850.0,0.2,4560.0,3007.68,0.0,Completed
ORD-11440,ORD-11440-1,20230705,CUST-0184,PROD-0033,ST-004,2,6880.0,0.0,13760.0,8900.94,0.0,Cancelled
ORD-11440,ORD-11440-2,20230705,CUST-0184,PROD-0010,ST-004,1,16340.0,0.0,16340.0,11300.17,0.0,Cancelled
ORD-11441,ORD-11441-1,20230804,CUST-0070,PROD-0011,ST-009,1,36390.0,0.05,34570.5,19504.14,0.0,Completed
ORD-11442,ORD-11442-1,20230127,CUST-0099,PROD-0076,ST-001,2,250.0,0.0,500.0,283.34,0.0,Completed
ORD-11443,ORD-11443-1,20231206,CUST-0124,PROD-0011,ST-015,3,36390.0,0.05,103711.5,58512.42,0.0,Completed
ORD-11443,ORD-11443-2,20231206,CUST-0124,PROD-0068,ST-015,3,1450.0,0.0,4350.0,2357.13,0.0,Completed
ORD-11444,ORD-11444-1,20231007,CUST-0177,PROD-0067,ST-012,2,1970.0,0.0,3940.0,2205.04,0.0,Returned
ORD-11445,ORD-11445-1,20240407,CUST-0090,PROD-0017,ST-009,2,3090.0,0.0,6180.0,4270.5,0.0,Completed
ORD-11446,ORD-11446-1,20230422,CUST-0093,PROD-0070,ST-014,1,1750.0,0.05,1662.5,1243.69,0.0,Completed
ORD-11447,ORD-11447-1,20241202,CUST-0174,PROD-0040,ST-000,1,9840.0,0.0,9840.0,4975.51,57.03,Completed
ORD-11448,ORD-11448-1,20230824,CUST-0019,PROD-0003,ST-004,4,6190.0,0.0,24760.0,12546.96,0.0,Returned
ORD-11449,ORD-11449-1,20231220,CUST-0164,PROD-0073,ST-015,1,2250.0,0.2,1800.0,1505.46,0.0,Cancelled
ORD-11450,ORD-11450-1,20231217,CUST-0031,PROD-0056,ST-004,2,12260.0,0.0,24520.0,16395.64,0.0,Completed
ORD-11451,ORD-11451-1,20241028,CUST-0126,PROD-0052,ST-011,1,640.0,0.0,640.0,409.83,0.0,Returned
ORD-11451,ORD-11451-2,20241028,CUST-0126,PROD-0043,ST-011,1,650.0,0.0,650.0,417.59,0.0,Returned
ORD-11451,ORD-11451-3,20241028,CUST-0126,PROD-0004,ST-011,1,26120.0,0.0,26120.0,17922.86,0.0,Returned
ORD-11452,ORD-11452-1,20241222,CUST-0057,PROD-0034,ST-008,1,17620.0,0.05,16739.0,10039.58,0.0,Completed
ORD-11452,ORD-11452-2,20241222,CUST-0057,PROD-0080,ST-008,1,1260.0,0.05,1197.0,768.92,0.0,Completed
ORD-11453,ORD-11453-1,20230406,CUST-0094,PROD-0038,ST-007,1,12270.0,0.1,11043.0,7938.77,0.0,Completed
ORD-11454,ORD-11454-1,20241107,CUST-0021,PROD-0019,ST-002,2,3340.0,0.0,6680.0,3670.22,0.0,Returned
ORD-11455,ORD-11455-1,20230504,CUST-0161,PROD-0055,ST-010,2,11840.0,0.0,23680.0,13271.62,0.0,Completed
ORD-11456,ORD-11456-1,20230324,CUST-0052,PROD-0044,ST-014,2,7910.0,0.0,15820.0,8596.18,0.0,Completed
ORD-11457,ORD-11457-1,20240706,CUST-0054,PROD-0001,ST-000,2,4530.0,0.0,9060.0,4852.24,70.05,Completed
ORD-11458,ORD-11458-1,20231204,CUST-0196,PROD-0045,ST-010,1,9970.0,0.15,8474.5,5548.21,0.0,Completed
ORD-11458,ORD-11458-2,20231204,CUST-0196,PROD-0072,ST-010,1,2790.0,0.0,2790.0,1539.02,0.0,Completed
ORD-11459,ORD-11459-1,20240121,CUST-0106,PROD-0011,ST-001,1,36390.0,0.1,32751.0,19504.14,0.0,Returned
ORD-11459,ORD-11459-2,20240121,CUST-0106,PROD-0017,ST-001,2,3090.0,0.05,5871.0,4270.5,0.0,Returned
ORD-11460,ORD-11460-1,20230426,CUST-0173,PROD-0013,ST-011,3,15750.0,0.05,44887.5,26064.45,0.0,Completed
ORD-11461,ORD-11461-1,20231108,CUST-0110,PROD-0061,ST-010,2,9200.0,0.1,16560.0,11935.8,0.0,Completed
ORD-11462,ORD-11462-1,20240229,CUST-0131,PROD-0045,ST-015,2,9970.0,0.0,19940.0,11096.42,0.0,Returned
ORD-11463,ORD-11463-1,20230801,CUST-0182,PROD-0077,ST-000,1,1240.0,0.0,1240.0,714.48,143.63,Completed
ORD-11464,ORD-11464-1,20230723,CUST-0186,PROD-0017,ST-002,3,3090.0,0.0,9270.0,6405.75,0.0,Completed
ORD-11465,ORD-11465-1,20230219,CUST-0040,PROD-0075,ST-014,1,2610.0,0.05,2479.5,1654.39,0.0,Completed
ORD-11465,ORD-11465-2,20230219,CUST-0040,PROD-0071,ST-014,1,430.0,0.0,430.0,257.61,0.0,Completed
ORD-11466,ORD-11466-1,20240212,CUST-0030,PROD-0032,ST-000,4,1730.0,0.2,5536.0,3626.12,21.45,Completed
ORD-11467,ORD-11467-1,20230824,CUST-0052,PROD-0049,ST-007,1,3260.0,0.15,2771.0,1841.77,0.0,Completed
ORD-11468,ORD-11468-1,20231011,CUST-0067,PROD-0021,ST-013,1,2610.0,0.0,2610.0,1698.88,0.0,Completed
ORD-11469,ORD-11469-1,20240502,CUST-0086,PROD-0065,ST-000,1,1070.0,0.0,1070.0,588.35,62.51,Returned
ORD-11470,ORD-11470-1,20230714,CUST-0130,PROD-0038,ST-002,1,12270.0,0.1,11043.0,7938.77,0.0,Completed
ORD-11471,ORD-11471-1,20240212,CUST-0190,PROD-0051,ST-004,1,12350.0,0.0,12350.0,7189.83,0.0,Cancelled
ORD-11472,ORD-11472-1,20230919,CUST-0021,PROD-0008,ST-003,4,15680.0,0.0,62720.0,42067.56,0.0,Completed
ORD-11473,ORD-11473-1,20240720,CUST-0161,PROD-0019,ST-008,2,3340.0,0.0,6680.0,3670.22,0.0,Returned
ORD-11474,ORD-11474-1,20241226,CUST-0003,PROD-0055,ST-000,1,11840.0,0.0,11840.0,6635.81,106.02,Completed
ORD-11475,ORD-11475-1,20240825,CUST-0107,PROD-0013,ST-004,1,15750.0,0.0,15750.0,8688.15,0.0,Cancelled
ORD-11476,ORD-11476-1,20241103,CUST-0032,PROD-0025,ST-006,2,1120.0,0.0,2240.0,1235.6,0.0,Completed
ORD-11477,ORD-11477-1,20240907,CUST-0130,PROD-0001,ST-008,1,4530.0,0.0,4530.0,2426.12,0.0,Completed
ORD-11478,ORD-11478-1,20240409,CUST-0065,PROD-0055,ST-005,1,11840.0,0.1,10656.0,6635.81,0.0,Completed
ORD-11478,ORD-11478-2,20240409,CUST-0065,PROD-0041,ST-005,1,11810.0,0.1,10629.0,7291.41,0.0,Completed
ORD-11479,ORD-11479-1,20240629,CUST-0107,PROD-0073,ST-003,4,2250.0,0.0,9000.0,6021.84,0.0,Completed
ORD-11479,ORD-11479-2,20240629,CUST-0107,PROD-0020,ST-003,2,1850.0,0.1,3330.0,2262.88,0.0,Completed
ORD-11480,ORD-11480-1,20241216,CUST-0028,PROD-0028,ST-014,1,920.0,0.0,920.0,621.01,0.0,Cancelled
ORD-11481,ORD-11481-1,20240421,CUST-0103,PROD-0073,ST-005,3,2250.0,0.0,6750.0,4516.38,0.0,Completed
ORD-11481,ORD-11481-2,20240421,CUST-0103,PROD-0057,ST-005,1,9050.0,0.15,7692.5,4859.52,0.0,Completed
ORD-11482,ORD-11482-1,20240430,CUST-0152,PROD-0027,ST-001,1,1520.0,0.0,1520.0,1037.85,0.0,Returned
ORD-11483,ORD-11483-1,20241029,CUST-0008,PROD-0080,ST-001,1,1260.0,0.1,1134.0,768.92,0.0,Cancelled
ORD-11484,ORD-11484-1,20240529,CUST-0031,PROD-0043,ST-000,2,650.0,0.0,1300.0,835.18,144.51,Completed
ORD-11485,ORD-11485-1,20240220,CUST-0160,PROD-0021,ST-000,1,2610.0,0.0,2610.0,1698.88,24.65,Cancelled
ORD-11486,ORD-11486-1,20230503,CUST-0182,PROD-0043,ST-007,4,650.0,0.0,2600.0,1670.36,0.0,Returned
ORD-11487,ORD-11487-1,20231210,CUST-0045,PROD-0010,ST-007,2,16340.0,0.0,32680.0,22600.34,0.0,Completed
ORD-11488,ORD-11488-1,20240220,CUST-0011,PROD-0021,ST-010,3,2610.0,0.0,7830.0,5096.64,0.0,Completed
ORD-11489,ORD-11489-1,20240330,CUST-0131,PROD-0041,ST-003,2,11810.0,0.1,21258.0,14582.82,0.0,Completed
ORD-11490,ORD-11490-1,20230815,CUST-0036,PROD-0073,ST-006,1,2250.0,0.0,2250.0,1505.46,0.0,Completed
ORD-11491,ORD-11491-1,20240927,CUST-0097,PROD-0078,ST-000,1,1020.0,0.0,1020.0,599.08,69.3,Returned
ORD-11492,ORD-11492-1,20241105,CUST-0196,PROD-0026,ST-013,1,3440.0,0.1,3096.0,2460.63,0.0,Completed
ORD-11493,ORD-11493-1,20240905,CUST-0192,PROD-0060,ST-006,1,9700.0,0.2,7760.0,4974.74,0.0,Completed
ORD-11494,ORD-11494-1,20241111,CUST-0083,PROD-0032,ST-014,1,1730.0,0.0,1730.0,906.53,0.0,Returned
ORD-11495,ORD-11495-1,20240830,CUST-0053,PROD-0015,ST-015,2,42990.0,0.05,81681.0,46149.7,0.0,Completed
ORD-11496,ORD-11496-1,20230126,CUST-0071,PROD-0063,ST-003,1,9290.0,0.15,7896.5,5334.22,0.0,Completed
ORD-11497,ORD-11497-1,20241212,CUST-0149,PROD-0027,ST-009,1,1520.0,0.0,1520.0,1037.85,0.0,Returned
ORD-11498,ORD-11498-1,20241007,CUST-0093,PROD-0070,ST-006,1,1750.0,0.0,1750.0,1243.69,0.0,Returned
ORD-11499,ORD-11499-1,20231011,CUST-0006,PROD-0021,ST-002,1,2610.0,0.0,2610.0,1698.88,0.0,Completed
ORD-11499,ORD-11499-2,20231011,CUST-0006,PROD-0002,ST-002,2,33460.0,0.05,63574.0,40722.22,0.0,Completed
ORD-11500,ORD-11500-1,20240118,CUST-0031,PROD-0047,ST-009,1,12400.0,0.1,11160.0,8153.66,0.0,Cancelled
ORD-11501,ORD-11501-1,20230809,CUST-0130,PROD-0068,ST-007,1,1450.0,0.0,1450.0,785.71,0.0,Completed
ORD-11502,ORD-11502-1,20240619,CUST-0120,PROD-0004,ST-003,2,26120.0,0.05,49628.0,35845.72,0.0,Completed
ORD-11503,ORD-11503-1,20240817,CUST-0193,PROD-0048,ST-001,1,10690.0,0.0,10690.0,5634.8,0.0,Cancelled
ORD-11503,ORD-11503-2,20240817,CUST-0193,PROD-0053,ST-001,1,12030.0,0.1,10827.0,7726.31,0.0,Cancelled
ORD-11504,ORD-11504-1,20240212,CUST-0051,PROD-0026,ST-000,2,3440.0,0.0,6880.0,4921.26,95.09,Returned
ORD-11505,ORD-11505-1,20231001,CUST-0082,PROD-0015,ST-004,1,42990.0,0.0,42990.0,23074.85,0.0,Completed
ORD-11505,ORD-11505-2,20231001,CUST-0082,PROD-0072,ST-004,1,2790.0,0.1,2511.0,1539.02,0.0,Completed
ORD-11506,ORD-11506-1,20230528,CUST-0022,PROD-0066,ST-003,1,1630.0,0.15,1385.5,839.25,0.0,Completed
ORD-11507,ORD-11507-1,20230302,CUST-0124,PROD-0009,ST-000,1,23630.0,0.0,23630.0,14479.88,74.05,Returned
ORD-11507,ORD-11507-2,20230302,CUST-0124,PROD-0056,ST-000,1,12260.0,0.05,11647.0,8197.82,118.72,Returned
ORD-11508,ORD-11508-1,20240908,CUST-0011,PROD-0067,ST-012,1,1970.0,0.0,1970.0,1102.52,0.0,Completed
ORD-11509,ORD-11509-1,20240115,CUST-0196,PROD-0002,ST-000,2,33460.0,0.0,66920.0,40722.22,112.8,Completed
ORD-11510,ORD-11510-1,20231112,CUST-0057,PROD-0031,ST-000,1,4390.0,0.0,4390.0,3154.36,27.67,Completed
ORD-11511,ORD-11511-1,20230807,CUST-0048,PROD-0032,ST-001,2,1730.0,0.05,3287.0,1813.06,0.0,Completed
ORD-11512,ORD-11512-1,20231012,CUST-0199,PROD-0078,ST-013,2,1020.0,0.1,1836.0,1198.16,0.0,Completed
ORD-11513,ORD-11513-1,20240517,CUST-0051,PROD-0041,ST-000,1,11810.0,0.0,11810.0,7291.41,82.13,Completed
ORD-11513,ORD-11513-2,20240517,CUST-0051,PROD-0080,ST-000,1,1260.0,0.0,1260.0,768.92,127.17,Completed
ORD-11514,ORD-11514-1,20241101,CUST-0013,PROD-0006,ST-000,2,30230.0,0.05,57437.0,41847.58,143.27,Returned
ORD-11515,ORD-11515-1,20240602,CUST-0115,PROD-0022,ST-009,2,4390.0,0.15,7463.0,5268.38,0.0,Cancelled
ORD-11516,ORD-11516-1,20240423,CUST-0087,PROD-0027,ST-000,4,1520.0,0.0,6080.0,4151.4,92.24,Returned
ORD-11517,ORD-11517-1,20230524,CUST-0138,PROD-0027,ST-000,2,1520.0,0.15,2584.0,2075.7,81.49,Cancelled
ORD-11518,ORD-11518-1,20240720,CUST-0046,PROD-0054,ST-000,2,12690.0,0.05,24111.0,17715.36,36.88,Completed
ORD-11518,ORD-11518-2,20240720,CUST-0046,PROD-0066,ST-000,1,1630.0,0.0,1630.0,839.25,64.96,Completed
ORD-11519,ORD-11519-1,20240718,CUST-0011,PROD-0048,ST-012,1,10690.0,0.0,10690.0,5634.8,0.0,Returned
ORD-11520,ORD-11520-1,20230719,CUST-0197,PROD-0043,ST-000,1,650.0,0.0,650.0,417.59,47.76,Returned
ORD-11521,ORD-11521-1,20241128,CUST-0012,PROD-0079,ST-000,2,1620.0,0.0,3240.0,2275.34,49.81,Cancelled
ORD-11522,ORD-11522-1,20230224,CUST-0042,PROD-0005,ST-012,1,33510.0,0.0,33510.0,20544.28,0.0,Completed
ORD-11523,ORD-11523-1,20241219,CUST-0102,PROD-0014,ST-009,1,21550.0,0.2,17240.0,14704.74,0.0,Completed
ORD-11523,ORD-11523-2,20241219,CUST-0102,PROD-0071,ST-009,1,430.0,0.15,365.5,257.61,0.0,Completed
ORD-11524,ORD-11524-1,20230815,CUST-0010,PROD-0053,ST-012,1,12030.0,0.0,12030.0,7726.31,0.0,Cancelled
ORD-11524,ORD-11524-2,20230815,CUST-0010,PROD-0064,ST-012,2,4410.0,0.05,8379.0,5662.12,0.0,Cancelled
ORD-11525,ORD-11525-1,20240822,CUST-0098,PROD-0004,ST-001,1,26120.0,0.0,26120.0,17922.86,0.0,Completed
ORD-11526,ORD-11526-1,20241006,CUST-0065,PROD-0032,ST-006,3,1730.0,0.0,5190.0,2719.59,0.0,Completed
ORD-11527,ORD-11527-1,20241209,CUST-0164,PROD-0057,ST-003,1,9050.0,0.0,9050.0,4859.52,0.0,Cancelled
ORD-11528,ORD-11528-1,20231008,CUST-0173,PROD-0077,ST-009,1,1240.0,0.0,1240.0,714.48,0.0,Returned
ORD-11529,ORD-11529-1,20241214,CUST-0056,PROD-0069,ST-015,2,1180.0,0.15,2006.0,1696.86,0.0,Cancelled
ORD-11530,ORD-11530-1,20230610,CUST-0123,PROD-0012,ST-003,1,51760.0,0.0,51760.0,25982.83,0.0,Completed
ORD-11530,ORD-11530-2,20230610,CUST-0123,PROD-0064,ST-003,2,4410.0,0.0,8820.0,5662.12,0.0,Completed
ORD-11531,ORD-11531-1,20230314,CUST-0183,PROD-0025,ST-005,3,1120.0,0.05,3192.0,1853.4,0.0,Completed
ORD-11531,ORD-11531-2,20230314,CUST-0183,PROD-0031,ST-005,2,4390.0,0.05,8341.0,6308.72,0.0,Completed
ORD-11532,ORD-11532-1,20230531,CUST-0173,PROD-0004,ST-008,2,26120.0,0.0,52240.0,35845.72,0.0,Cancelled
ORD-11532,ORD-11532-2,20230531,CUST-0173,PROD-0041,ST-008,1,11810.0,0.0,11810.0,7291.41,0.0,Cancelled
ORD-11533,ORD-11533-1,20230315,CUST-0159,PROD-0071,ST-006,2,430.0,0.1,774.0,515.22,0.0,Completed
ORD-11534,ORD-11534-1,20231021,CUST-0006,PROD-0038,ST-004,1,12270.0,0.0,12270.0,7938.77,0.0,Completed
ORD-11535,ORD-11535-1,20241022,CUST-0198,PROD-0034,ST-010,1,17620.0,0.15,14977.0,10039.58,0.0,Completed
ORD-11536,ORD-11536-1,20241216,CUST-0104,PROD-0019,ST-000,2,3340.0,0.05,6346.0,3670.22,68.61,Cancelled
ORD-11537,ORD-11537-1,20231130,CUST-0150,PROD-0008,ST-010,1,15680.0,0.0,15680.0,10516.89,0.0,Returned
ORD-11538,ORD-11538-1,20241004,CUST-0095,PROD-0055,ST-014,1,11840.0,0.0,11840.0,6635.81,0.0,Cancelled
ORD-11539,ORD-11539-1,20240729,CUST-0131,PROD-0074,ST-003,1,1630.0,0.1,1467.0,1038.62,0.0,Completed
ORD-11540,ORD-11540-1,20240910,CUST-0050,PROD-0009,ST-003,2,23630.0,0.05,44897.0,28959.76,0.0,Completed
ORD-11540,ORD-11540-2,20240910,CUST-0050,PROD-0015,ST-003,1,42990.0,0.05,40840.5,23074.85,0.0,Completed
ORD-11540,ORD-11540-3,20240910,CUST-0050,PROD-0080,ST-003,1,1260.0,0.2,1008.0,768.92,0.0,Completed
ORD-11541,ORD-11541-1,20240216,CUST-0163,PROD-0038,ST-002,2,12270.0,0.0,24540.0,15877.54,0.0,Completed
ORD-11542,ORD-11542-1,20241117,CUST-0188,PROD-0027,ST-010,1,1520.0,0.2,1216.0,1037.85,0.0,Completed
ORD-11543,ORD-11543-1,20241004,CUST-0129,PROD-0079,ST-012,3,1620.0,0.15,4131.0,3413.01,0.0,Completed
ORD-11543,ORD-11543-2,20241004,CUST-0129,PROD-0014,ST-012,2,21550.0,0.15,36635.0,29409.48,0.0,Completed
ORD-11544,ORD-11544-1,20240816,CUST-0144,PROD-0063,ST-001,1,9290.0,0.05,8825.5,5334.22,0.0,Returned
ORD-11544,ORD-11544-2,20240816,CUST-0144,PROD-0005,ST-001,1,33510.0,0.0,33510.0,20544.28,0.0,Returned
ORD-11545,ORD-11545-1,20240701,CUST-0120,PROD-0055,ST-010,2,11840.0,0.0,23680.0,13271.62,0.0,Completed
ORD-11546,ORD-11546-1,20230731,CUST-0105,PROD-0070,ST-004,3,1750.0,0.2,4200.0,3731.07,0.0,Returned
ORD-11546,ORD-11546-2,20230731,CUST-0105,PROD-0060,ST-004,1,9700.0,0.1,8730.0,4974.74,0.0,Returned
ORD-11547,ORD-11547-1,20230519,CUST-0138,PROD-0031,ST-007,1,4390.0,0.0,4390.0,3154.36,0.0,Completed
ORD-11548,ORD-11548-1,20240629,CUST-0182,PROD-0022,ST-000,2,4390.0,0.1,7902.0,5268.38,27.46,Completed
ORD-11549,ORD-11549-1,20241108,CUST-0071,PROD-0043,ST-003,4,650.0,0.1,2340.0,1670.36,0.0,Completed
ORD-11550,ORD-11550-1,20240215,CUST-0162,PROD-0025,ST-005,1,1120.0,0.0,1120.0,617.8,0.0,Completed
ORD-11550,ORD-11550-2,20240215,CUST-0162,PROD-0052,ST-005,4,640.0,0.0,2560.0,1639.32,0.0,Completed
ORD-11551,ORD-11551-1,20240714,CUST-0006,PROD-0050,ST-000,2,4290.0,0.15,7293.0,6107.62,52.87,Completed
ORD-11552,ORD-11552-1,20241102,CUST-0093,PROD-0050,ST-013,1,4290.0,0.0,4290.0,3053.81,0.0,Completed
ORD-11553,ORD-11553-1,20231211,CUST-0199,PROD-0034,ST-012,2,17620.0,0.05,33478.0,20079.16,0.0,Completed
ORD-11554,ORD-11554-1,20240112,CUST-0042,PROD-0040,ST-000,1,9840.0,0.05,9348.0,4975.51,137.22,Completed
ORD-11555,ORD-11555-1,20231226,CUST-0174,PROD-0030,ST-000,2,3060.0,0.0,6120.0,3529.32,89.31,Completed
ORD-11555,ORD-11555-2,20231226,CUST-0174,PROD-0004,ST-000,1,26120.0,0.05,24814.0,17922.86,26.77,Completed
ORD-11556,ORD-11556-1,20241221,CUST-0041,PROD-0045,ST-000,3,9970.0,0.05,28414.5,16644.63,132.03,Completed
ORD-11557,ORD-11557-1,20230105,CUST-0139,PROD-0080,ST-013,1,1260.0,0.0,1260.0,768.92,0.0,Cancelled
ORD-11558,ORD-11558-1,20230208,CUST-0115,PROD-0018,ST-003,1,660.0,0.0,660.0,407.13,0.0,Completed
ORD-11558,ORD-11558-2,20230208,CUST-0115,PROD-0021,ST-003,2,2610.0,0.1,4698.0,3397.76,0.0,Completed
ORD-11559,ORD-11559-1,20240801,CUST-0140,PROD-0079,ST-002,1,1620.0,0.05,1539.0,1137.67,0.0,Completed
ORD-11559,ORD-11559-2,20240801,CUST-0140,PROD-0005,ST-002,1,33510.0,0.0,33510.0,20544.28,0.0,Completed
ORD-11559,ORD-11559-3,20240801,CUST-0140,PROD-0047,ST-002,1,12400.0,0.0,12400.0,8153.66,0.0,Completed
ORD-11560,ORD-11560-1,20241004,CUST-0154,PROD-0034,ST-015,1,17620.0,0.0,17620.0,10039.58,0.0,Completed
ORD-11561,ORD-11561-1,20231210,CUST-0153,PROD-0009,ST-000,2,23630.0,0.05,44897.0,28959.76,78.41,Completed
ORD-11561,ORD-11561-2,20231210,CUST-0153,PROD-0057,ST-000,1,9050.0,0.15,7692.5,4859.52,140.89,Completed
ORD-11562,ORD-11562-1,20231109,CUST-0080,PROD-0037,ST-007,1,11140.0,0.0,11140.0,6659.18,0.0,Returned
ORD-11562,ORD-11562-2,20231109,CUST-0080,PROD-0063,ST-007,3,9290.0,0.1,25083.0,16002.66,0.0,Returned
ORD-11563,ORD-11563-1,20230826,CUST-0106,PROD-0072,ST-007,3,2790.0,0.0,8370.0,4617.06,0.0,Completed
ORD-11563,ORD-11563-2,20230826,CUST-0106,PROD-0006,ST-007,1,30230.0,0.1,27207.0,20923.79,0.0,Completed
ORD-11564,ORD-11564-1,20231127,CUST-0003,PROD-0011,ST-006,1,36390.0,0.0,36390.0,19504.14,0.0,Completed
ORD-11564,ORD-11564-2,20231127,CUST-0003,PROD-0002,ST-006,2,33460.0,0.0,66920.0,40722.22,0.0,Completed
ORD-11565,ORD-11565-1,20230725,CUST-0169,PROD-0056,ST-002,2,12260.0,0.0,24520.0,16395.64,0.0,Completed
ORD-11565,ORD-11565-2,20230725,CUST-0169,PROD-0012,ST-002,1,51760.0,0.1,46584.0,25982.83,0.0,Completed
ORD-11566,ORD-11566-1,20241206,CUST-0022,PROD-0060,ST-001,1,9700.0,0.1,8730.0,4974.74,0.0,Completed
ORD-11567,ORD-11567-1,20241106,CUST-0084,PROD-0048,ST-005,1,10690.0,0.0,10690.0,5634.8,0.0,Completed
ORD-11568,ORD-11568-1,20230111,CUST-0185,PROD-0067,ST-001,1,1970.0,0.0,1970.0,1102.52,0.0,Completed
ORD-11569,ORD-11569-1,20230607,CUST-0054,PROD-0077,ST-002,2,1240.0,0.0,2480.0,1428.96,0.0,Completed
ORD-11570,ORD-11570-1,20240131,CUST-0059,PROD-0040,ST-001,1,9840.0,0.2,7872.0,4975.51,0.0,Completed
ORD-11571,ORD-11571-1,20230605,CUST-0054,PROD-0073,ST-000,2,2250.0,0.0,4500.0,3010.92,98.16,Returned
ORD-11572,ORD-11572-1,20240725,CUST-0033,PROD-0008,ST-010,2,15680.0,0.0,31360.0,21033.78,0.0,Completed
ORD-11573,ORD-11573-1,20230311,CUST-0154,PROD-0006,ST-015,1,30230.0,0.1,27207.0,20923.79,0.0,Completed
ORD-11574,ORD-11574-1,20230906,CUST-0027,PROD-0078,ST-000,2,1020.0,0.0,2040.0,1198.16,123.92,Completed
ORD-11575,ORD-11575-1,20241103,CUST-0094,PROD-0023,ST-000,1,2850.0,0.0,2850.0,1503.84,144.14,Completed
ORD-11576,ORD-11576-1,20231010,CUST-0194,PROD-0062,ST-015,1,10930.0,0.2,8744.0,7130.03,0.0,Completed
ORD-11576,ORD-11576-2,20231010,CUST-0194,PROD-0002,ST-015,1,33460.0,0.0,33460.0,20361.11,0.0,Completed
ORD-11577,ORD-11577-1,20231119,CUST-0039,PROD-0078,ST-015,1,1020.0,0.0,1020.0,599.08,0.0,Cancelled
ORD-11578,ORD-11578-1,20231202,CUST-0200,PROD-0068,ST-002,2,1450.0,0.0,2900.0,1571.42,0.0,Completed
ORD-11579,ORD-11579-1,20240326,CUST-0055,PROD-0036,ST-013,2,14060.0,0.2,22496.0,16463.78,0.0,Completed
ORD-11579,ORD-11579-2,20240326,CUST-0055,PROD-0004,ST-013,1,26120.0,0.0,26120.0,17922.86,0.0,Completed
ORD-11580,ORD-11580-1,20241103,CUST-0110,PROD-0032,ST-010,3,1730.0,0.0,5190.0,2719.59,0.0,Cancelled
ORD-11581,ORD-11581-1,20230602,CUST-0156,PROD-0003,ST-005,1,6190.0,0.0,6190.0,3136.74,0.0,Completed
ORD-11582,ORD-11582-1,20231111,CUST-0040,PROD-0066,ST-004,2,1630.0,0.0,3260.0,1678.5,0.0,Completed
ORD-11583,ORD-11583-1,20241012,CUST-0027,PROD-0011,ST-012,1,36390.0,0.0,36390.0,19504.14,0.0,Completed
ORD-11584,ORD-11584-1,20240518,CUST-0072,PROD-0048,ST-009,1,10690.0,0.1,9621.0,5634.8,0.0,Completed
ORD-11584,ORD-11584-2,20240518,CUST-0072,PROD-0013,ST-009,1,15750.0,0.0,15750.0,8688.15,0.0,Completed
ORD-11584,ORD-11584-3,20240518,CUST-0072,PROD-0063,ST-009,1,9290.0,0.0,9290.0,5334.22,0.0,Completed
ORD-11585,ORD-11585-1,20231130,CUST-0118,PROD-0073,ST-014,1,2250.0,0.05,2137.5,1505.46,0.0,Completed
ORD-11585,ORD-11585-2,20231130,CUST-0118,PROD-0055,ST-014,1,11840.0,0.0,11840.0,6635.81,0.0,Completed
ORD-11586,ORD-11586-1,20230721,CUST-0047,PROD-0029,ST-009,2,1390.0,0.15,2363.0,1792.98,0.0,Returned
ORD-11587,ORD-11587-1,20240608,CUST-0085,PROD-0049,ST-004,2,3260.0,0.05,6194.0,3683.54,0.0,Completed
ORD-11588,ORD-11588-1,20230504,CUST-0133,PROD-0065,ST-001,1,1070.0,0.05,1016.5,588.35,0.0,Completed
ORD-11588,ORD-11588-2,20230504,CUST-0133,PROD-0007,ST-001,2,36360.0,0.0,72720.0,50956.36,0.0,Completed
ORD-11589,ORD-11589-1,20240120,CUST-0137,PROD-0035,ST-003,1,11120.0,0.1,10008.0,5574.09,0.0,Completed
ORD-11590,ORD-11590-1,20230403,CUST-0109,PROD-0076,ST-005,2,250.0,0.0,500.0,283.34,0.0,Returned
ORD-11591,ORD-11591-1,20241002,CUST-0177,PROD-0041,ST-000,2,11810.0,0.1,21258.0,14582.82,101.07,Cancelled
ORD-11592,ORD-11592-1,20230101,CUST-0103,PROD-0065,ST-000,1,1070.0,0.2,856.0,588.35,70.45,Completed
ORD-11593,ORD-11593-1,20240519,CUST-0163,PROD-0029,ST-005,2,1390.0,0.2,2224.0,1792.98,0.0,Returned
ORD-11594,ORD-11594-1,20230103,CUST-0175,PROD-0060,ST-008,1,9700.0,0.0,9700.0,4974.74,0.0,Completed
ORD-11595,ORD-11595-1,20230810,CUST-0109,PROD-0029,ST-010,1,1390.0,0.0,1390.0,896.49,0.0,Completed
ORD-11596,ORD-11596-1,20231202,CUST-0156,PROD-0023,ST-012,2,2850.0,0.0,5700.0,3007.68,0.0,Completed
ORD-11597,ORD-11597-1,20241218,CUST-0152,PROD-0023,ST-004,1,2850.0,0.05,2707.5,1503.84,0.0,Cancelled
ORD-11598,ORD-11598-1,20240128,CUST-0117,PROD-0027,ST-002,1,1520.0,0.0,1520.0,1037.85,0.0,Cancelled
ORD-11598,ORD-11598-2,20240128,CUST-0117,PROD-0053,ST-002,1,12030.0,0.0,12030.0,7726.31,0.0,Cancelled
ORD-11599,ORD-11599-1,20230711,CUST-0197,PROD-0021,ST-000,1,2610.0,0.0,2610.0,1698.88,130.73,Completed
ORD-11600,ORD-11600-1,20231007,CUST-0059,PROD-0039,ST-004,2,10260.0,0.05,19494.0,12708.44,0.0,Returned
ORD-11600,ORD-11600-2,20231007,CUST-0059,PROD-0069,ST-004,1,1180.0,0.0,1180.0,848.43,0.0,Returned
ORD-11601,ORD-11601-1,20240408,CUST-0130,PROD-0074,ST-000,1,1630.0,0.05,1548.5,1038.62,96.56,Returned
ORD-11602,ORD-11602-1,20240203,CUST-0177,PROD-0010,ST-012,1,16340.0,0.05,15523.0,11300.17,0.0,Completed
ORD-11602,ORD-11602-2,20240203,CUST-0177,PROD-0032,ST-012,1,1730.0,0.0,1730.0,906.53,0.0,Completed
ORD-11603,ORD-11603-1,20241129,CUST-0151,PROD-0004,ST-003,1,26120.0,0.0,26120.0,17922.86,0.0,Completed
ORD-11604,ORD-11604-1,20230714,CUST-0143,PROD-0063,ST-002,1,9290.0,0.0,9290.0,5334.22,0.0,Completed
ORD-11605,ORD-11605-1,20241017,CUST-0023,PROD-0055,ST-014,2,11840.0,0.05,22496.0,13271.62,0.0,Completed
ORD-11606,ORD-11606-1,20231122,CUST-0047,PROD-0036,ST-013,1,14060.0,0.15,11951.0,8231.89,0.0,Completed
ORD-11606,ORD-11606-2,20231122,CUST-0047,PROD-0061,ST-013,3,9200.0,0.0,27600.0,17903.7,0.0,Completed
ORD-11607,ORD-11607-1,20230624,CUST-0020,PROD-0022,ST-005,1,4390.0,0.0,4390.0,2634.19,0.0,Cancelled
ORD-11607,ORD-11607-2,20230624,CUST-0020,PROD-0006,ST-005,2,30230.0,0.2,48368.0,41847.58,0.0,Cancelled
ORD-11608,ORD-11608-1,20230324,CUST-0136,PROD-0061,ST-015,1,9200.0,0.15,7820.0,5967.9,0.0,Returned
ORD-11609,ORD-11609-1,20240331,CUST-0081,PROD-0007,ST-011,1,36360.0,0.0,36360.0,25478.18,0.0,Cancelled
ORD-11609,ORD-11609-2,20240331,CUST-0081,PROD-0052,ST-011,2,640.0,0.0,1280.0,819.66,0.0,Cancelled
ORD-11610,ORD-11610-1,20230427,CUST-0038,PROD-0080,ST-000,2,1260.0,0.0,2520.0,1537.84,101.58,Completed
ORD-11611,ORD-11611-1,20241030,CUST-0191,PROD-0040,ST-000,2,9840.0,0.1,17712.0,9951.02,80.99,Completed
ORD-11612,ORD-11612-1,20230524,CUST-0194,PROD-0076,ST-000,1,250.0,0.0,250.0,141.67,127.62,Returned
ORD-11612,ORD-11612-2,20230524,CUST-0194,PROD-0011,ST-000,2,36390.0,0.0,72780.0,39008.28,122.5,Returned
ORD-11613,ORD-11613-1,20241203,CUST-0183,PROD-0025,ST-003,1,1120.0,0.0,1120.0,617.8,0.0,Completed
ORD-11613,ORD-11613-2,20241203,CUST-0183,PROD-0042,ST-003,3,14500.0,0.0,43500.0,30894.36,0.0,Completed
ORD-11614,ORD-11614-1,20230904,CUST-0048,PROD-0018,ST-003,1,660.0,0.05,627.0,407.13,0.0,Completed
ORD-11615,ORD-11615-1,20231221,CUST-0172,PROD-0074,ST-000,2,1630.0,0.0,3260.0,2077.24,55.61,Completed
ORD-11616,ORD-11616-1,20240325,CUST-0186,PROD-0044,ST-000,2,7910.0,0.0,15820.0,8596.18,38.68,Returned
ORD-11617,ORD-11617-1,20230415,CUST-0083,PROD-0036,ST-003,1,14060.0,0.0,14060.0,8231.89,0.0,Completed
ORD-11618,ORD-11618-1,20240521,CUST-0120,PROD-0009,ST-005,1,23630.0,0.1,21267.0,14479.88,0.0,Completed
ORD-11619,ORD-11619-1,20241023,CUST-0127,PROD-0003,ST-011,1,6190.0,0.0,6190.0,3136.74,0.0,Completed
ORD-11620,ORD-11620-1,20230424,CUST-0161,PROD-0051,ST-015,1,12350.0,0.05,11732.5,7189.83,0.0,Completed
ORD-11621,ORD-11621-1,20230925,CUST-0018,PROD-0018,ST-000,2,660.0,0.0,1320.0,814.26,24.33,Completed
ORD-11622,ORD-11622-1,20240112,CUST-0040,PROD-0058,ST-000,1,3720.0,0.0,3720.0,1938.33,110.91,Completed
ORD-11623,ORD-11623-1,20230413,CUST-0002,PROD-0071,ST-009,1,430.0,0.15,365.5,257.61,0.0,Completed
ORD-11623,ORD-11623-2,20230413,CUST-0002,PROD-0062,ST-009,2,10930.0,0.0,21860.0,14260.06,0.0,Completed
ORD-11624,ORD-11624-1,20241103,CUST-0174,PROD-0074,ST-011,1,1630.0,0.1,1467.0,1038.62,0.0,Completed
ORD-11625,ORD-11625-1,20240918,CUST-0171,PROD-0023,ST-000,2,2850.0,0.0,5700.0,3007.68,43.53,Completed
ORD-11626,ORD-11626-1,20230909,CUST-0046,PROD-0079,ST-008,1,1620.0,0.05,1539.0,1137.67,0.0,Returned
ORD-11626,ORD-11626-2,20230909,CUST-0046,PROD-0023,ST-008,3,2850.0,0.0,8550.0,4511.52,0.0,Returned
ORD-11627,ORD-11627-1,20231201,CUST-0038,PROD-0078,ST-000,2,1020.0,0.0,2040.0,1198.16,105.64,Cancelled
ORD-11627,ORD-11627-2,20231201,CUST-0038,PROD-0058,ST-000,3,3720.0,0.0,11160.0,5814.99,46.86,Cancelled
ORD-11627,ORD-11627-3,20231201,CUST-0038,PROD-0023,ST-000,1,2850.0,0.05,2707.5,1503.84,105.95,Cancelled
ORD-11628,ORD-11628-1,20230327,CUST-0042,PROD-0077,ST-003,2,1240.0,0.15,2108.0,1428.96,0.0,Returned
ORD-11628,ORD-11628-2,20230327,CUST-0042,PROD-0013,ST-003,4,15750.0,0.15,53550.0,34752.6,0.0,Returned
ORD-11629,ORD-11629-1,20231223,CUST-0176,PROD-0033,ST-015,1,6880.0,0.0,6880.0,4450.47,0.0,Completed
ORD-11630,ORD-11630-1,20241104,CUST-0090,PROD-0077,ST-008,1,1240.0,0.0,1240.0,714.48,0.0,Completed
ORD-11631,ORD-11631-1,20231215,CUST-0002,PROD-0002,ST-009,1,33460.0,0.05,31787.0,20361.11,0.0,Completed
ORD-11632,ORD-11632-1,20240529,CUST-0173,PROD-0004,ST-012,1,26120.0,0.0,26120.0,17922.86,0.0,Completed
ORD-11633,ORD-11633-1,20231205,CUST-0012,PROD-0025,ST-012,1,1120.0,0.05,1064.0,617.8,0.0,Completed
ORD-11633,ORD-11633-2,20231205,CUST-0012,PROD-0034,ST-012,2,17620.0,0.1,31716.0,20079.16,0.0,Completed
ORD-11634,ORD-11634-1,20241106,CUST-0067,PROD-0009,ST-010,1,23630.0,0.15,20085.5,14479.88,0.0,Completed
ORD-11634,ORD-11634-2,20241106,CUST-0067,PROD-0062,ST-010,1,10930.0,0.1,9837.0,7130.03,0.0,Completed
ORD-11635,ORD-11635-1,20240117,CUST-0132,PROD-0068,ST-012,1,1450.0,0.0,1450.0,785.71,0.0,Cancelled
ORD-11635,ORD-11635-2,20240117,CUST-0132,PROD-0073,ST-012,3,2250.0,0.15,5737.5,4516.38,0.0,Cancelled
ORD-11636,ORD-11636-1,20231031,CUST-0173,PROD-0032,ST-005,4,1730.0,0.0,6920.0,3626.12,0.0,Returned
ORD-11637,ORD-11637-1,20231116,CUST-0092,PROD-0072,ST-000,3,2790.0,0.0,8370.0,4617.06,93.82,Completed
ORD-11637,ORD-11637-2,20231116,CUST-0092,PROD-0064,ST-000,2,4410.0,0.2,7056.0,5662.12,142.44,Completed
ORD-11638,ORD-11638-1,20240407,CUST-0085,PROD-0008,ST-000,2,15680.0,0.05,29792.0,21033.78,80.2,Cancelled
ORD-11638,ORD-11638-2,20240407,CUST-0085,PROD-0075,ST-000,1,2610.0,0.0,2610.0,1654.39,126.41,Cancelled
ORD-11639,ORD-11639-1,20240329,CUST-0181,PROD-0045,ST-003,1,9970.0,0.0,9970.0,5548.21,0.0,Completed
ORD-11639,ORD-11639-2,20240329,CUST-0181,PROD-0035,ST-003,3,11120.0,0.0,33360.0,16722.27,0.0,Completed
ORD-11640,ORD-11640-1,20240505,CUST-0028,PROD-0075,ST-015,1,2610.0,0.0,2610.0,1654.39,0.0,Completed
ORD-11641,ORD-11641-1,20230222,CUST-0033,PROD-0014,ST-005,2,21550.0,0.05,40945.0,29409.48,0.0,Completed
ORD-11642,ORD-11642-1,20240914,CUST-0013,PROD-0037,ST-004,1,11140.0,0.1,10026.0,6659.18,0.0,Returned
ORD-11642,ORD-11642-2,20240914,CUST-0013,PROD-0041,ST-004,1,11810.0,0.0,11810.0,7291.41,0.0,Returned
ORD-11643,ORD-11643-1,20240705,CUST-0086,PROD-0059,ST-003,2,9340.0,0.05,17746.0,11586.7,0.0,Completed
ORD-11644,ORD-11644-1,20230612,CUST-0117,PROD-0066,ST-012,1,1630.0,0.1,1467.0,839.25,0.0,Completed
ORD-11645,ORD-11645-1,20241027,CUST-0109,PROD-0078,ST-005,1,1020.0,0.1,918.0,599.08,0.0,Completed
ORD-11645,ORD-11645-2,20241027,CUST-0109,PROD-0064,ST-005,4,4410.0,0.0,17640.0,11324.24,0.0,Completed
ORD-11646,ORD-11646-1,20241005,CUST-0010,PROD-0032,ST-000,1,1730.0,0.0,1730.0,906.53,121.33,Returned
ORD-11646,ORD-11646-2,20241005,CUST-0010,PROD-0041,ST-000,1,11810.0,0.0,11810.0,7291.41,41.96,Returned
ORD-11646,ORD-11646-3,20241005,CUST-0010,PROD-0004,ST-000,1,26120.0,0.05,24814.0,17922.86,51.49,Returned
ORD-11647,ORD-11647-1,20230515,CUST-0032,PROD-0045,ST-001,3,9970.0,0.1,26919.0,16644.63,0.0,Completed
ORD-11648,ORD-11648-1,20240319,CUST-0029,PROD-0030,ST-001,1,3060.0,0.2,2448.0,1764.66,0.0,Returned
ORD-11648,ORD-11648-2,20240319,CUST-0029,PROD-0060,ST-001,2,9700.0,0.2,15520.0,9949.48,0.0,Returned
ORD-11649,ORD-11649-1,20241108,CUST-0168,PROD-0043,ST-010,2,650.0,0.0,1300.0,835.18,0.0,Completed
ORD-11650,ORD-11650-1,20240225,CUST-0083,PROD-0007,ST-011,3,36360.0,0.05,103626.0,76434.54,0.0,Returned
ORD-11651,ORD-11651-1,20231231,CUST-0043,PROD-0002,ST-003,2,33460.0,0.0,66920.0,40722.22,0.0,Completed
ORD-11652,ORD-11652-1,20240828,CUST-0114,PROD-0011,ST-014,1,36390.0,0.15,30931.5,19504.14,0.0,Completed
ORD-11653,ORD-11653-1,20230328,CUST-0176,PROD-0057,ST-002,1,9050.0,0.0,9050.0,4859.52,0.0,Completed
ORD-11654,ORD-11654-1,20240713,CUST-0016,PROD-0043,ST-009,2,650.0,0.0,1300.0,835.18,0.0,Completed
ORD-11655,ORD-11655-1,20240822,CUST-0036,PROD-0071,ST-001,1,430.0,0.15,365.5,257.61,0.0,Cancelled
ORD-11656,ORD-11656-1,20230521,CUST-0046,PROD-0050,ST-000,4,4290.0,0.0,17160.0,12215.24,41.23,Completed
ORD-11657,ORD-11657-1,20240325,CUST-0041,PROD-0054,ST-014,3,12690.0,0.0,38070.0,26573.04,0.0,Completed
ORD-11657,ORD-11657-2,20240325,CUST-0041,PROD-0006,ST-014,2,30230.0,0.0,60460.0,41847.58,0.0,Completed
ORD-11658,ORD-11658-1,20230721,CUST-0179,PROD-0074,ST-003,1,1630.0,0.15,1385.5,1038.62,0.0,Returned
ORD-11658,ORD-11658-2,20230721,CUST-0179,PROD-0032,ST-003,2,1730.0,0.2,2768.0,1813.06,0.0,Returned
ORD-11659,ORD-11659-1,20240922,CUST-0015,PROD-0019,ST-015,1,3340.0,0.0,3340.0,1835.11,0.0,Completed
ORD-11660,ORD-11660-1,20240727,CUST-0024,PROD-0056,ST-008,1,12260.0,0.1,11034.0,8197.82,0.0,Completed
ORD-11660,ORD-11660-2,20240727,CUST-0024,PROD-0042,ST-008,2,14500.0,0.0,29000.0,20596.24,0.0,Completed
ORD-11661,ORD-11661-1,20231209,CUST-0062,PROD-0076,ST-006,1,250.0,0.0,250.0,141.67,0.0,Cancelled
ORD-11662,ORD-11662-1,20230211,CUST-0045,PROD-0017,ST-004,1,3090.0,0.0,3090.0,2135.25,0.0,Completed
ORD-11662,ORD-11662-2,20230211,CUST-0045,PROD-0018,ST-004,2,660.0,0.0,1320.0,814.26,0.0,Completed
ORD-11662,ORD-11662-3,20230211,CUST-0045,PROD-0067,ST-004,4,1970.0,0.2,6304.0,4410.08,0.0,Completed
ORD-11663,ORD-11663-1,20241207,CUST-0086,PROD-0009,ST-002,2,23630.0,0.0,47260.0,28959.76,0.0,Completed
ORD-11663,ORD-11663-2,20241207,CUST-0086,PROD-0047,ST-002,4,12400.0,0.2,39680.0,32614.64,0.0,Completed
ORD-11664,ORD-11664-1,20240422,CUST-0035,PROD-0054,ST-000,4,12690.0,0.0,50760.0,35430.72,122.17,Completed
ORD-11665,ORD-11665-1,20230222,CUST-0133,PROD-0074,ST-015,2,1630.0,0.0,3260.0,2077.24,0.0,Completed
ORD-11666,ORD-11666-1,20240714,CUST-0186,PROD-0026,ST-014,4,3440.0,0.0,13760.0,9842.52,0.0,Completed
ORD-11667,ORD-11667-1,20240823,CUST-0142,PROD-0027,ST-002,1,1520.0,0.0,1520.0,1037.85,0.0,Returned
ORD-11667,ORD-11667-2,20240823,CUST-0142,PROD-0029,ST-002,1,1390.0,0.05,1320.5,896.49,0.0,Returned
ORD-11668,ORD-11668-1,20231211,CUST-0115,PROD-0080,ST-008,2,1260.0,0.0,2520.0,1537.84,0.0,Completed
ORD-11669,ORD-11669-1,20240903,CUST-0196,PROD-0020,ST-004,1,1850.0,0.1,1665.0,1131.44,0.0,Completed
ORD-11670,ORD-11670-1,20240707,CUST-0193,PROD-0054,ST-009,1,12690.0,0.15,10786.5,8857.68,0.0,Completed
ORD-11670,ORD-11670-2,20240707,CUST-0193,PROD-0033,ST-009,1,6880.0,0.0,6880.0,4450.47,0.0,Completed
ORD-11671,ORD-11671-1,20240605,CUST-0199,PROD-0002,ST-007,2,33460.0,0.0,66920.0,40722.22,0.0,Completed
ORD-11672,ORD-11672-1,20231016,CUST-0077,PROD-0018,ST-010,2,660.0,0.05,1254.0,814.26,0.0,Completed
ORD-11672,ORD-11672-2,20231016,CUST-0077,PROD-0012,ST-010,2,51760.0,0.0,103520.0,51965.66,0.0,Completed
ORD-11673,ORD-11673-1,20240616,CUST-0168,PROD-0067,ST-014,1,1970.0,0.0,1970.0,1102.52,0.0,Cancelled
ORD-11674,ORD-11674-1,20230630,CUST-0038,PROD-0016,ST-000,2,22690.0,0.0,45380.0,28016.36,141.24,Completed
ORD-11674,ORD-11674-2,20230630,CUST-0038,PROD-0013,ST-000,4,15750.0,0.05,59850.0,34752.6,101.39,Completed
ORD-11675,ORD-11675-1,20240315,CUST-0193,PROD-0051,ST-002,1,12350.0,0.05,11732.5,7189.83,0.0,Completed
ORD-11675,ORD-11675-2,20240315,CUST-0193,PROD-0052,ST-002,1,640.0,0.0,640.0,409.83,0.0,Completed
ORD-11676,ORD-11676-1,20240315,CUST-0035,PROD-0072,ST-001,2,2790.0,0.0,5580.0,3078.04,0.0,Completed
ORD-11677,ORD-11677-1,20230312,CUST-0135,PROD-0029,ST-003,2,1390.0,0.2,2224.0,1792.98,0.0,Completed
ORD-11678,ORD-11678-1,20230507,CUST-0132,PROD-0056,ST-012,2,12260.0,0.05,23294.0,16395.64,0.0,Completed
ORD-11678,ORD-11678-2,20230507,CUST-0132,PROD-0067,ST-012,1,1970.0,0.0,1970.0,1102.52,0.0,Completed
ORD-11678,ORD-11678-3,20230507,CUST-0132,PROD-0021,ST-012,1,2610.0,0.15,2218.5,1698.88,0.0,Completed
ORD-11679,ORD-11679-1,20231215,CUST-0107,PROD-0002,ST-013,2,33460.0,0.0,66920.0,40722.22,0.0,Completed
ORD-11680,ORD-11680-1,20240629,CUST-0104,PROD-0032,ST-013,1,1730.0,0.0,1730.0,906.53,0.0,Completed
ORD-11681,ORD-11681-1,20230302,CUST-0049,PROD-0007,ST-003,2,36360.0,0.0,72720.0,50956.36,0.0,Completed
ORD-11682,ORD-11682-1,20241122,CUST-0126,PROD-0041,ST-001,3,11810.0,0.0,35430.0,21874.23,0.0,Completed
ORD-11682,ORD-11682-2,20241122,CUST-0126,PROD-0052,ST-001,4,640.0,0.1,2304.0,1639.32,0.0,Completed
ORD-11683,ORD-11683-1,20240904,CUST-0136,PROD-0078,ST-000,1,1020.0,0.05,969.0,599.08,85.08,Completed
ORD-11684,ORD-11684-1,20241009,CUST-0052,PROD-0072,ST-000,2,2790.0,0.05,5301.0,3078.04,113.01,Completed
ORD-11685,ORD-11685-1,20240223,CUST-0174,PROD-0032,ST-005,1,1730.0,0.0,1730.0,906.53,0.0,Cancelled
ORD-11685,ORD-11685-2,20240223,CUST-0174,PROD-0009,ST-005,4,23630.0,0.0,94520.0,57919.52,0.0,Cancelled
ORD-11686,ORD-11686-1,20240608,CUST-0058,PROD-0021,ST-004,1,2610.0,0.1,2349.0,1698.88,0.0,Returned
ORD-11686,ORD-11686-2,20240608,CUST-0058,PROD-0055,ST-004,2,11840.0,0.0,23680.0,13271.62,0.0,Returned
ORD-11687,ORD-11687-1,20231015,CUST-0084,PROD-0033,ST-001,2,6880.0,0.05,13072.0,8900.94,0.0,Returned
ORD-11687,ORD-11687-2,20231015,CUST-0084,PROD-0079,ST-001,2,1620.0,0.0,3240.0,2275.34,0.0,Returned
ORD-11688,ORD-11688-1,20240727,CUST-0075,PROD-0023,ST-015,1,2850.0,0.15,2422.5,1503.84,0.0,Returned
ORD-11688,ORD-11688-2,20240727,CUST-0075,PROD-0041,ST-015,1,11810.0,0.0,11810.0,7291.41,0.0,Returned
ORD-11689,ORD-11689-1,20241013,CUST-0173,PROD-0023,ST-010,1,2850.0,0.15,2422.5,1503.84,0.0,Cancelled
ORD-11690,ORD-11690-1,20230131,CUST-0115,PROD-0068,ST-006,1,1450.0,0.0,1450.0,785.71,0.0,Cancelled
ORD-11691,ORD-11691-1,20231031,CUST-0050,PROD-0036,ST-009,1,14060.0,0.0,14060.0,8231.89,0.0,Completed
ORD-11692,ORD-11692-1,20231023,CUST-0143,PROD-0060,ST-011,2,9700.0,0.05,18430.0,9949.48,0.0,Completed
ORD-11693,ORD-11693-1,20230214,CUST-0176,PROD-0059,ST-012,1,9340.0,0.0,9340.0,5793.35,0.0,Completed
ORD-11694,ORD-11694-1,20240115,CUST-0183,PROD-0062,ST-008,1,10930.0,0.0,10930.0,7130.03,0.0,Completed
ORD-11694,ORD-11694-2,20240115,CUST-0183,PROD-0025,ST-008,1,1120.0,0.1,1008.0,617.8,0.0,Completed
ORD-11695,ORD-11695-1,20231221,CUST-0084,PROD-0030,ST-002,1,3060.0,0.15,2601.0,1764.66,0.0,Cancelled
ORD-11696,ORD-11696-1,20240901,CUST-0134,PROD-0053,ST-004,2,12030.0,0.0,24060.0,15452.62,0.0,Returned
ORD-11696,ORD-11696-2,20240901,CUST-0134,PROD-0013,ST-004,1,15750.0,0.0,15750.0,8688.15,0.0,Returned
ORD-11697,ORD-11697-1,20241228,CUST-0161,PROD-0029,ST-010,2,1390.0,0.15,2363.0,1792.98,0.0,Cancelled
ORD-11698,ORD-11698-1,20240822,CUST-0166,PROD-0038,ST-001,4,12270.0,0.0,49080.0,31755.08,0.0,Cancelled
ORD-11699,ORD-11699-1,20231018,CUST-0121,PROD-0019,ST-000,1,3340.0,0.0,3340.0,1835.11,101.35,Cancelled
ORD-11700,ORD-11700-1,20240914,CUST-0017,PROD-0007,ST-008,2,36360.0,0.0,72720.0,50956.36,0.0,Completed
ORD-11700,ORD-11700-2,20240914,CUST-0017,PROD-0055,ST-008,3,11840.0,0.15,30192.0,19907.43,0.0,Completed
ORD-11701,ORD-11701-1,20240228,CUST-0036,PROD-0004,ST-005,1,26120.0,0.15,22202.0,17922.86,0.0,Cancelled
ORD-11702,ORD-11702-1,20240529,CUST-0200,PROD-0028,ST-006,1,920.0,0.0,920.0,621.01,0.0,Completed
ORD-11702,ORD-11702-2,20240529,CUST-0200,PROD-0067,ST-006,2,1970.0,0.0,3940.0,2205.04,0.0,Completed
ORD-11703,ORD-11703-1,20230620,CUST-0099,PROD-0055,ST-012,1,11840.0,0.0,11840.0,6635.81,0.0,Cancelled
ORD-11703,ORD-11703-2,20230620,CUST-0099,PROD-0065,ST-012,2,1070.0,0.15,1819.0,1176.7,0.0,Cancelled
ORD-11704,ORD-11704-1,20231225,CUST-0057,PROD-0010,ST-000,1,16340.0,0.0,16340.0,11300.17,36.08,Completed
ORD-11705,ORD-11705-1,20240911,CUST-0186,PROD-0003,ST-007,1,6190.0,0.1,5571.0,3136.74,0.0,Completed
ORD-11706,ORD-11706-1,20231229,CUST-0042,PROD-0038,ST-012,1,12270.0,0.1,11043.0,7938.77,0.0,Completed
ORD-11707,ORD-11707-1,20230528,CUST-0045,PROD-0027,ST-002,2,1520.0,0.2,2432.0,2075.7,0.0,Completed
ORD-11707,ORD-11707-2,20230528,CUST-0045,PROD-0070,ST-002,1,1750.0,0.1,1575.0,1243.69,0.0,Completed
ORD-11708,ORD-11708-1,20240629,CUST-0050,PROD-0012,ST-003,1,51760.0,0.0,51760.0,25982.83,0.0,Completed
ORD-11709,ORD-11709-1,20231009,CUST-0109,PROD-0028,ST-013,2,920.0,0.0,1840.0,1242.02,0.0,Returned
ORD-11709,ORD-11709-2,20231009,CUST-0109,PROD-0016,ST-013,1,22690.0,0.0,22690.0,14008.18,0.0,Returned
ORD-11710,ORD-11710-1,20241120,CUST-0006,PROD-0010,ST-001,1,16340.0,0.1,14706.0,11300.17,0.0,Cancelled
ORD-11711,ORD-11711-1,20230104,CUST-0039,PROD-0054,ST-009,1,12690.0,0.0,12690.0,8857.68,0.0,Returned
ORD-11711,ORD-11711-2,20230104,CUST-0039,PROD-0055,ST-009,1,11840.0,0.05,11248.0,6635.81,0.0,Returned
ORD-11712,ORD-11712-1,20230911,CUST-0139,PROD-0036,ST-002,1,14060.0,0.0,14060.0,8231.89,0.0,Completed
ORD-11713,ORD-11713-1,20230807,CUST-0159,PROD-0066,ST-002,1,1630.0,0.0,1630.0,839.25,0.0,Completed
ORD-11714,ORD-11714-1,20240718,CUST-0017,PROD-0064,ST-000,2,4410.0,0.0,8820.0,5662.12,25.63,Cancelled
ORD-11714,ORD-11714-2,20240718,CUST-0017,PROD-0080,ST-000,4,1260.0,0.05,4788.0,3075.68,97.99,Cancelled
ORD-11715,ORD-11715-1,20230714,CUST-0193,PROD-0015,ST-008,2,42990.0,0.1,77382.0,46149.7,0.0,Completed
ORD-11715,ORD-11715-2,20230714,CUST-0193,PROD-0072,ST-008,1,2790.0,0.0,2790.0,1539.02,0.0,Completed
ORD-11716,ORD-11716-1,20240223,CUST-0169,PROD-0035,ST-012,1,11120.0,0.0,11120.0,5574.09,0.0,Completed
ORD-11717,ORD-11717-1,20241020,CUST-0028,PROD-0006,ST-012,1,30230.0,0.0,30230.0,20923.79,0.0,Returned
ORD-11717,ORD-11717-2,20241020,CUST-0028,PROD-0026,ST-012,1,3440.0,0.05,3268.0,2460.63,0.0,Returned
ORD-11718,ORD-11718-1,20240214,CUST-0023,PROD-0027,ST-013,1,1520.0,0.0,1520.0,1037.85,0.0,Returned
ORD-11719,ORD-11719-1,20241128,CUST-0071,PROD-0076,ST-010,1,250.0,0.0,250.0,141.67,0.0,Completed
ORD-11719,ORD-11719-2,20241128,CUST-0071,PROD-0068,ST-010,1,1450.0,0.05,1377.5,785.71,0.0,Completed
ORD-11719,ORD-11719-3,20241128,CUST-0071,PROD-0078,ST-010,1,1020.0,0.1,918.0,599.08,0.0,Completed
ORD-11720,ORD-11720-1,20240716,CUST-0170,PROD-0057,ST-009,1,9050.0,0.0,9050.0,4859.52,0.0,Completed
ORD-11720,ORD-11720-2,20240716,CUST-0170,PROD-0065,ST-009,1,1070.0,0.0,1070.0,588.35,0.0,Completed
ORD-11721,ORD-11721-1,20241111,CUST-0023,PROD-0035,ST-014,1,11120.0,0.0,11120.0,5574.09,0.0,Completed
ORD-11721,ORD-11721-2,20241111,CUST-0023,PROD-0029,ST-014,1,1390.0,0.0,1390.0,896.49,0.0,Completed
ORD-11722,ORD-11722-1,20241115,CUST-0023,PROD-0057,ST-013,2,9050.0,0.05,17195.0,9719.04,0.0,Cancelled
ORD-11723,ORD-11723-1,20241223,CUST-0098,PROD-0062,ST-000,3,10930.0,0.0,32790.0,21390.09,109.2,Completed
ORD-11724,ORD-11724-1,20231126,CUST-0106,PROD-0061,ST-004,2,9200.0,0.0,18400.0,11935.8,0.0,Cancelled
ORD-11725,ORD-11725-1,20241024,CUST-0040,PROD-0046,ST-013,1,18630.0,0.0,18630.0,11496.52,0.0,Cancelled
ORD-11725,ORD-11725-2,20241024,CUST-0040,PROD-0066,ST-013,1,1630.0,0.0,1630.0,839.25,0.0,Cancelled
ORD-11726,ORD-11726-1,20231007,CUST-0056,PROD-0062,ST-009,1,10930.0,0.2,8744.0,7130.03,0.0,Completed
ORD-11727,ORD-11727-1,20230219,CUST-0156,PROD-0033,ST-009,1,6880.0,0.0,6880.0,4450.47,0.0,Completed
ORD-11727,ORD-11727-2,20230219,CUST-0156,PROD-0046,ST-009,1,18630.0,0.2,14904.0,11496.52,0.0,Completed
ORD-11728,ORD-11728-1,20241028,CUST-0127,PROD-0068,ST-014,2,1450.0,0.0,2900.0,1571.42,0.0,Cancelled
ORD-11728,ORD-11728-2,20241028,CUST-0127,PROD-0028,ST-014,2,920.0,0.1,1656.0,1242.02,0.0,Cancelled
ORD-11729,ORD-11729-1,20231228,CUST-0092,PROD-0031,ST-000,2,4390.0,0.0,8780.0,6308.72,63.89,Returned
ORD-11729,ORD-11729-2,20231228,CUST-0092,PROD-0058,ST-000,2,3720.0,0.1,6696.0,3876.66,122.08,Returned
ORD-11730,ORD-11730-1,20230630,CUST-0023,PROD-0059,ST-007,1,9340.0,0.0,9340.0,5793.35,0.0,Completed
ORD-11731,ORD-11731-1,20231001,CUST-0194,PROD-0049,ST-013,1,3260.0,0.05,3097.0,1841.77,0.0,Completed
ORD-11732,ORD-11732-1,20230325,CUST-0123,PROD-0071,ST-011,2,430.0,0.0,860.0,515.22,0.0,Returned
ORD-11733,ORD-11733-1,20230925,CUST-0086,PROD-0078,ST-010,1,1020.0,0.0,1020.0,599.08,0.0,Completed
ORD-11734,ORD-11734-1,20241205,CUST-0055,PROD-0049,ST-004,1,3260.0,0.0,3260.0,1841.77,0.0,Completed
ORD-11735,ORD-11735-1,20241229,CUST-0101,PROD-0039,ST-014,1,10260.0,0.0,10260.0,6354.22,0.0,Completed
ORD-11736,ORD-11736-1,20230128,CUST-0097,PROD-0024,ST-002,1,1330.0,0.0,1330.0,862.05,0.0,Completed
ORD-11736,ORD-11736-2,20230128,CUST-0097,PROD-0035,ST-002,2,11120.0,0.0,22240.0,11148.18,0.0,Completed
ORD-11737,ORD-11737-1,20241109,CUST-0153,PROD-0048,ST-012,1,10690.0,0.0,10690.0,5634.8,0.0,Completed
ORD-11737,ORD-11737-2,20241109,CUST-0153,PROD-0026,ST-012,2,3440.0,0.0,6880.0,4921.26,0.0,Completed
ORD-11738,ORD-11738-1,20230929,CUST-0102,PROD-0080,ST-000,1,1260.0,0.0,1260.0,768.92,146.94,Completed
ORD-11739,ORD-11739-1,20241203,CUST-0169,PROD-0002,ST-010,1,33460.0,0.0,33460.0,20361.11,0.0,Completed
ORD-11739,ORD-11739-2,20241203,CUST-0169,PROD-0012,ST-010,2,51760.0,0.15,87992.0,51965.66,0.0,Completed
ORD-11740,ORD-11740-1,20241017,CUST-0164,PROD-0026,ST-014,1,3440.0,0.0,3440.0,2460.63,0.0,Completed
ORD-11741,ORD-11741-1,20230505,CUST-0088,PROD-0070,ST-001,1,1750.0,0.0,1750.0,1243.69,0.0,Completed
ORD-11742,ORD-11742-1,20241210,CUST-0111,PROD-0010,ST-003,2,16340.0,0.1,29412.0,22600.34,0.0,Cancelled
ORD-11743,ORD-11743-1,20241007,CUST-0166,PROD-0013,ST-000,1,15750.0,0.15,13387.5,8688.15,146.63,Returned
ORD-11744,ORD-11744-1,20231128,CUST-0066,PROD-0027,ST-000,1,1520.0,0.0,1520.0,1037.85,114.55,Completed
ORD-11745,ORD-11745-1,20240211,CUST-0073,PROD-0067,ST-004,3,1970.0,0.05,5614.5,3307.56,0.0,Cancelled
ORD-11746,ORD-11746-1,20230918,CUST-0065,PROD-0067,ST-005,1,1970.0,0.0,1970.0,1102.52,0.0,Completed
ORD-11747,ORD-11747-1,20230902,CUST-0051,PROD-0041,ST-005,2,11810.0,0.0,23620.0,14582.82,0.0,Cancelled
ORD-11748,ORD-11748-1,20230223,CUST-0085,PROD-0063,ST-010,1,9290.0,0.05,8825.5,5334.22,0.0,Cancelled
ORD-11749,ORD-11749-1,20230213,CUST-0160,PROD-0078,ST-003,1,1020.0,0.1,918.0,599.08,0.0,Completed
ORD-11750,ORD-11750-1,20240515,CUST-0053,PROD-0066,ST-014,1,1630.0,0.0,1630.0,839.25,0.0,Returned
ORD-11751,ORD-11751-1,20241228,CUST-0046,PROD-0007,ST-008,4,36360.0,0.0,145440.0,101912.72,0.0,Completed
ORD-11752,ORD-11752-1,20230604,CUST-0149,PROD-0003,ST-012,2,6190.0,0.05,11761.0,6273.48,0.0,Completed
ORD-11752,ORD-11752-2,20230604,CUST-0149,PROD-0037,ST-012,2,11140.0,0.0,22280.0,13318.36,0.0,Completed
ORD-11753,ORD-11753-1,20240322,CUST-0181,PROD-0080,ST-001,2,1260.0,0.0,2520.0,1537.84,0.0,Completed
ORD-11754,ORD-11754-1,20230805,CUST-0134,PROD-0009,ST-003,2,23630.0,0.05,44897.0,28959.76,0.0,Completed
ORD-11755,ORD-11755-1,20240805,CUST-0099,PROD-0074,ST-000,1,1630.0,0.1,1467.0,1038.62,120.96,Returned
ORD-11756,ORD-11756-1,20241013,CUST-0090,PROD-0040,ST-010,1,9840.0,0.0,9840.0,4975.51,0.0,Returned
ORD-11757,ORD-11757-1,20230907,CUST-0039,PROD-0063,ST-003,1,9290.0,0.0,9290.0,5334.22,0.0,Completed
ORD-11758,ORD-11758-1,20231012,CUST-0195,PROD-0038,ST-002,1,12270.0,0.0,12270.0,7938.77,0.0,Completed
ORD-11759,ORD-11759-1,20241209,CUST-0013,PROD-0001,ST-006,1,4530.0,0.0,4530.0,2426.12,0.0,Completed
ORD-11760,ORD-11760-1,20231121,CUST-0044,PROD-0070,ST-000,3,1750.0,0.1,4725.0,3731.07,41.44,Completed
ORD-11761,ORD-11761-1,20230718,CUST-0143,PROD-0005,ST-004,1,33510.0,0.0,33510.0,20544.28,0.0,Completed
ORD-11762,ORD-11762-1,20241110,CUST-0177,PROD-0029,ST-003,1,1390.0,0.15,1181.5,896.49,0.0,Completed
ORD-11762,ORD-11762-2,20241110,CUST-0177,PROD-0057,ST-003,2,9050.0,0.0,18100.0,9719.04,0.0,Completed
ORD-11763,ORD-11763-1,20231123,CUST-0143,PROD-0060,ST-009,2,9700.0,0.0,19400.0,9949.48,0.0,Cancelled
ORD-11763,ORD-11763-2,20231123,CUST-0143,PROD-0048,ST-009,1,10690.0,0.15,9086.5,5634.8,0.0,Cancelled
ORD-11764,ORD-11764-1,20230628,CUST-0158,PROD-0039,ST-000,1,10260.0,0.0,10260.0,6354.22,92.83,Returned
ORD-11764,ORD-11764-2,20230628,CUST-0158,PROD-0033,ST-000,1,6880.0,0.0,6880.0,4450.47,38.14,Returned
ORD-11765,ORD-11765-1,20241126,CUST-0200,PROD-0058,ST-006,1,3720.0,0.0,3720.0,1938.33,0.0,Completed
ORD-11766,ORD-11766-1,20240210,CUST-0133,PROD-0001,ST-002,1,4530.0,0.05,4303.5,2426.12,0.0,Completed
ORD-11766,ORD-11766-2,20240210,CUST-0133,PROD-0006,ST-002,2,30230.0,0.0,60460.0,41847.58,0.0,Completed
ORD-11766,ORD-11766-3,20240210,CUST-0133,PROD-0078,ST-002,1,1020.0,0.05,969.0,599.08,0.0,Completed
ORD-11767,ORD-11767-1,20240104,CUST-0041,PROD-0012,ST-009,2,51760.0,0.1,93168.0,51965.66,0.0,Completed
ORD-11768,ORD-11768-1,20240731,CUST-0146,PROD-0055,ST-011,1,11840.0,0.0,11840.0,6635.81,0.0,Cancelled
ORD-11769,ORD-11769-1,20240104,CUST-0056,PROD-0024,ST-014,2,1330.0,0.2,2128.0,1724.1,0.0,Returned
ORD-11770,ORD-11770-1,20230609,CUST-0114,PROD-0015,ST-000,2,42990.0,0.0,85980.0,46149.7,131.2,Cancelled
ORD-11771,ORD-11771-1,20230529,CUST-0048,PROD-0012,ST-012,2,51760.0,0.15,87992.0,51965.66,0.0,Completed
ORD-11771,ORD-11771-2,20230529,CUST-0048,PROD-0018,ST-012,1,660.0,0.05,627.0,407.13,0.0,Completed
ORD-11772,ORD-11772-1,20231022,CUST-0060,PROD-0044,ST-000,1,7910.0,0.05,7514.5,4298.09,69.85,Returned
ORD-11773,ORD-11773-1,20230820,CUST-0174,PROD-0056,ST-013,2,12260.0,0.0,24520.0,16395.64,0.0,Completed
ORD-11773,ORD-11773-2,20230820,CUST-0174,PROD-0050,ST-013,2,4290.0,0.0,8580.0,6107.62,0.0,Completed
ORD-11774,ORD-11774-1,20241101,CUST-0028,PROD-0030,ST-012,2,3060.0,0.05,5814.0,3529.32,0.0,Completed
ORD-11774,ORD-11774-2,20241101,CUST-0028,PROD-0072,ST-012,1,2790.0,0.05,2650.5,1539.02,0.0,Completed
ORD-11775,ORD-11775-1,20230716,CUST-0194,PROD-0058,ST-002,1,3720.0,0.0,3720.0,1938.33,0.0,Completed
ORD-11776,ORD-11776-1,20240612,CUST-0116,PROD-0075,ST-007,1,2610.0,0.05,2479.5,1654.39,0.0,Completed
ORD-11776,ORD-11776-2,20240612,CUST-0116,PROD-0047,ST-007,1,12400.0,0.05,11780.0,8153.66,0.0,Completed
ORD-11777,ORD-11777-1,20231126,CUST-0162,PROD-0041,ST-002,1,11810.0,0.1,10629.0,7291.41,0.0,Cancelled
ORD-11777,ORD-11777-2,20231126,CUST-0162,PROD-0023,ST-002,1,2850.0,0.0,2850.0,1503.84,0.0,Cancelled
ORD-11778,ORD-11778-1,20240227,CUST-0141,PROD-0067,ST-002,1,1970.0,0.05,1871.5,1102.52,0.0,Completed
ORD-11779,ORD-11779-1,20230817,CUST-0162,PROD-0049,ST-010,2,3260.0,0.0,6520.0,3683.54,0.0,Completed
ORD-11780,ORD-11780-1,20230926,CUST-0033,PROD-0006,ST-000,1,30230.0,0.1,27207.0,20923.79,130.45,Cancelled
ORD-11781,ORD-11781-1,20240528,CUST-0082,PROD-0069,ST-004,1,1180.0,0.0,1180.0,848.43,0.0,Completed
ORD-11781,ORD-11781-2,20240528,CUST-0082,PROD-0022,ST-004,1,4390.0,0.0,4390.0,2634.19,0.0,Completed
ORD-11782,ORD-11782-1,20231225,CUST-0122,PROD-0007,ST-003,1,36360.0,0.05,34542.0,25478.18,0.0,Completed
ORD-11782,ORD-11782-2,20231225,CUST-0122,PROD-0064,ST-003,1,4410.0,0.0,4410.0,2831.06,0.0,Completed
ORD-11783,ORD-11783-1,20241114,CUST-0173,PROD-0049,ST-012,1,3260.0,0.05,3097.0,1841.77,0.0,Completed
ORD-11784,ORD-11784-1,20231118,CUST-0110,PROD-0047,ST-001,1,12400.0,0.0,12400.0,8153.66,0.0,Cancelled
ORD-11785,ORD-11785-1,20240808,CUST-0190,PROD-0012,ST-012,1,51760.0,0.1,46584.0,25982.83,0.0,Cancelled
ORD-11785,ORD-11785-2,20240808,CUST-0190,PROD-0054,ST-012,1,12690.0,0.0,12690.0,8857.68,0.0,Cancelled
ORD-11786,ORD-11786-1,20241115,CUST-0129,PROD-0031,ST-004,1,4390.0,0.1,3951.0,3154.36,0.0,Cancelled
ORD-11786,ORD-11786-2,20241115,CUST-0129,PROD-0062,ST-004,1,10930.0,0.0,10930.0,7130.03,0.0,Cancelled
ORD-11786,ORD-11786-3,20241115,CUST-0129,PROD-0010,ST-004,2,16340.0,0.05,31046.0,22600.34,0.0,Cancelled
ORD-11787,ORD-11787-1,20230502,CUST-0010,PROD-0023,ST-014,2,2850.0,0.1,5130.0,3007.68,0.0,Returned
ORD-11788,ORD-11788-1,20240507,CUST-0062,PROD-0047,ST-006,1,12400.0,0.05,11780.0,8153.66,0.0,Cancelled
ORD-11789,ORD-11789-1,20241126,CUST-0041,PROD-0023,ST-003,3,2850.0,0.0,8550.0,4511.52,0.0,Completed
ORD-11789,ORD-11789-2,20241126,CUST-0041,PROD-0011,ST-003,2,36390.0,0.05,69141.0,39008.28,0.0,Completed
ORD-11790,ORD-11790-1,20240905,CUST-0046,PROD-0004,ST-006,1,26120.0,0.0,26120.0,17922.86,0.0,Completed
ORD-11790,ORD-11790-2,20240905,CUST-0046,PROD-0063,ST-006,2,9290.0,0.0,18580.0,10668.44,0.0,Completed
ORD-11791,ORD-11791-1,20231014,CUST-0111,PROD-0076,ST-014,1,250.0,0.0,250.0,141.67,0.0,Completed
ORD-11792,ORD-11792-1,20241024,CUST-0143,PROD-0050,ST-011,3,4290.0,0.05,12226.5,9161.43,0.0,Completed
ORD-11792,ORD-11792-2,20241024,CUST-0143,PROD-0059,ST-011,1,9340.0,0.05,8873.0,5793.35,0.0,Completed
ORD-11792,ORD-11792-3,20241024,CUST-0143,PROD-0016,ST-011,4,22690.0,0.0,90760.0,56032.72,0.0,Completed
ORD-11793,ORD-11793-1,20230927,CUST-0064,PROD-0049,ST-004,1,3260.0,0.15,2771.0,1841.77,0.0,Completed
ORD-11793,ORD-11793-2,20230927,CUST-0064,PROD-0054,ST-004,1,12690.0,0.0,12690.0,8857.68,0.0,Completed
ORD-11794,ORD-11794-1,20231203,CUST-0070,PROD-0022,ST-004,1,4390.0,0.0,4390.0,2634.19,0.0,Completed
ORD-11794,ORD-11794-2,20231203,CUST-0070,PROD-0048,ST-004,1,10690.0,0.1,9621.0,5634.8,0.0,Completed
ORD-11795,ORD-11795-1,20240525,CUST-0078,PROD-0011,ST-013,1,36390.0,0.0,36390.0,19504.14,0.0,Returned
ORD-11795,ORD-11795-2,20240525,CUST-0078,PROD-0015,ST-013,1,42990.0,0.1,38691.0,23074.85,0.0,Returned
ORD-11796,ORD-11796-1,20230324,CUST-0101,PROD-0050,ST-011,1,4290.0,0.0,4290.0,3053.81,0.0,Completed
ORD-11796,ORD-11796-2,20230324,CUST-0101,PROD-0009,ST-011,1,23630.0,0.0,23630.0,14479.88,0.0,Completed
ORD-11797,ORD-11797-1,20240629,CUST-0121,PROD-0035,ST-008,1,11120.0,0.05,10564.0,5574.09,0.0,Completed
ORD-11797,ORD-11797-2,20240629,CUST-0121,PROD-0024,ST-008,2,1330.0,0.0,2660.0,1724.1,0.0,Completed
ORD-11798,ORD-11798-1,20240322,CUST-0149,PROD-0046,ST-014,1,18630.0,0.0,18630.0,11496.52,0.0,Completed
ORD-11799,ORD-11799-1,20241008,CUST-0051,PROD-0022,ST-000,2,4390.0,0.1,7902.0,5268.38,79.4,Completed
ORD-11800,ORD-11800-1,20240511,CUST-0157,PROD-0079,ST-001,1,1620.0,0.0,1620.0,1137.67,0.0,Cancelled
ORD-11801,ORD-11801-1,20240302,CUST-0091,PROD-0042,ST-008,2,14500.0,0.0,29000.0,20596.24,0.0,Completed
ORD-11802,ORD-11802-1,20241225,CUST-0002,PROD-0011,ST-014,1,36390.0,0.0,36390.0,19504.14,0.0,Returned
ORD-11802,ORD-11802-2,20241225,CUST-0002,PROD-0006,ST-014,1,30230.0,0.05,28718.5,20923.79,0.0,Returned
ORD-11803,ORD-11803-1,20230108,CUST-0057,PROD-0053,ST-014,1,12030.0,0.0,12030.0,7726.31,0.0,Completed
ORD-11804,ORD-11804-1,20231122,CUST-0165,PROD-0066,ST-000,1,1630.0,0.1,1467.0,839.25,111.13,Returned
ORD-11804,ORD-11804-2,20231122,CUST-0165,PROD-0009,ST-000,2,23630.0,0.1,42534.0,28959.76,103.14,Returned
ORD-11805,ORD-11805-1,20230117,CUST-0031,PROD-0023,ST-015,1,2850.0,0.0,2850.0,1503.84,0.0,Completed
ORD-11806,ORD-11806-1,20230313,CUST-0016,PROD-0053,ST-004,2,12030.0,0.0,24060.0,15452.62,0.0,Completed
ORD-11807,ORD-11807-1,20241022,CUST-0052,PROD-0056,ST-010,3,12260.0,0.0,36780.0,24593.46,0.0,Returned
ORD-11808,ORD-11808-1,20240221,CUST-0077,PROD-0033,ST-000,3,6880.0,0.05,19608.0,13351.41,85.54,Cancelled
ORD-11809,ORD-11809-1,20240115,CUST-0190,PROD-0075,ST-009,2,2610.0,0.1,4698.0,3308.78,0.0,Cancelled
ORD-11810,ORD-11810-1,20240217,CUST-0045,PROD-0015,ST-008,1,42990.0,0.0,42990.0,23074.85,0.0,Completed
ORD-11811,ORD-11811-1,20240908,CUST-0065,PROD-0026,ST-014,1,3440.0,0.0,3440.0,2460.63,0.0,Completed
ORD-11811,ORD-11811-2,20240908,CUST-0065,PROD-0003,ST-014,1,6190.0,0.0,6190.0,3136.74,0.0,Completed
ORD-11811,ORD-11811-3,20240908,CUST-0065,PROD-0054,ST-014,2,12690.0,0.0,25380.0,17715.36,0.0,Completed
ORD-11812,ORD-11812-1,20230717,CUST-0020,PROD-0050,ST-005,3,4290.0,0.15,10939.5,9161.43,0.0,Returned
ORD-11812,ORD-11812-2,20230717,CUST-0020,PROD-0077,ST-005,2,1240.0,0.0,2480.0,1428.96,0.0,Returned
ORD-11813,ORD-11813-1,20240729,CUST-0130,PROD-0003,ST-000,1,6190.0,0.0,6190.0,3136.74,56.95,Completed
ORD-11813,ORD-11813-2,20240729,CUST-0130,PROD-0025,ST-000,3,1120.0,0.0,3360.0,1853.4,124.32,Completed
ORD-11814,ORD-11814-1,20231109,CUST-0042,PROD-0041,ST-011,1,11810.0,0.0,11810.0,7291.41,0.0,Completed
ORD-11815,ORD-11815-1,20230923,CUST-0044,PROD-0057,ST-012,1,9050.0,0.0,9050.0,4859.52,0.0,Completed
ORD-11816,ORD-11816-1,20240806,CUST-0119,PROD-0041,ST-002,2,11810.0,0.0,23620.0,14582.82,0.0,Completed
ORD-11817,ORD-11817-1,20230607,CUST-0145,PROD-0021,ST-008,1,2610.0,0.1,2349.0,1698.88,0.0,Returned
ORD-11818,ORD-11818-1,20241023,CUST-0047,PROD-0070,ST-013,1,1750.0,0.0,1750.0,1243.69,0.0,Completed
ORD-11819,ORD-11819-1,20231215,CUST-0195,PROD-0010,ST-000,2,16340.0,0.1,29412.0,22600.34,91.79,Cancelled
ORD-11820,ORD-11820-1,20240319,CUST-0162,PROD-0034,ST-001,1,17620.0,0.05,16739.0,10039.58,0.0,Completed
ORD-11821,ORD-11821-1,20240712,CUST-0079,PROD-0066,ST-009,1,1630.0,0.0,1630.0,839.25,0.0,Returned
ORD-11822,ORD-11822-1,20241101,CUST-0089,PROD-0003,ST-001,1,6190.0,0.05,5880.5,3136.74,0.0,Cancelled
ORD-11822,ORD-11822-2,20241101,CUST-0089,PROD-0013,ST-001,2,15750.0,0.1,28350.0,17376.3,0.0,Cancelled
ORD-11823,ORD-11823-1,20230820,CUST-0160,PROD-0032,ST-005,2,1730.0,0.0,3460.0,1813.06,0.0,Cancelled
ORD-11824,ORD-11824-1,20240730,CUST-0196,PROD-0027,ST-002,1,1520.0,0.0,1520.0,1037.85,0.0,Completed
ORD-11825,ORD-11825-1,20241024,CUST-0029,PROD-0058,ST-005,2,3720.0,0.0,7440.0,3876.66,0.0,Completed
ORD-11825,ORD-11825-2,20241024,CUST-0029,PROD-0059,ST-005,1,9340.0,0.0,9340.0,5793.35,0.0,Completed
ORD-11826,ORD-11826-1,20231031,CUST-0144,PROD-0038,ST-000,1,12270.0,0.0,12270.0,7938.77,136.08,Completed
ORD-11826,ORD-11826-2,20231031,CUST-0144,PROD-0021,ST-000,1,2610.0,0.0,2610.0,1698.88,44.78,Completed
ORD-11827,ORD-11827-1,20240304,CUST-0026,PROD-0006,ST-009,1,30230.0,0.0,30230.0,20923.79,0.0,Cancelled
ORD-11827,ORD-11827-2,20240304,CUST-0026,PROD-0048,ST-009,1,10690.0,0.0,10690.0,5634.8,0.0,Cancelled
ORD-11828,ORD-11828-1,20241225,CUST-0158,PROD-0026,ST-007,3,3440.0,0.05,9804.0,7381.89,0.0,Completed
ORD-11829,ORD-11829-1,20231115,CUST-0160,PROD-0023,ST-000,1,2850.0,0.2,2280.0,1503.84,128.0,Completed
ORD-11830,ORD-11830-1,20241124,CUST-0150,PROD-0041,ST-006,2,11810.0,0.0,23620.0,14582.82,0.0,Cancelled
ORD-11831,ORD-11831-1,20241120,CUST-0105,PROD-0061,ST-011,1,9200.0,0.0,9200.0,5967.9,0.0,Cancelled
ORD-11832,ORD-11832-1,20230702,CUST-0069,PROD-0065,ST-013,2,1070.0,0.15,1819.0,1176.7,0.0,Completed
ORD-11833,ORD-11833-1,20230420,CUST-0058,PROD-0034,ST-012,1,17620.0,0.0,17620.0,10039.58,0.0,Returned
ORD-11834,ORD-11834-1,20240630,CUST-0081,PROD-0042,ST-007,1,14500.0,0.1,13050.0,10298.12,0.0,Completed
ORD-11835,ORD-11835-1,20231203,CUST-0186,PROD-0068,ST-004,1,1450.0,0.0,1450.0,785.71,0.0,Completed
ORD-11835,ORD-11835-2,20231203,CUST-0186,PROD-0020,ST-004,1,1850.0,0.15,1572.5,1131.44,0.0,Completed
ORD-11836,ORD-11836-1,20230123,CUST-0027,PROD-0014,ST-000,1,21550.0,0.0,21550.0,14704.74,62.58,Completed
ORD-11837,ORD-11837-1,20240415,CUST-0114,PROD-0044,ST-003,1,7910.0,0.05,7514.5,4298.09,0.0,Cancelled
ORD-11838,ORD-11838-1,20240707,CUST-0122,PROD-0036,ST-014,1,14060.0,0.0,14060.0,8231.89,0.0,Cancelled
ORD-11839,ORD-11839-1,20241220,CUST-0134,PROD-0078,ST-006,2,1020.0,0.1,1836.0,1198.16,0.0,Cancelled
ORD-11839,ORD-11839-2,20241220,CUST-0134,PROD-0009,ST-006,2,23630.0,0.05,44897.0,28959.76,0.0,Cancelled
ORD-11840,ORD-11840-1,20241019,CUST-0078,PROD-0015,ST-004,1,42990.0,0.0,42990.0,23074.85,0.0,Completed
ORD-11840,ORD-11840-2,20241019,CUST-0078,PROD-0074,ST-004,4,1630.0,0.05,6194.0,4154.48,0.0,Completed
ORD-11841,ORD-11841-1,20240207,CUST-0185,PROD-0032,ST-004,2,1730.0,0.0,3460.0,1813.06,0.0,Returned
ORD-11841,ORD-11841-2,20240207,CUST-0185,PROD-0050,ST-004,1,4290.0,0.0,4290.0,3053.81,0.0,Returned
ORD-11842,ORD-11842-1,20230726,CUST-0128,PROD-0038,ST-000,1,12270.0,0.0,12270.0,7938.77,29.11,Completed
ORD-11843,ORD-11843-1,20241103,CUST-0030,PROD-0010,ST-000,1,16340.0,0.0,16340.0,11300.17,124.4,Completed
ORD-11843,ORD-11843-2,20241103,CUST-0030,PROD-0032,ST-000,2,1730.0,0.1,3114.0,1813.06,140.22,Completed
ORD-11844,ORD-11844-1,20240922,CUST-0099,PROD-0040,ST-008,1,9840.0,0.05,9348.0,4975.51,0.0,Completed
ORD-11845,ORD-11845-1,20230621,CUST-0025,PROD-0054,ST-013,1,12690.0,0.0,12690.0,8857.68,0.0,Completed
ORD-11846,ORD-11846-1,20231006,CUST-0010,PROD-0029,ST-000,1,1390.0,0.0,1390.0,896.49,35.73,Returned
ORD-11846,ORD-11846-2,20231006,CUST-0010,PROD-0067,ST-000,1,1970.0,0.05,1871.5,1102.52,119.1,Returned
ORD-11847,ORD-11847-1,20240308,CUST-0047,PROD-0052,ST-002,1,640.0,0.1,576.0,409.83,0.0,Completed
ORD-11847,ORD-11847-2,20240308,CUST-0047,PROD-0001,ST-002,1,4530.0,0.0,4530.0,2426.12,0.0,Completed
ORD-11848,ORD-11848-1,20231228,CUST-0113,PROD-0010,ST-005,1,16340.0,0.05,15523.0,11300.17,0.0,Completed
ORD-11848,ORD-11848-2,20231228,CUST-0113,PROD-0022,ST-005,1,4390.0,0.15,3731.5,2634.19,0.0,Completed
ORD-11849,ORD-11849-1,20230212,CUST-0145,PROD-0004,ST-000,1,26120.0,0.0,26120.0,17922.86,117.94,Cancelled
ORD-11850,ORD-11850-1,20230724,CUST-0178,PROD-0029,ST-002,1,1390.0,0.0,1390.0,896.49,0.0,Completed
ORD-11851,ORD-11851-1,20240914,CUST-0147,PROD-0039,ST-002,1,10260.0,0.0,10260.0,6354.22,0.0,Cancelled
ORD-11852,ORD-11852-1,20240409,CUST-0185,PROD-0056,ST-015,1,12260.0,0.0,12260.0,8197.82,0.0,Completed
ORD-11853,ORD-11853-1,20230716,CUST-0163,PROD-0070,ST-006,1,1750.0,0.05,1662.5,1243.69,0.0,Completed
ORD-11854,ORD-11854-1,20230113,CUST-0148,PROD-0015,ST-008,1,42990.0,0.0,42990.0,23074.85,0.0,Completed
ORD-11854,ORD-11854-2,20230113,CUST-0148,PROD-0070,ST-008,1,1750.0,0.05,1662.5,1243.69,0.0,Completed
ORD-11855,ORD-11855-1,20240331,CUST-0052,PROD-0033,ST-009,3,6880.0,0.0,20640.0,13351.41,0.0,Returned
ORD-11856,ORD-11856-1,20231215,CUST-0015,PROD-0040,ST-008,2,9840.0,0.0,19680.0,9951.02,0.0,Completed
ORD-11857,ORD-11857-1,20230403,CUST-0030,PROD-0045,ST-001,1,9970.0,0.0,9970.0,5548.21,0.0,Completed
ORD-11857,ORD-11857-2,20230403,CUST-0030,PROD-0073,ST-001,1,2250.0,0.15,1912.5,1505.46,0.0,Completed
ORD-11857,ORD-11857-3,20230403,CUST-0030,PROD-0069,ST-001,1,1180.0,0.1,1062.0,848.43,0.0,Completed
ORD-11858,ORD-11858-1,20231220,CUST-0120,PROD-0077,ST-009,2,1240.0,0.05,2356.0,1428.96,0.0,Cancelled
ORD-11858,ORD-11858-2,20231220,CUST-0120,PROD-0017,ST-009,2,3090.0,0.15,5253.0,4270.5,0.0,Cancelled
ORD-11859,ORD-11859-1,20240328,CUST-0185,PROD-0007,ST-013,2,36360.0,0.0,72720.0,50956.36,0.0,Completed
ORD-11859,ORD-11859-2,20240328,CUST-0185,PROD-0002,ST-013,1,33460.0,0.1,30114.0,20361.11,0.0,Completed
ORD-11860,ORD-11860-1,20230125,CUST-0157,PROD-0024,ST-001,1,1330.0,0.05,1263.5,862.05,0.0,Completed
ORD-11861,ORD-11861-1,20231005,CUST-0071,PROD-0037,ST-005,2,11140.0,0.0,22280.0,13318.36,0.0,Completed
ORD-11862,ORD-11862-1,20230109,CUST-0063,PROD-0023,ST-000,1,2850.0,0.2,2280.0,1503.84,91.57,Completed
ORD-11863,ORD-11863-1,20230420,CUST-0134,PROD-0070,ST-000,2,1750.0,0.0,3500.0,2487.38,112.47,Completed
ORD-11864,ORD-11864-1,20241121,CUST-0108,PROD-0035,ST-011,1,11120.0,0.0,11120.0,5574.09,0.0,Completed
ORD-11865,ORD-11865-1,20240910,CUST-0049,PROD-0032,ST-005,2,1730.0,0.05,3287.0,1813.06,0.0,Completed
ORD-11865,ORD-11865-2,20240910,CUST-0049,PROD-0001,ST-005,1,4530.0,0.05,4303.5,2426.12,0.0,Completed
ORD-11866,ORD-11866-1,20231031,CUST-0183,PROD-0033,ST-013,2,6880.0,0.1,12384.0,8900.94,0.0,Completed
ORD-11867,ORD-11867-1,20231009,CUST-0141,PROD-0052,ST-008,1,640.0,0.0,640.0,409.83,0.0,Cancelled
ORD-11868,ORD-11868-1,20231117,CUST-0077,PROD-0023,ST-001,3,2850.0,0.0,8550.0,4511.52,0.0,Completed
ORD-11869,ORD-11869-1,20240921,CUST-0098,PROD-0061,ST-012,1,9200.0,0.0,9200.0,5967.9,0.0,Returned
ORD-11870,ORD-11870-1,20230725,CUST-0106,PROD-0048,ST-009,2,10690.0,0.0,21380.0,11269.6,0.0,Completed
ORD-11870,ORD-11870-2,20230725,CUST-0106,PROD-0025,ST-009,2,1120.0,0.2,1792.0,1235.6,0.0,Completed
ORD-11871,ORD-11871-1,20230509,CUST-0092,PROD-0025,ST-007,1,1120.0,0.15,952.0,617.8,0.0,Completed
ORD-11871,ORD-11871-2,20230509,CUST-0092,PROD-0012,ST-007,1,51760.0,0.0,51760.0,25982.83,0.0,Completed
ORD-11872,ORD-11872-1,20241129,CUST-0041,PROD-0046,ST-012,4,18630.0,0.0,74520.0,45986.08,0.0,Completed
ORD-11873,ORD-11873-1,20241208,CUST-0123,PROD-0023,ST-012,1,2850.0,0.1,2565.0,1503.84,0.0,Cancelled
ORD-11873,ORD-11873-2,20241208,CUST-0123,PROD-0019,ST-012,1,3340.0,0.0,3340.0,1835.11,0.0,Cancelled
ORD-11874,ORD-11874-1,20231108,CUST-0058,PROD-0062,ST-007,4,10930.0,0.0,43720.0,28520.12,0.0,Completed
ORD-11875,ORD-11875-1,20230420,CUST-0142,PROD-0032,ST-000,1,1730.0,0.15,1470.5,906.53,130.23,Completed
ORD-11875,ORD-11875-2,20230420,CUST-0142,PROD-0023,ST-000,1,2850.0,0.05,2707.5,1503.84,122.48,Completed
ORD-11876,ORD-11876-1,20230518,CUST-0134,PROD-0067,ST-000,4,1970.0,0.0,7880.0,4410.08,31.19,Completed
ORD-11876,ORD-11876-2,20230518,CUST-0134,PROD-0031,ST-000,1,4390.0,0.0,4390.0,3154.36,87.01,Completed
ORD-11877,ORD-11877-1,20231122,CUST-0178,PROD-0050,ST-009,1,4290.0,0.0,4290.0,3053.81,0.0,Cancelled
ORD-11877,ORD-11877-2,20231122,CUST-0178,PROD-0067,ST-009,2,1970.0,0.05,3743.0,2205.04,0.0,Cancelled
ORD-11878,ORD-11878-1,20231213,CUST-0109,PROD-0073,ST-006,4,2250.0,0.0,9000.0,6021.84,0.0,Completed
ORD-11878,ORD-11878-2,20231213,CUST-0109,PROD-0032,ST-006,1,1730.0,0.0,1730.0,906.53,0.0,Completed
ORD-11879,ORD-11879-1,20230922,CUST-0088,PROD-0044,ST-006,1,7910.0,0.0,7910.0,4298.09,0.0,Completed
ORD-11880,ORD-11880-1,20241028,CUST-0075,PROD-0003,ST-014,1,6190.0,0.0,6190.0,3136.74,0.0,Completed
ORD-11881,ORD-11881-1,20240616,CUST-0135,PROD-0031,ST-015,1,4390.0,0.15,3731.5,3154.36,0.0,Completed
ORD-11882,ORD-11882-1,20241008,CUST-0036,PROD-0018,ST-002,1,660.0,0.0,660.0,407.13,0.0,Completed
ORD-11883,ORD-11883-1,20231112,CUST-0120,PROD-0069,ST-009,1,1180.0,0.05,1121.0,848.43,0.0,Completed
ORD-11883,ORD-11883-2,20231112,CUST-0120,PROD-0054,ST-009,2,12690.0,0.0,25380.0,17715.36,0.0,Completed
ORD-11883,ORD-11883-3,20231112,CUST-0120,PROD-0033,ST-009,1,6880.0,0.05,6536.0,4450.47,0.0,Completed
ORD-11884,ORD-11884-1,20231208,CUST-0108,PROD-0072,ST-012,1,2790.0,0.2,2232.0,1539.02,0.0,Cancelled
ORD-11885,ORD-11885-1,20230315,CUST-0112,PROD-0060,ST-015,2,9700.0,0.0,19400.0,9949.48,0.0,Completed
ORD-11886,ORD-11886-1,20240215,CUST-0115,PROD-0059,ST-000,2,9340.0,0.05,17746.0,11586.7,64.37,Completed
ORD-11886,ORD-11886-2,20240215,CUST-0115,PROD-0030,ST-000,2,3060.0,0.15,5202.0,3529.32,49.67,Completed
ORD-11887,ORD-11887-1,20231104,CUST-0167,PROD-0041,ST-005,1,11810.0,0.05,11219.5,7291.41,0.0,Completed
ORD-11888,ORD-11888-1,20241103,CUST-0149,PROD-0025,ST-015,1,1120.0,0.2,896.0,617.8,0.0,Returned
ORD-11889,ORD-11889-1,20241216,CUST-0133,PROD-0038,ST-001,3,12270.0,0.1,33129.0,23816.31,0.0,Returned
ORD-11889,ORD-11889-2,20241216,CUST-0133,PROD-0072,ST-001,3,2790.0,0.1,7533.0,4617.06,0.0,Returned
ORD-11890,ORD-11890-1,20230407,CUST-0027,PROD-0067,ST-000,1,1970.0,0.0,1970.0,1102.52,68.76,Completed
ORD-11890,ORD-11890-2,20230407,CUST-0027,PROD-0061,ST-000,3,9200.0,0.05,26220.0,17903.7,145.33,Completed
ORD-11891,ORD-11891-1,20240724,CUST-0113,PROD-0058,ST-004,2,3720.0,0.0,7440.0,3876.66,0.0,Completed
ORD-11892,ORD-11892-1,20241216,CUST-0123,PROD-0002,ST-006,2,33460.0,0.0,66920.0,40722.22,0.0,Returned
ORD-11893,ORD-11893-1,20240212,CUST-0154,PROD-0037,ST-008,1,11140.0,0.0,11140.0,6659.18,0.0,Completed
ORD-11894,ORD-11894-1,20230514,CUST-0040,PROD-0058,ST-002,1,3720.0,0.0,3720.0,1938.33,0.0,Completed
ORD-11894,ORD-11894-2,20230514,CUST-0040,PROD-0076,ST-002,1,250.0,0.1,225.0,141.67,0.0,Completed
ORD-11895,ORD-11895-1,20230301,CUST-0036,PROD-0004,ST-014,1,26120.0,0.0,26120.0,17922.86,0.0,Completed
ORD-11896,ORD-11896-1,20240116,CUST-0085,PROD-0015,ST-000,1,42990.0,0.15,36541.5,23074.85,41.31,Completed
ORD-11896,ORD-11896-2,20240116,CUST-0085,PROD-0023,ST-000,1,2850.0,0.0,2850.0,1503.84,122.09,Completed
ORD-11897,ORD-11897-1,20240806,CUST-0025,PROD-0080,ST-009,3,1260.0,0.0,3780.0,2306.76,0.0,Completed
ORD-11897,ORD-11897-2,20240806,CUST-0025,PROD-0014,ST-009,3,21550.0,0.0,64650.0,44114.22,0.0,Completed
ORD-11898,ORD-11898-1,20240713,CUST-0015,PROD-0013,ST-014,1,15750.0,0.0,15750.0,8688.15,0.0,Returned
ORD-11898,ORD-11898-2,20240713,CUST-0015,PROD-0063,ST-014,1,9290.0,0.0,9290.0,5334.22,0.0,Returned
ORD-11899,ORD-11899-1,20241201,CUST-0120,PROD-0077,ST-012,4,1240.0,0.0,4960.0,2857.92,0.0,Completed
ORD-11899,ORD-11899-2,20241201,CUST-0120,PROD-0058,ST-012,2,3720.0,0.0,7440.0,3876.66,0.0,Completed
ORD-11900,ORD-11900-1,20241106,CUST-0142,PROD-0058,ST-000,1,3720.0,0.0,3720.0,1938.33,116.57,Returned
ORD-11900,ORD-11900-2,20241106,CUST-0142,PROD-0042,ST-000,2,14500.0,0.15,24650.0,20596.24,121.13,Returned
ORD-11901,ORD-11901-1,20240328,CUST-0089,PROD-0075,ST-000,1,2610.0,0.0,2610.0,1654.39,45.34,Completed
ORD-11902,ORD-11902-1,20240823,CUST-0182,PROD-0002,ST-014,1,33460.0,0.05,31787.0,20361.11,0.0,Completed
ORD-11903,ORD-11903-1,20240420,CUST-0190,PROD-0056,ST-006,1,12260.0,0.0,12260.0,8197.82,0.0,Returned
ORD-11903,ORD-11903-2,20240420,CUST-0190,PROD-0079,ST-006,3,1620.0,0.0,4860.0,3413.01,0.0,Returned
ORD-11904,ORD-11904-1,20241104,CUST-0032,PROD-0076,ST-003,2,250.0,0.05,475.0,283.34,0.0,Completed
ORD-11904,ORD-11904-2,20241104,CUST-0032,PROD-0034,ST-003,2,17620.0,0.1,31716.0,20079.16,0.0,Completed
ORD-11905,ORD-11905-1,20241209,CUST-0114,PROD-0065,ST-000,1,1070.0,0.0,1070.0,588.35,109.8,Returned
ORD-11906,ORD-11906-1,20241205,CUST-0035,PROD-0028,ST-009,2,920.0,0.15,1564.0,1242.02,0.0,Completed
ORD-11907,ORD-11907-1,20231106,CUST-0182,PROD-0079,ST-000,2,1620.0,0.0,3240.0,2275.34,54.96,Completed
ORD-11908,ORD-11908-1,20240225,CUST-0042,PROD-0066,ST-007,1,1630.0,0.1,1467.0,839.25,0.0,Completed
ORD-11909,ORD-11909-1,20241102,CUST-0181,PROD-0020,ST-009,1,1850.0,0.0,1850.0,1131.44,0.0,Returned
ORD-11910,ORD-11910-1,20230512,CUST-0045,PROD-0059,ST-003,1,9340.0,0.2,7472.0,5793.35,0.0,Completed
ORD-11911,ORD-11911-1,20241117,CUST-0066,PROD-0031,ST-002,2,4390.0,0.1,7902.0,6308.72,0.0,Completed
ORD-11912,ORD-11912-1,20230423,CUST-0198,PROD-0016,ST-004,1,22690.0,0.0,22690.0,14008.18,0.0,Completed
ORD-11913,ORD-11913-1,20230518,CUST-0195,PROD-0016,ST-001,1,22690.0,0.0,22690.0,14008.18,0.0,Completed
ORD-11914,ORD-11914-1,20240817,CUST-0199,PROD-0062,ST-015,1,10930.0,0.0,10930.0,7130.03,0.0,Cancelled
ORD-11915,ORD-11915-1,20240605,CUST-0083,PROD-0071,ST-003,1,430.0,0.0,430.0,257.61,0.0,Completed
ORD-11916,ORD-11916-1,20241218,CUST-0006,PROD-0050,ST-012,1,4290.0,0.0,4290.0,3053.81,0.0,Completed
ORD-11916,ORD-11916-2,20241218,CUST-0006,PROD-0068,ST-012,1,1450.0,0.0,1450.0,785.71,0.0,Completed
ORD-11916,ORD-11916-3,20241218,CUST-0006,PROD-0049,ST-012,1,3260.0,0.15,2771.0,1841.77,0.0,Completed
ORD-11917,ORD-11917-1,20240414,CUST-0118,PROD-0008,ST-013,1,15680.0,0.05,14896.0,10516.89,0.0,Completed
ORD-11918,ORD-11918-1,20240202,CUST-0171,PROD-0062,ST-009,2,10930.0,0.0,21860.0,14260.06,0.0,Completed
ORD-11919,ORD-11919-1,20231206,CUST-0128,PROD-0052,ST-000,1,640.0,0.15,544.0,409.83,43.12,Completed
ORD-11920,ORD-11920-1,20230518,CUST-0065,PROD-0013,ST-013,1,15750.0,0.1,14175.0,8688.15,0.0,Completed
ORD-11921,ORD-11921-1,20230608,CUST-0113,PROD-0018,ST-006,1,660.0,0.0,660.0,407.13,0.0,Completed
ORD-11922,ORD-11922-1,20230401,CUST-0169,PROD-0003,ST-004,2,6190.0,0.05,11761.0,6273.48,0.0,Cancelled
ORD-11923,ORD-11923-1,20241211,CUST-0078,PROD-0027,ST-013,4,1520.0,0.05,5776.0,4151.4,0.0,Completed
ORD-11923,ORD-11923-2,20241211,CUST-0078,PROD-0011,ST-013,2,36390.0,0.0,72780.0,39008.28,0.0,Completed
ORD-11924,ORD-11924-1,20240721,CUST-0039,PROD-0032,ST-000,1,1730.0,0.0,1730.0,906.53,48.22,Cancelled
ORD-11925,ORD-11925-1,20230516,CUST-0081,PROD-0025,ST-000,1,1120.0,0.0,1120.0,617.8,38.83,Cancelled
ORD-11926,ORD-11926-1,20241106,CUST-0182,PROD-0080,ST-015,1,1260.0,0.0,1260.0,768.92,0.0,Completed
ORD-11927,ORD-11927-1,20240816,CUST-0002,PROD-0041,ST-010,2,11810.0,0.0,23620.0,14582.82,0.0,Completed
ORD-11928,ORD-11928-1,20241126,CUST-0061,PROD-0071,ST-001,1,430.0,0.0,430.0,257.61,0.0,Cancelled
ORD-11928,ORD-11928-2,20241126,CUST-0061,PROD-0056,ST-001,2,12260.0,0.0,24520.0,16395.64,0.0,Cancelled
ORD-11929,ORD-11929-1,20240207,CUST-0010,PROD-0058,ST-000,1,3720.0,0.05,3534.0,1938.33,128.84,Cancelled
ORD-11930,ORD-11930-1,20241115,CUST-0041,PROD-0039,ST-002,1,10260.0,0.0,10260.0,6354.22,0.0,Cancelled
ORD-11931,ORD-11931-1,20230110,CUST-0190,PROD-0037,ST-000,1,11140.0,0.15,9469.0,6659.18,77.02,Completed
ORD-11932,ORD-11932-1,20240906,CUST-0047,PROD-0077,ST-014,4,1240.0,0.0,4960.0,2857.92,0.0,Completed
ORD-11933,ORD-11933-1,20240713,CUST-0167,PROD-0059,ST-006,1,9340.0,0.0,9340.0,5793.35,0.0,Completed
ORD-11933,ORD-11933-2,20240713,CUST-0167,PROD-0049,ST-006,1,3260.0,0.0,3260.0,1841.77,0.0,Completed
ORD-11934,ORD-11934-1,20230720,CUST-0140,PROD-0030,ST-006,2,3060.0,0.0,6120.0,3529.32,0.0,Returned
ORD-11935,ORD-11935-1,20240213,CUST-0100,PROD-0051,ST-011,1,12350.0,0.0,12350.0,7189.83,0.0,Completed
ORD-11936,ORD-11936-1,20241121,CUST-0126,PROD-0026,ST-001,1,3440.0,0.0,3440.0,2460.63,0.0,Completed
ORD-11937,ORD-11937-1,20230622,CUST-0152,PROD-0043,ST-011,1,650.0,0.05,617.5,417.59,0.0,Completed
ORD-11938,ORD-11938-1,20231017,CUST-0126,PROD-0021,ST-014,1,2610.0,0.15,2218.5,1698.88,0.0,Cancelled
ORD-11938,ORD-11938-2,20231017,CUST-0126,PROD-0016,ST-014,2,22690.0,0.15,38573.0,28016.36,0.0,Cancelled
ORD-11939,ORD-11939-1,20240201,CUST-0035,PROD-0050,ST-005,2,4290.0,0.15,7293.0,6107.62,0.0,Returned
ORD-11940,ORD-11940-1,20240731,CUST-0023,PROD-0054,ST-000,1,12690.0,0.0,12690.0,8857.68,35.9,Cancelled
ORD-11940,ORD-11940-2,20240731,CUST-0023,PROD-0038,ST-000,2,12270.0,0.15,20859.0,15877.54,122.34,Cancelled
ORD-11941,ORD-11941-1,20241024,CUST-0132,PROD-0003,ST-002,1,6190.0,0.05,5880.5,3136.74,0.0,Returned
ORD-11942,ORD-11942-1,20240615,CUST-0113,PROD-0076,ST-010,4,250.0,0.0,1000.0,566.68,0.0,Completed
ORD-11943,ORD-11943-1,20231103,CUST-0029,PROD-0079,ST-010,1,1620.0,0.0,1620.0,1137.67,0.0,Completed
ORD-11944,ORD-11944-1,20230510,CUST-0111,PROD-0034,ST-002,2,17620.0,0.0,35240.0,20079.16,0.0,Completed
ORD-11944,ORD-11944-2,20230510,CUST-0111,PROD-0017,ST-002,2,3090.0,0.0,6180.0,4270.5,0.0,Completed
ORD-11945,ORD-11945-1,20231007,CUST-0056,PROD-0032,ST-012,1,1730.0,0.05,1643.5,906.53,0.0,Completed
ORD-11946,ORD-11946-1,20230220,CUST-0128,PROD-0043,ST-006,1,650.0,0.0,650.0,417.59,0.0,Completed
ORD-11947,ORD-11947-1,20231110,CUST-0027,PROD-0033,ST-012,3,6880.0,0.0,20640.0,13351.41,0.0,Completed
ORD-11947,ORD-11947-2,20231110,CUST-0027,PROD-0042,ST-012,4,14500.0,0.0,58000.0,41192.48,0.0,Completed
ORD-11948,ORD-11948-1,20240617,CUST-0127,PROD-0020,ST-007,1,1850.0,0.0,1850.0,1131.44,0.0,Cancelled
ORD-11949,ORD-11949-1,20231002,CUST-0107,PROD-0026,ST-015,1,3440.0,0.0,3440.0,2460.63,0.0,Completed
ORD-11950,ORD-11950-1,20230920,CUST-0147,PROD-0016,ST-013,1,22690.0,0.05,21555.5,14008.18,0.0,Completed
ORD-11951,ORD-11951-1,20230115,CUST-0079,PROD-0042,ST-008,1,14500.0,0.0,14500.0,10298.12,0.0,Completed
ORD-11952,ORD-11952-1,20240928,CUST-0018,PROD-0048,ST-004,1,10690.0,0.05,10155.5,5634.8,0.0,Returned
ORD-11952,ORD-11952-2,20240928,CUST-0018,PROD-0034,ST-004,1,17620.0,0.0,17620.0,10039.58,0.0,Returned
ORD-11953,ORD-11953-1,20241212,CUST-0071,PROD-0008,ST-005,1,15680.0,0.2,12544.0,10516.89,0.0,Completed
ORD-11954,ORD-11954-1,20231222,CUST-0088,PROD-0041,ST-005,1,11810.0,0.0,11810.0,7291.41,0.0,Completed
ORD-11954,ORD-11954-2,20231222,CUST-0088,PROD-0071,ST-005,2,430.0,0.0,860.0,515.22,0.0,Completed
ORD-11955,ORD-11955-1,20240915,CUST-0099,PROD-0071,ST-000,2,430.0,0.15,731.0,515.22,76.26,Completed
ORD-11955,ORD-11955-2,20240915,CUST-0099,PROD-0017,ST-000,1,3090.0,0.0,3090.0,2135.25,148.77,Completed
ORD-11956,ORD-11956-1,20240816,CUST-0051,PROD-0029,ST-009,2,1390.0,0.0,2780.0,1792.98,0.0,Completed
ORD-11957,ORD-11957-1,20240816,CUST-0103,PROD-0079,ST-008,1,1620.0,0.05,1539.0,1137.67,0.0,Cancelled
ORD-11958,ORD-11958-1,20231126,CUST-0018,PROD-0049,ST-012,1,3260.0,0.0,3260.0,1841.77,0.0,Completed
ORD-11959,ORD-11959-1,20230726,CUST-0088,PROD-0033,ST-012,1,6880.0,0.0,6880.0,4450.47,0.0,Completed
ORD-11960,ORD-11960-1,20230125,CUST-0029,PROD-0055,ST-001,1,11840.0,0.0,11840.0,6635.81,0.0,Returned
ORD-11961,ORD-11961-1,20240827,CUST-0086,PROD-0079,ST-015,1,1620.0,0.0,1620.0,1137.67,0.0,Completed
ORD-11961,ORD-11961-2,20240827,CUST-0086,PROD-0051,ST-015,3,12350.0,0.05,35197.5,21569.49,0.0,Completed
ORD-11962,ORD-11962-1,20230211,CUST-0185,PROD-0051,ST-006,1,12350.0,0.1,11115.0,7189.83,0.0,Completed
ORD-11963,ORD-11963-1,20231007,CUST-0123,PROD-0064,ST-004,2,4410.0,0.0,8820.0,5662.12,0.0,Completed
ORD-11964,ORD-11964-1,20241218,CUST-0177,PROD-0055,ST-000,2,11840.0,0.0,23680.0,13271.62,83.3,Completed
ORD-11964,ORD-11964-2,20241218,CUST-0177,PROD-0007,ST-000,1,36360.0,0.0,36360.0,25478.18,85.77,Completed
ORD-11965,ORD-11965-1,20241221,CUST-0151,PROD-0029,ST-014,2,1390.0,0.0,2780.0,1792.98,0.0,Cancelled
ORD-11965,ORD-11965-2,20241221,CUST-0151,PROD-0052,ST-014,1,640.0,0.0,640.0,409.83,0.0,Cancelled
ORD-11966,ORD-11966-1,20230722,CUST-0120,PROD-0007,ST-009,2,36360.0,0.05,69084.0,50956.36,0.0,Returned
ORD-11967,ORD-11967-1,20240130,CUST-0027,PROD-0068,ST-012,2,1450.0,0.0,2900.0,1571.42,0.0,Completed
ORD-11967,ORD-11967-2,20240130,CUST-0027,PROD-0053,ST-012,2,12030.0,0.0,24060.0,15452.62,0.0,Completed
ORD-11968,ORD-11968-1,20231121,CUST-0164,PROD-0017,ST-000,1,3090.0,0.1,2781.0,2135.25,81.85,Completed
ORD-11968,ORD-11968-2,20231121,CUST-0164,PROD-0045,ST-000,4,9970.0,0.0,39880.0,22192.84,26.18,Completed
ORD-11969,ORD-11969-1,20230907,CUST-0176,PROD-0080,ST-002,1,1260.0,0.05,1197.0,768.92,0.0,Returned
ORD-11969,ORD-11969-2,20230907,CUST-0176,PROD-0039,ST-002,1,10260.0,0.05,9747.0,6354.22,0.0,Returned
ORD-11969,ORD-11969-3,20230907,CUST-0176,PROD-0005,ST-002,1,33510.0,0.05,31834.5,20544.28,0.0,Returned
ORD-11970,ORD-11970-1,20231218,CUST-0122,PROD-0032,ST-003,1,1730.0,0.2,1384.0,906.53,0.0,Completed
ORD-11971,ORD-11971-1,20231209,CUST-0110,PROD-0022,ST-012,1,4390.0,0.15,3731.5,2634.19,0.0,Returned
ORD-11972,ORD-11972-1,20240202,CUST-0140,PROD-0076,ST-015,1,250.0,0.0,250.0,141.67,0.0,Completed
ORD-11973,ORD-11973-1,20231227,CUST-0004,PROD-0051,ST-012,1,12350.0,0.1,11115.0,7189.83,0.0,Completed
ORD-11973,ORD-11973-2,20231227,CUST-0004,PROD-0011,ST-012,2,36390.0,0.0,72780.0,39008.28,0.0,Completed
ORD-11974,ORD-11974-1,20230106,CUST-0172,PROD-0048,ST-015,1,10690.0,0.0,10690.0,5634.8,0.0,Completed
ORD-11975,ORD-11975-1,20231026,CUST-0175,PROD-0016,ST-011,2,22690.0,0.0,45380.0,28016.36,0.0,Completed
ORD-11975,ORD-11975-2,20231026,CUST-0175,PROD-0056,ST-011,2,12260.0,0.0,24520.0,16395.64,0.0,Completed
ORD-11976,ORD-11976-1,20241230,CUST-0190,PROD-0057,ST-010,1,9050.0,0.0,9050.0,4859.52,0.0,Completed
ORD-11977,ORD-11977-1,20231011,CUST-0103,PROD-0020,ST-003,3,1850.0,0.0,5550.0,3394.32,0.0,Cancelled
ORD-11977,ORD-11977-2,20231011,CUST-0103,PROD-0067,ST-003,2,1970.0,0.15,3349.0,2205.04,0.0,Cancelled
ORD-11978,ORD-11978-1,20230810,CUST-0054,PROD-0067,ST-010,2,1970.0,0.0,3940.0,2205.04,0.0,Completed
ORD-11978,ORD-11978-2,20230810,CUST-0054,PROD-0033,ST-010,1,6880.0,0.0,6880.0,4450.47,0.0,Completed
ORD-11979,ORD-11979-1,20240323,CUST-0114,PROD-0009,ST-001,1,23630.0,0.0,23630.0,14479.88,0.0,Completed
ORD-11980,ORD-11980-1,20241012,CUST-0180,PROD-0021,ST-000,1,2610.0,0.0,2610.0,1698.88,52.74,Completed
ORD-11981,ORD-11981-1,20230918,CUST-0192,PROD-0069,ST-000,2,1180.0,0.0,2360.0,1696.86,43.61,Completed
ORD-11981,ORD-11981-2,20230918,CUST-0192,PROD-0039,ST-000,1,10260.0,0.0,10260.0,6354.22,63.49,Completed
ORD-11982,ORD-11982-1,20230315,CUST-0056,PROD-0076,ST-012,4,250.0,0.15,850.0,566.68,0.0,Returned
ORD-11983,ORD-11983-1,20240326,CUST-0009,PROD-0011,ST-013,2,36390.0,0.05,69141.0,39008.28,0.0,Completed
ORD-11984,ORD-11984-1,20240322,CUST-0112,PROD-0005,ST-000,1,33510.0,0.0,33510.0,20544.28,45.62,Returned
ORD-11985,ORD-11985-1,20231103,CUST-0050,PROD-0041,ST-004,1,11810.0,0.2,9448.0,7291.41,0.0,Completed
ORD-11985,ORD-11985-2,20231103,CUST-0050,PROD-0078,ST-004,1,1020.0,0.0,1020.0,599.08,0.0,Completed
ORD-11986,ORD-11986-1,20230118,CUST-0081,PROD-0049,ST-010,2,3260.0,0.2,5216.0,3683.54,0.0,Completed
ORD-11987,ORD-11987-1,20230130,CUST-0125,PROD-0008,ST-015,1,15680.0,0.05,14896.0,10516.89,0.0,Cancelled
ORD-11988,ORD-11988-1,20231007,CUST-0041,PROD-0051,ST-010,3,12350.0,0.0,37050.0,21569.49,0.0,Completed
ORD-11989,ORD-11989-1,20230719,CUST-0020,PROD-0017,ST-013,2,3090.0,0.0,6180.0,4270.5,0.0,Completed
ORD-11990,ORD-11990-1,20230814,CUST-0145,PROD-0026,ST-015,1,3440.0,0.1,3096.0,2460.63,0.0,Returned
ORD-11990,ORD-11990-2,20230814,CUST-0145,PROD-0057,ST-015,1,9050.0,0.15,7692.5,4859.52,0.0,Returned
ORD-11991,ORD-11991-1,20230720,CUST-0004,PROD-0072,ST-000,1,2790.0,0.0,2790.0,1539.02,102.85,Completed
ORD-11992,ORD-11992-1,20230916,CUST-0183,PROD-0055,ST-012,4,11840.0,0.0,47360.0,26543.24,0.0,Completed
ORD-11992,ORD-11992-2,20230916,CUST-0183,PROD-0076,ST-012,1,250.0,0.2,200.0,141.67,0.0,Completed
ORD-11993,ORD-11993-1,20230920,CUST-0064,PROD-0071,ST-009,2,430.0,0.0,860.0,515.22,0.0,Completed
ORD-11993,ORD-11993-2,20230920,CUST-0064,PROD-0056,ST-009,4,12260.0,0.1,44136.0,32791.28,0.0,Completed
ORD-11994,ORD-11994-1,20230811,CUST-0181,PROD-0049,ST-001,4,3260.0,0.0,13040.0,7367.08,0.0,Completed
ORD-11995,ORD-11995-1,20240529,CUST-0120,PROD-0017,ST-010,2,3090.0,0.0,6180.0,4270.5,0.0,Returned
ORD-11996,ORD-11996-1,20230220,CUST-0113,PROD-0077,ST-009,1,1240.0,0.05,1178.0,714.48,0.0,Completed
ORD-11996,ORD-11996-2,20230220,CUST-0113,PROD-0062,ST-009,1,10930.0,0.0,10930.0,7130.03,0.0,Completed
ORD-11997,ORD-11997-1,20230717,CUST-0029,PROD-0075,ST-000,2,2610.0,0.0,5220.0,3308.78,139.4,Completed
ORD-11998,ORD-11998-1,20241003,CUST-0042,PROD-0016,ST-002,1,22690.0,0.0,22690.0,14008.18,0.0,Completed
ORD-11999,ORD-11999-1,20231107,CUST-0137,PROD-0004,ST-000,2,26120.0,0.0,52240.0,35845.72,26.87,Completed
ORD-12000,ORD-12000-1,20231222,CUST-0182,PROD-0052,ST-000,1,640.0,0.15,544.0,409.83,74.64,Completed
ORD-12001,ORD-12001-1,20240728,CUST-0036,PROD-0048,ST-011,1,10690.0,0.0,10690.0,5634.8,0.0,Completed
ORD-12002,ORD-12002-1,20230427,CUST-0058,PROD-0011,ST-008,1,36390.0,0.0,36390.0,19504.14,0.0,Returned
ORD-12002,ORD-12002-2,20230427,CUST-0058,PROD-0027,ST-008,1,1520.0,0.05,1444.0,1037.85,0.0,Returned
ORD-12003,ORD-12003-1,20240813,CUST-0031,PROD-0063,ST-012,1,9290.0,0.0,9290.0,5334.22,0.0,Completed
ORD-12003,ORD-12003-2,20240813,CUST-0031,PROD-0020,ST-012,1,1850.0,0.2,1480.0,1131.44,0.0,Completed
ORD-12004,ORD-12004-1,20240106,CUST-0167,PROD-0032,ST-000,2,1730.0,0.0,3460.0,1813.06,52.8,Completed
ORD-12004,ORD-12004-2,20240106,CUST-0167,PROD-0037,ST-000,3,11140.0,0.0,33420.0,19977.54,126.82,Completed
ORD-12005,ORD-12005-1,20241119,CUST-0141,PROD-0057,ST-009,2,9050.0,0.0,18100.0,9719.04,0.0,Completed
ORD-12006,ORD-12006-1,20230523,CUST-0118,PROD-0011,ST-002,3,36390.0,0.0,109170.0,58512.42,0.0,Completed
ORD-12006,ORD-12006-2,20230523,CUST-0118,PROD-0059,ST-002,4,9340.0,0.0,37360.0,23173.4,0.0,Completed
ORD-12007,ORD-12007-1,20231028,CUST-0014,PROD-0023,ST-000,1,2850.0,0.1,2565.0,1503.84,100.61,Completed
ORD-12007,ORD-12007-2,20231028,CUST-0014,PROD-0014,ST-000,1,21550.0,0.2,17240.0,14704.74,45.66,Completed
ORD-12008,ORD-12008-1,20240816,CUST-0128,PROD-0044,ST-009,1,7910.0,0.05,7514.5,4298.09,0.0,Completed
ORD-12009,ORD-12009-1,20231023,CUST-0125,PROD-0039,ST-010,1,10260.0,0.05,9747.0,6354.22,0.0,Returned
ORD-12009,ORD-12009-2,20231023,CUST-0125,PROD-0002,ST-010,1,33460.0,0.05,31787.0,20361.11,0.0,Returned
ORD-12010,ORD-12010-1,20240503,CUST-0197,PROD-0051,ST-003,1,12350.0,0.0,12350.0,7189.83,0.0,Completed
ORD-12010,ORD-12010-2,20240503,CUST-0197,PROD-0002,ST-003,1,33460.0,0.0,33460.0,20361.11,0.0,Completed
ORD-12011,ORD-12011-1,20230610,CUST-0077,PROD-0017,ST-015,1,3090.0,0.0,3090.0,2135.25,0.0,Completed
ORD-12011,ORD-12011-2,20230610,CUST-0077,PROD-0064,ST-015,2,4410.0,0.1,7938.0,5662.12,0.0,Completed
ORD-12012,ORD-12012-1,20241013,CUST-0074,PROD-0044,ST-004,1,7910.0,0.0,7910.0,4298.09,0.0,Returned
ORD-12013,ORD-12013-1,20230722,CUST-0117,PROD-0058,ST-005,1,3720.0,0.15,3162.0,1938.33,0.0,Completed
ORD-12013,ORD-12013-2,20230722,CUST-0117,PROD-0067,ST-005,2,1970.0,0.05,3743.0,2205.04,0.0,Completed
ORD-12014,ORD-12014-1,20241111,CUST-0003,PROD-0026,ST-011,1,3440.0,0.1,3096.0,2460.63,0.0,Completed
ORD-12015,ORD-12015-1,20231015,CUST-0121,PROD-0059,ST-014,1,9340.0,0.05,8873.0,5793.35,0.0,Returned
ORD-12016,ORD-12016-1,20230222,CUST-0023,PROD-0038,ST-003,1,12270.0,0.0,12270.0,7938.77,0.0,Cancelled
ORD-12016,ORD-12016-2,20230222,CUST-0023,PROD-0004,ST-003,1,26120.0,0.0,26120.0,17922.86,0.0,Cancelled
ORD-12017,ORD-12017-1,20240212,CUST-0001,PROD-0045,ST-009,1,9970.0,0.0,9970.0,5548.21,0.0,Completed
ORD-12018,ORD-12018-1,20230730,CUST-0090,PROD-0053,ST-011,2,12030.0,0.0,24060.0,15452.62,0.0,Returned
ORD-12019,ORD-12019-1,20231209,CUST-0034,PROD-0047,ST-014,1,12400.0,0.0,12400.0,8153.66,0.0,Completed
ORD-12020,ORD-12020-1,20240821,CUST-0170,PROD-0041,ST-012,1,11810.0,0.05,11219.5,7291.41,0.0,Completed
ORD-12021,ORD-12021-1,20230725,CUST-0050,PROD-0022,ST-002,2,4390.0,0.0,8780.0,5268.38,0.0,Cancelled
ORD-12022,ORD-12022-1,20240102,CUST-0186,PROD-0042,ST-014,2,14500.0,0.0,29000.0,20596.24,0.0,Completed
ORD-12023,ORD-12023-1,20230425,CUST-0081,PROD-0006,ST-007,1,30230.0,0.0,30230.0,20923.79,0.0,Completed
ORD-12023,ORD-12023-2,20230425,CUST-0081,PROD-0069,ST-007,2,1180.0,0.0,2360.0,1696.86,0.0,Completed
ORD-12023,ORD-12023-3,20230425,CUST-0081,PROD-0014,ST-007,1,21550.0,0.0,21550.0,14704.74,0.0,Completed
ORD-12024,ORD-12024-1,20231025,CUST-0089,PROD-0054,ST-004,2,12690.0,0.0,25380.0,17715.36,0.0,Completed
ORD-12025,ORD-12025-1,20230430,CUST-0027,PROD-0076,ST-015,1,250.0,0.1,225.0,141.67,0.0,Completed
ORD-12026,ORD-12026-1,20240611,CUST-0034,PROD-0037,ST-011,2,11140.0,0.0,22280.0,13318.36,0.0,Completed
ORD-12026,ORD-12026-2,20240611,CUST-0034,PROD-0077,ST-011,1,1240.0,0.1,1116.0,714.48,0.0,Completed
ORD-12027,ORD-12027-1,20240429,CUST-0189,PROD-0071,ST-008,1,430.0,0.2,344.0,257.61,0.0,Completed
ORD-12028,ORD-12028-1,20240305,CUST-0069,PROD-0019,ST-009,1,3340.0,0.0,3340.0,1835.11,0.0,Cancelled
ORD-12028,ORD-12028-2,20240305,CUST-0069,PROD-0064,ST-009,2,4410.0,0.0,8820.0,5662.12,0.0,Cancelled
ORD-12029,ORD-12029-1,20231228,CUST-0047,PROD-0036,ST-003,1,14060.0,0.05,13357.0,8231.89,0.0,Returned
ORD-12029,ORD-12029-2,20231228,CUST-0047,PROD-0059,ST-003,1,9340.0,0.0,9340.0,5793.35,0.0,Returned
ORD-12030,ORD-12030-1,20240909,CUST-0005,PROD-0080,ST-000,2,1260.0,0.0,2520.0,1537.84,136.52,Cancelled
ORD-12031,ORD-12031-1,20230618,CUST-0174,PROD-0035,ST-011,2,11120.0,0.0,22240.0,11148.18,0.0,Cancelled
ORD-12031,ORD-12031-2,20230618,CUST-0174,PROD-0078,ST-011,1,1020.0,0.05,969.0,599.08,0.0,Cancelled
ORD-12032,ORD-12032-1,20241222,CUST-0129,PROD-0065,ST-001,4,1070.0,0.2,3424.0,2353.4,0.0,Cancelled
ORD-12033,ORD-12033-1,20230207,CUST-0163,PROD-0034,ST-005,1,17620.0,0.0,17620.0,10039.58,0.0,Returned
ORD-12034,ORD-12034-1,20230219,CUST-0007,PROD-0044,ST-014,3,7910.0,0.05,22543.5,12894.27,0.0,Cancelled
ORD-12034,ORD-12034-2,20230219,CUST-0007,PROD-0037,ST-014,1,11140.0,0.0,11140.0,6659.18,0.0,Cancelled
ORD-12035,ORD-12035-1,20240601,CUST-0063,PROD-0032,ST-000,2,1730.0,0.0,3460.0,1813.06,147.63,Completed
ORD-12036,ORD-12036-1,20240320,CUST-0188,PROD-0034,ST-014,1,17620.0,0.0,17620.0,10039.58,0.0,Completed
ORD-12037,ORD-12037-1,20240420,CUST-0052,PROD-0055,ST-008,1,11840.0,0.15,10064.0,6635.81,0.0,Returned
ORD-12037,ORD-12037-2,20240420,CUST-0052,PROD-0068,ST-008,1,1450.0,0.1,1305.0,785.71,0.0,Returned
ORD-12038,ORD-12038-1,20241007,CUST-0091,PROD-0001,ST-008,3,4530.0,0.0,13590.0,7278.36,0.0,Completed
ORD-12039,ORD-12039-1,20231129,CUST-0168,PROD-0080,ST-014,1,1260.0,0.0,1260.0,768.92,0.0,Completed
ORD-12040,ORD-12040-1,20241110,CUST-0119,PROD-0046,ST-004,1,18630.0,0.0,18630.0,11496.52,0.0,Completed
ORD-12040,ORD-12040-2,20241110,CUST-0119,PROD-0031,ST-004,1,4390.0,0.1,3951.0,3154.36,0.0,Completed
ORD-12041,ORD-12041-1,20230123,CUST-0024,PROD-0074,ST-009,1,1630.0,0.0,1630.0,1038.62,0.0,Completed
ORD-12042,ORD-12042-1,20231120,CUST-0004,PROD-0004,ST-000,1,26120.0,0.0,26120.0,17922.86,30.31,Completed
ORD-12043,ORD-12043-1,20241208,CUST-0042,PROD-0002,ST-014,1,33460.0,0.05,31787.0,20361.11,0.0,Cancelled
ORD-12044,ORD-12044-1,20230329,CUST-0077,PROD-0050,ST-000,4,4290.0,0.15,14586.0,12215.24,66.08,Completed
ORD-12044,ORD-12044-2,20230329,CUST-0077,PROD-0066,ST-000,1,1630.0,0.0,1630.0,839.25,27.78,Completed
ORD-12045,ORD-12045-1,20230323,CUST-0017,PROD-0034,ST-001,1,17620.0,0.0,17620.0,10039.58,0.0,Returned
ORD-12046,ORD-12046-1,20241108,CUST-0126,PROD-0079,ST-002,1,1620.0,0.0,1620.0,1137.67,0.0,Returned
ORD-12046,ORD-12046-2,20241108,CUST-0126,PROD-0021,ST-002,1,2610.0,0.0,2610.0,1698.88,0.0,Returned
ORD-12047,ORD-12047-1,20240929,CUST-0031,PROD-0063,ST-010,1,9290.0,0.0,9290.0,5334.22,0.0,Completed
ORD-12048,ORD-12048-1,20230626,CUST-0165,PROD-0018,ST-008,1,660.0,0.0,660.0,407.13,0.0,Completed
ORD-12049,ORD-12049-1,20240119,CUST-0164,PROD-0077,ST-009,1,1240.0,0.0,1240.0,714.48,0.0,Returned
ORD-12049,ORD-12049-2,20240119,CUST-0164,PROD-0055,ST-009,1,11840.0,0.0,11840.0,6635.81,0.0,Returned
ORD-12050,ORD-12050-1,20240124,CUST-0023,PROD-0052,ST-005,2,640.0,0.0,1280.0,819.66,0.0,Returned
ORD-12051,ORD-12051-1,20240427,CUST-0149,PROD-0056,ST-014,3,12260.0,0.0,36780.0,24593.46,0.0,Returned
ORD-12052,ORD-12052-1,20241220,CUST-0097,PROD-0032,ST-001,3,1730.0,0.0,5190.0,2719.59,0.0,Completed
ORD-12053,ORD-12053-1,20240110,CUST-0069,PROD-0054,ST-000,2,12690.0,0.0,25380.0,17715.36,123.69,Completed
ORD-12053,ORD-12053-2,20240110,CUST-0069,PROD-0047,ST-000,2,12400.0,0.0,24800.0,16307.32,42.74,Completed
ORD-12054,ORD-12054-1,20230206,CUST-0126,PROD-0008,ST-003,2,15680.0,0.0,31360.0,21033.78,0.0,Completed
ORD-12055,ORD-12055-1,20240504,CUST-0132,PROD-0035,ST-010,2,11120.0,0.1,20016.0,11148.18,0.0,Completed
ORD-12056,ORD-12056-1,20240906,CUST-0149,PROD-0064,ST-000,2,4410.0,0.0,8820.0,5662.12,117.27,Completed
ORD-12056,ORD-12056-2,20240906,CUST-0149,PROD-0030,ST-000,2,3060.0,0.0,6120.0,3529.32,71.81,Completed
ORD-12057,ORD-12057-1,20240305,CUST-0040,PROD-0044,ST-013,3,7910.0,0.05,22543.5,12894.27,0.0,Returned
ORD-12058,ORD-12058-1,20230102,CUST-0111,PROD-0037,ST-000,1,11140.0,0.1,10026.0,6659.18,57.49,Completed
ORD-12059,ORD-12059-1,20240705,CUST-0003,PROD-0070,ST-003,1,1750.0,0.15,1487.5,1243.69,0.0,Completed
ORD-12059,ORD-12059-2,20240705,CUST-0003,PROD-0008,ST-003,1,15680.0,0.2,12544.0,10516.89,0.0,Completed
ORD-12060,ORD-12060-1,20240702,CUST-0049,PROD-0056,ST-014,3,12260.0,0.0,36780.0,24593.46,0.0,Completed
ORD-12061,ORD-12061-1,20231227,CUST-0069,PROD-0009,ST-001,2,23630.0,0.05,44897.0,28959.76,0.0,Completed
ORD-12062,ORD-12062-1,20240121,CUST-0089,PROD-0016,ST-001,2,22690.0,0.0,45380.0,28016.36,0.0,Completed
ORD-12063,ORD-12063-1,20240526,CUST-0028,PROD-0032,ST-006,1,1730.0,0.0,1730.0,906.53,0.0,Completed
ORD-12064,ORD-12064-1,20230412,CUST-0041,PROD-0030,ST-014,1,3060.0,0.0,3060.0,1764.66,0.0,Returned
ORD-12065,ORD-12065-1,20240601,CUST-0035,PROD-0055,ST-005,3,11840.0,0.05,33744.0,19907.43,0.0,Completed
ORD-12066,ORD-12066-1,20241012,CUST-0091,PROD-0058,ST-001,1,3720.0,0.0,3720.0,1938.33,0.0,Completed
ORD-12067,ORD-12067-1,20240426,CUST-0053,PROD-0069,ST-007,2,1180.0,0.05,2242.0,1696.86,0.0,Returned
ORD-12067,ORD-12067-2,20240426,CUST-0053,PROD-0066,ST-007,3,1630.0,0.05,4645.5,2517.75,0.0,Returned
ORD-12068,ORD-12068-1,20231011,CUST-0093,PROD-0079,ST-010,1,1620.0,0.2,1296.0,1137.67,0.0,Completed
ORD-12069,ORD-12069-1,20231128,CUST-0164,PROD-0078,ST-003,2,1020.0,0.0,2040.0,1198.16,0.0,Completed
ORD-12070,ORD-12070-1,20240712,CUST-0077,PROD-0054,ST-013,2,12690.0,0.05,24111.0,17715.36,0.0,Cancelled
ORD-12071,ORD-12071-1,20240910,CUST-0194,PROD-0055,ST-000,1,11840.0,0.15,10064.0,6635.81,36.61,Cancelled
ORD-12072,ORD-12072-1,20241223,CUST-0074,PROD-0032,ST-015,1,1730.0,0.1,1557.0,906.53,0.0,Completed
ORD-12073,ORD-12073-1,20240308,CUST-0009,PROD-0058,ST-010,1,3720.0,0.15,3162.0,1938.33,0.0,Completed
ORD-12074,ORD-12074-1,20230502,CUST-0180,PROD-0070,ST-001,2,1750.0,0.0,3500.0,2487.38,0.0,Returned
ORD-12075,ORD-12075-1,20240303,CUST-0039,PROD-0044,ST-008,1,7910.0,0.1,7119.0,4298.09,0.0,Completed
ORD-12075,ORD-12075-2,20240303,CUST-0039,PROD-0057,ST-008,1,9050.0,0.15,7692.5,4859.52,0.0,Completed
ORD-12076,ORD-12076-1,20241111,CUST-0028,PROD-0059,ST-014,1,9340.0,0.0,9340.0,5793.35,0.0,Returned
ORD-12077,ORD-12077-1,20230919,CUST-0033,PROD-0052,ST-015,1,640.0,0.0,640.0,409.83,0.0,Cancelled
ORD-12078,ORD-12078-1,20230727,CUST-0029,PROD-0006,ST-011,2,30230.0,0.0,60460.0,41847.58,0.0,Returned
ORD-12078,ORD-12078-2,20230727,CUST-0029,PROD-0012,ST-011,2,51760.0,0.2,82816.0,51965.66,0.0,Returned
ORD-12079,ORD-12079-1,20240207,CUST-0031,PROD-0063,ST-012,1,9290.0,0.05,8825.5,5334.22,0.0,Completed
ORD-12080,ORD-12080-1,20241003,CUST-0031,PROD-0080,ST-000,1,1260.0,0.0,1260.0,768.92,66.54,Completed
ORD-12080,ORD-12080-2,20241003,CUST-0031,PROD-0015,ST-000,1,42990.0,0.0,42990.0,23074.85,27.66,Completed
ORD-12080,ORD-12080-3,20241003,CUST-0031,PROD-0070,ST-000,2,1750.0,0.1,3150.0,2487.38,41.65,Completed
ORD-12081,ORD-12081-1,20230531,CUST-0001,PROD-0062,ST-009,3,10930.0,0.0,32790.0,21390.09,0.0,Returned
ORD-12082,ORD-12082-1,20241028,CUST-0088,PROD-0032,ST-000,2,1730.0,0.0,3460.0,1813.06,45.07,Completed
ORD-12082,ORD-12082-2,20241028,CUST-0088,PROD-0072,ST-000,1,2790.0,0.0,2790.0,1539.02,66.77,Completed
ORD-12083,ORD-12083-1,20240808,CUST-0017,PROD-0021,ST-015,1,2610.0,0.0,2610.0,1698.88,0.0,Returned
ORD-12084,ORD-12084-1,20240629,CUST-0050,PROD-0035,ST-010,1,11120.0,0.05,10564.0,5574.09,0.0,Completed
ORD-12084,ORD-12084-2,20240629,CUST-0050,PROD-0057,ST-010,1,9050.0,0.0,9050.0,4859.52,0.0,Completed
ORD-12085,ORD-12085-1,20240112,CUST-0034,PROD-0021,ST-005,1,2610.0,0.0,2610.0,1698.88,0.0,Completed
ORD-12086,ORD-12086-1,20241215,CUST-0007,PROD-0057,ST-013,2,9050.0,0.0,18100.0,9719.04,0.0,Completed
ORD-12087,ORD-12087-1,20230610,CUST-0093,PROD-0037,ST-000,1,11140.0,0.0,11140.0,6659.18,109.68,Completed
ORD-12087,ORD-12087-2,20230610,CUST-0093,PROD-0005,ST-000,1,33510.0,0.05,31834.5,20544.28,136.79,Completed
ORD-12088,ORD-12088-1,20240619,CUST-0198,PROD-0011,ST-004,1,36390.0,0.0,36390.0,19504.14,0.0,Completed
ORD-12089,ORD-12089-1,20240109,CUST-0081,PROD-0041,ST-012,2,11810.0,0.15,20077.0,14582.82,0.0,Completed
ORD-12089,ORD-12089-2,20240109,CUST-0081,PROD-0067,ST-012,2,1970.0,0.0,3940.0,2205.04,0.0,Completed
ORD-12090,ORD-12090-1,20230513,CUST-0146,PROD-0014,ST-011,3,21550.0,0.05,61417.5,44114.22,0.0,Completed
ORD-12090,ORD-12090-2,20230513,CUST-0146,PROD-0029,ST-011,1,1390.0,0.0,1390.0,896.49,0.0,Completed
ORD-12091,ORD-12091-1,20231017,CUST-0089,PROD-0001,ST-008,1,4530.0,0.0,4530.0,2426.12,0.0,Completed
ORD-12091,ORD-12091-2,20231017,CUST-0089,PROD-0069,ST-008,2,1180.0,0.2,1888.0,1696.86,0.0,Completed
ORD-12092,ORD-12092-1,20240328,CUST-0103,PROD-0028,ST-007,2,920.0,0.15,1564.0,1242.02,0.0,Completed
ORD-12093,ORD-12093-1,20230720,CUST-0101,PROD-0022,ST-002,1,4390.0,0.0,4390.0,2634.19,0.0,Completed
ORD-12094,ORD-12094-1,20231105,CUST-0182,PROD-0001,ST-015,1,4530.0,0.0,4530.0,2426.12,0.0,Cancelled
ORD-12095,ORD-12095-1,20231002,CUST-0154,PROD-0002,ST-009,2,33460.0,0.0,66920.0,40722.22,0.0,Completed
ORD-12096,ORD-12096-1,20231002,CUST-0190,PROD-0002,ST-010,1,33460.0,0.0,33460.0,20361.11,0.0,Completed
ORD-12097,ORD-12097-1,20240311,CUST-0067,PROD-0024,ST-005,2,1330.0,0.0,2660.0,1724.1,0.0,Completed
ORD-12098,ORD-12098-1,20231202,CUST-0017,PROD-0005,ST-012,4,33510.0,0.0,134040.0,82177.12,0.0,Completed
ORD-12098,ORD-12098-2,20231202,CUST-0017,PROD-0015,ST-012,4,42990.0,0.0,171960.0,92299.4,0.0,Completed
ORD-12098,ORD-12098-3,20231202,CUST-0017,PROD-0030,ST-012,1,3060.0,0.05,2907.0,1764.66,0.0,Completed
ORD-12099,ORD-12099-1,20240906,CUST-0183,PROD-0029,ST-014,2,1390.0,0.0,2780.0,1792.98,0.0,Completed
ORD-12100,ORD-12100-1,20240218,CUST-0002,PROD-0029,ST-012,2,1390.0,0.1,2502.0,1792.98,0.0,Completed
ORD-12100,ORD-12100-2,20240218,CUST-0002,PROD-0043,ST-012,2,650.0,0.0,1300.0,835.18,0.0,Completed
ORD-12101,ORD-12101-1,20240125,CUST-0117,PROD-0052,ST-001,3,640.0,0.0,1920.0,1229.49,0.0,Completed
ORD-12102,ORD-12102-1,20230416,CUST-0173,PROD-0075,ST-008,1,2610.0,0.0,2610.0,1654.39,0.0,Completed
ORD-12102,ORD-12102-2,20230416,CUST-0173,PROD-0038,ST-008,2,12270.0,0.0,24540.0,15877.54,0.0,Completed
ORD-12102,ORD-12102-3,20230416,CUST-0173,PROD-0060,ST-008,3,9700.0,0.0,29100.0,14924.22,0.0,Completed
ORD-12103,ORD-12103-1,20230311,CUST-0038,PROD-0077,ST-004,3,1240.0,0.2,2976.0,2143.44,0.0,Completed
ORD-12103,ORD-12103-2,20230311,CUST-0038,PROD-0069,ST-004,1,1180.0,0.15,1003.0,848.43,0.0,Completed
ORD-12104,ORD-12104-1,20230518,CUST-0144,PROD-0043,ST-000,2,650.0,0.1,1170.0,835.18,123.09,Completed
ORD-12105,ORD-12105-1,20240922,CUST-0198,PROD-0052,ST-000,1,640.0,0.0,640.0,409.83,23.09,Cancelled
ORD-12105,ORD-12105-2,20240922,CUST-0198,PROD-0066,ST-000,1,1630.0,0.0,1630.0,839.25,22.41,Cancelled
ORD-12106,ORD-12106-1,20231021,CUST-0018,PROD-0021,ST-000,1,2610.0,0.1,2349.0,1698.88,135.71,Returned
ORD-12107,ORD-12107-1,20231113,CUST-0016,PROD-0006,ST-000,2,30230.0,0.0,60460.0,41847.58,135.93,Completed
ORD-12107,ORD-12107-2,20231113,CUST-0016,PROD-0050,ST-000,2,4290.0,0.0,8580.0,6107.62,34.51,Completed
ORD-12108,ORD-12108-1,20240110,CUST-0046,PROD-0059,ST-011,4,9340.0,0.0,37360.0,23173.4,0.0,Completed
ORD-12109,ORD-12109-1,20240202,CUST-0139,PROD-0014,ST-007,2,21550.0,0.0,43100.0,29409.48,0.0,Completed
ORD-12109,ORD-12109-2,20240202,CUST-0139,PROD-0059,ST-007,1,9340.0,0.0,9340.0,5793.35,0.0,Completed
ORD-12110,ORD-12110-1,20230322,CUST-0020,PROD-0011,ST-012,1,36390.0,0.1,32751.0,19504.14,0.0,Returned
ORD-12111,ORD-12111-1,20230827,CUST-0156,PROD-0042,ST-001,4,14500.0,0.05,55100.0,41192.48,0.0,Completed
ORD-12112,ORD-12112-1,20240721,CUST-0142,PROD-0051,ST-011,1,12350.0,0.2,9880.0,7189.83,0.0,Completed
ORD-12112,ORD-12112-2,20240721,CUST-0142,PROD-0021,ST-011,1,2610.0,0.0,2610.0,1698.88,0.0,Completed
ORD-12113,ORD-12113-1,20230903,CUST-0066,PROD-0013,ST-007,3,15750.0,0.0,47250.0,26064.45,0.0,Returned
ORD-12114,ORD-12114-1,20240717,CUST-0196,PROD-0052,ST-012,1,640.0,0.05,608.0,409.83,0.0,Completed
ORD-12114,ORD-12114-2,20240717,CUST-0196,PROD-0011,ST-012,1,36390.0,0.0,36390.0,19504.14,0.0,Completed
ORD-12114,ORD-12114-3,20240717,CUST-0196,PROD-0039,ST-012,2,10260.0,0.05,19494.0,12708.44,0.0,Completed
ORD-12115,ORD-12115-1,20240719,CUST-0002,PROD-0080,ST-001,1,1260.0,0.0,1260.0,768.92,0.0,Completed
ORD-12116,ORD-12116-1,20230824,CUST-0020,PROD-0031,ST-014,1,4390.0,0.0,4390.0,3154.36,0.0,Cancelled
ORD-12117,ORD-12117-1,20230813,CUST-0178,PROD-0069,ST-006,1,1180.0,0.05,1121.0,848.43,0.0,Completed
ORD-12118,ORD-12118-1,20240314,CUST-0065,PROD-0076,ST-011,1,250.0,0.0,250.0,141.67,0.0,Completed
ORD-12118,ORD-12118-2,20240314,CUST-0065,PROD-0053,ST-011,3,12030.0,0.0,36090.0,23178.93,0.0,Completed
ORD-12119,ORD-12119-1,20241022,CUST-0129,PROD-0048,ST-009,2,10690.0,0.0,21380.0,11269.6,0.0,Cancelled
ORD-12120,ORD-12120-1,20230706,CUST-0013,PROD-0037,ST-007,1,11140.0,0.05,10583.0,6659.18,0.0,Completed
ORD-12120,ORD-12120-2,20230706,CUST-0013,PROD-0020,ST-007,1,1850.0,0.15,1572.5,1131.44,0.0,Completed
ORD-12121,ORD-12121-1,20230529,CUST-0173,PROD-0026,ST-014,3,3440.0,0.1,9288.0,7381.89,0.0,Completed
ORD-12121,ORD-12121-2,20230529,CUST-0173,PROD-0005,ST-014,1,33510.0,0.15,28483.5,20544.28,0.0,Completed
ORD-12121,ORD-12121-3,20230529,CUST-0173,PROD-0074,ST-014,1,1630.0,0.0,1630.0,1038.62,0.0,Completed
ORD-12122,ORD-12122-1,20231014,CUST-0065,PROD-0028,ST-015,1,920.0,0.05,874.0,621.01,0.0,Cancelled
ORD-12122,ORD-12122-2,20231014,CUST-0065,PROD-0017,ST-015,2,3090.0,0.15,5253.0,4270.5,0.0,Cancelled
ORD-12123,ORD-12123-1,20231208,CUST-0152,PROD-0036,ST-004,1,14060.0,0.15,11951.0,8231.89,0.0,Cancelled
ORD-12124,ORD-12124-1,20240122,CUST-0164,PROD-0056,ST-011,1,12260.0,0.05,11647.0,8197.82,0.0,Cancelled
ORD-12124,ORD-12124-2,20240122,CUST-0164,PROD-0061,ST-011,1,9200.0,0.0,9200.0,5967.9,0.0,Cancelled
ORD-12125,ORD-12125-1,20230216,CUST-0185,PROD-0002,ST-003,1,33460.0,0.0,33460.0,20361.11,0.0,Cancelled
ORD-12125,ORD-12125-2,20230216,CUST-0185,PROD-0062,ST-003,2,10930.0,0.05,20767.0,14260.06,0.0,Cancelled
ORD-12126,ORD-12126-1,20240831,CUST-0101,PROD-0028,ST-003,2,920.0,0.1,1656.0,1242.02,0.0,Cancelled
ORD-12127,ORD-12127-1,20240131,CUST-0166,PROD-0015,ST-000,1,42990.0,0.2,34392.0,23074.85,47.77,Completed
ORD-12127,ORD-12127-2,20240131,CUST-0166,PROD-0068,ST-000,1,1450.0,0.0,1450.0,785.71,143.69,Completed
ORD-12128,ORD-12128-1,20240608,CUST-0126,PROD-0004,ST-000,1,26120.0,0.0,26120.0,17922.86,70.39,Completed
ORD-12129,ORD-12129-1,20241220,CUST-0028,PROD-0071,ST-006,4,430.0,0.05,1634.0,1030.44,0.0,Completed
ORD-12130,ORD-12130-1,20240601,CUST-0115,PROD-0010,ST-010,1,16340.0,0.15,13889.0,11300.17,0.0,Completed
ORD-12131,ORD-12131-1,20231002,CUST-0060,PROD-0065,ST-009,2,1070.0,0.0,2140.0,1176.7,0.0,Completed
ORD-12132,ORD-12132-1,20230702,CUST-0027,PROD-0011,ST-005,1,36390.0,0.2,29112.0,19504.14,0.0,Completed
ORD-12133,ORD-12133-1,20240130,CUST-0199,PROD-0006,ST-012,2,30230.0,0.0,60460.0,41847.58,0.0,Returned
ORD-12133,ORD-12133-2,20240130,CUST-0199,PROD-0008,ST-012,2,15680.0,0.0,31360.0,21033.78,0.0,Returned
ORD-12134,ORD-12134-1,20230212,CUST-0134,PROD-0026,ST-005,2,3440.0,0.05,6536.0,4921.26,0.0,Cancelled
ORD-12134,ORD-12134-2,20230212,CUST-0134,PROD-0025,ST-005,1,1120.0,0.0,1120.0,617.8,0.0,Cancelled
ORD-12134,ORD-12134-3,20230212,CUST-0134,PROD-0011,ST-005,1,36390.0,0.0,36390.0,19504.14,0.0,Cancelled
ORD-12135,ORD-12135-1,20230620,CUST-0126,PROD-0052,ST-010,2,640.0,0.0,1280.0,819.66,0.0,Completed
ORD-12136,ORD-12136-1,20231004,CUST-0019,PROD-0042,ST-006,1,14500.0,0.2,11600.0,10298.12,0.0,Returned
ORD-12136,ORD-12136-2,20231004,CUST-0019,PROD-0010,ST-006,1,16340.0,0.0,16340.0,11300.17,0.0,Returned
ORD-12137,ORD-12137-1,20241105,CUST-0016,PROD-0075,ST-000,2,2610.0,0.15,4437.0,3308.78,65.94,Completed
ORD-12137,ORD-12137-2,20241105,CUST-0016,PROD-0011,ST-000,1,36390.0,0.0,36390.0,19504.14,51.02,Completed
ORD-12138,ORD-12138-1,20231020,CUST-0046,PROD-0067,ST-010,1,1970.0,0.0,1970.0,1102.52,0.0,Completed
ORD-12139,ORD-12139-1,20231210,CUST-0172,PROD-0002,ST-005,1,33460.0,0.05,31787.0,20361.11,0.0,Completed
ORD-12140,ORD-12140-1,20230903,CUST-0074,PROD-0052,ST-000,1,640.0,0.0,640.0,409.83,60.43,Cancelled
ORD-12141,ORD-12141-1,20230824,CUST-0170,PROD-0061,ST-011,1,9200.0,0.0,9200.0,5967.9,0.0,Completed
ORD-12141,ORD-12141-2,20230824,CUST-0170,PROD-0022,ST-011,2,4390.0,0.05,8341.0,5268.38,0.0,Completed
ORD-12142,ORD-12142-1,20241124,CUST-0085,PROD-0046,ST-004,2,18630.0,0.0,37260.0,22993.04,0.0,Completed
ORD-12143,ORD-12143-1,20241213,CUST-0131,PROD-0047,ST-015,1,12400.0,0.0,12400.0,8153.66,0.0,Completed
ORD-12144,ORD-12144-1,20240107,CUST-0196,PROD-0008,ST-007,2,15680.0,0.05,29792.0,21033.78,0.0,Cancelled
ORD-12145,ORD-12145-1,20240125,CUST-0091,PROD-0052,ST-000,1,640.0,0.05,608.0,409.83,56.82,Cancelled
ORD-12145,ORD-12145-2,20240125,CUST-0091,PROD-0046,ST-000,1,18630.0,0.1,16767.0,11496.52,75.54,Cancelled
ORD-12146,ORD-12146-1,20240418,CUST-0034,PROD-0067,ST-011,1,1970.0,0.0,1970.0,1102.52,0.0,Completed
ORD-12146,ORD-12146-2,20240418,CUST-0034,PROD-0026,ST-011,1,3440.0,0.0,3440.0,2460.63,0.0,Completed
ORD-12147,ORD-12147-1,20230221,CUST-0050,PROD-0078,ST-010,1,1020.0,0.05,969.0,599.08,0.0,Completed
ORD-12148,ORD-12148-1,20240411,CUST-0036,PROD-0074,ST-001,2,1630.0,0.15,2771.0,2077.24,0.0,Cancelled
ORD-12148,ORD-12148-2,20240411,CUST-0036,PROD-0030,ST-001,1,3060.0,0.0,3060.0,1764.66,0.0,Cancelled
ORD-12149,ORD-12149-1,20241026,CUST-0110,PROD-0030,ST-011,2,3060.0,0.0,6120.0,3529.32,0.0,Returned
ORD-12149,ORD-12149-2,20241026,CUST-0110,PROD-0060,ST-011,1,9700.0,0.0,9700.0,4974.74,0.0,Returned
ORD-12150,ORD-12150-1,20230502,CUST-0095,PROD-0036,ST-006,2,14060.0,0.1,25308.0,16463.78,0.0,Cancelled
ORD-12151,ORD-12151-1,20240612,CUST-0049,PROD-0039,ST-004,1,10260.0,0.2,8208.0,6354.22,0.0,Completed
ORD-12152,ORD-12152-1,20240504,CUST-0010,PROD-0047,ST-005,2,12400.0,0.05,23560.0,16307.32,0.0,Completed
ORD-12152,ORD-12152-2,20240504,CUST-0010,PROD-0063,ST-005,2,9290.0,0.0,18580.0,10668.44,0.0,Completed
ORD-12153,ORD-12153-1,20240720,CUST-0083,PROD-0042,ST-003,2,14500.0,0.0,29000.0,20596.24,0.0,Completed
ORD-12154,ORD-12154-1,20240501,CUST-0040,PROD-0029,ST-010,2,1390.0,0.05,2641.0,1792.98,0.0,Cancelled
ORD-12154,ORD-12154-2,20240501,CUST-0040,PROD-0015,ST-010,1,42990.0,0.0,42990.0,23074.85,0.0,Cancelled
ORD-12155,ORD-12155-1,20240313,CUST-0160,PROD-0045,ST-013,1,9970.0,0.0,9970.0,5548.21,0.0,Completed
ORD-12155,ORD-12155-2,20240313,CUST-0160,PROD-0070,ST-013,1,1750.0,0.05,1662.5,1243.69,0.0,Completed
ORD-12155,ORD-12155-3,20240313,CUST-0160,PROD-0002,ST-013,1,33460.0,0.15,28441.0,20361.11,0.0,Completed
ORD-12156,ORD-12156-1,20231115,CUST-0105,PROD-0010,ST-000,1,16340.0,0.0,16340.0,11300.17,137.2,Completed
ORD-12157,ORD-12157-1,20230826,CUST-0072,PROD-0070,ST-005,1,1750.0,0.1,1575.0,1243.69,0.0,Completed
ORD-12157,ORD-12157-2,20230826,CUST-0072,PROD-0073,ST-005,1,2250.0,0.1,2025.0,1505.46,0.0,Completed
ORD-12158,ORD-12158-1,20241114,CUST-0039,PROD-0028,ST-012,1,920.0,0.0,920.0,621.01,0.0,Completed
ORD-12159,ORD-12159-1,20241229,CUST-0041,PROD-0061,ST-001,2,9200.0,0.05,17480.0,11935.8,0.0,Completed
ORD-12160,ORD-12160-1,20230108,CUST-0156,PROD-0062,ST-001,1,10930.0,0.05,10383.5,7130.03,0.0,Completed
ORD-12161,ORD-12161-1,20240211,CUST-0120,PROD-0009,ST-001,3,23630.0,0.0,70890.0,43439.64,0.0,Completed
ORD-12162,ORD-12162-1,20231012,CUST-0025,PROD-0035,ST-000,3,11120.0,0.1,30024.0,16722.27,117.76,Completed
ORD-12163,ORD-12163-1,20230321,CUST-0197,PROD-0053,ST-000,4,12030.0,0.1,43308.0,30905.24,61.67,Completed
ORD-12164,ORD-12164-1,20240520,CUST-0129,PROD-0056,ST-011,4,12260.0,0.1,44136.0,32791.28,0.0,Returned
ORD-12165,ORD-12165-1,20241029,CUST-0172,PROD-0058,ST-010,2,3720.0,0.0,7440.0,3876.66,0.0,Completed
ORD-12166,ORD-12166-1,20230115,CUST-0128,PROD-0076,ST-011,1,250.0,0.05,237.5,141.67,0.0,Cancelled
ORD-12167,ORD-12167-1,20230304,CUST-0140,PROD-0014,ST-006,2,21550.0,0.0,43100.0,29409.48,0.0,Completed
ORD-12168,ORD-12168-1,20230620,CUST-0030,PROD-0010,ST-003,2,16340.0,0.0,32680.0,22600.34,0.0,Completed
ORD-12169,ORD-12169-1,20240523,CUST-0091,PROD-0015,ST-004,1,42990.0,0.15,36541.5,23074.85,0.0,Completed
ORD-12170,ORD-12170-1,20240206,CUST-0119,PROD-0051,ST-010,1,12350.0,0.0,12350.0,7189.83,0.0,Completed
ORD-12170,ORD-12170-2,20240206,CUST-0119,PROD-0022,ST-010,2,4390.0,0.0,8780.0,5268.38,0.0,Completed
ORD-12171,ORD-12171-1,20240308,CUST-0009,PROD-0011,ST-009,4,36390.0,0.0,145560.0,78016.56,0.0,Completed
ORD-12172,ORD-12172-1,20240117,CUST-0077,PROD-0006,ST-001,2,30230.0,0.0,60460.0,41847.58,0.0,Completed
ORD-12173,ORD-12173-1,20230917,CUST-0198,PROD-0008,ST-013,1,15680.0,0.05,14896.0,10516.89,0.0,Completed
ORD-12174,ORD-12174-1,20230525,CUST-0137,PROD-0056,ST-006,1,12260.0,0.1,11034.0,8197.82,0.0,Completed
ORD-12175,ORD-12175-1,20240311,CUST-0154,PROD-0056,ST-002,1,12260.0,0.05,11647.0,8197.82,0.0,Completed
ORD-12176,ORD-12176-1,20241206,CUST-0072,PROD-0001,ST-008,1,4530.0,0.0,4530.0,2426.12,0.0,Cancelled
ORD-12176,ORD-12176-2,20241206,CUST-0072,PROD-0078,ST-008,2,1020.0,0.0,2040.0,1198.16,0.0,Cancelled
ORD-12177,ORD-12177-1,20240902,CUST-0184,PROD-0041,ST-010,1,11810.0,0.0,11810.0,7291.41,0.0,Returned
ORD-12178,ORD-12178-1,20230702,CUST-0160,PROD-0062,ST-000,2,10930.0,0.15,18581.0,14260.06,147.51,Completed
ORD-12179,ORD-12179-1,20230810,CUST-0174,PROD-0009,ST-005,2,23630.0,0.15,40171.0,28959.76,0.0,Completed
ORD-12179,ORD-12179-2,20230810,CUST-0174,PROD-0036,ST-005,1,14060.0,0.05,13357.0,8231.89,0.0,Completed
ORD-12179,ORD-12179-3,20230810,CUST-0174,PROD-0076,ST-005,1,250.0,0.1,225.0,141.67,0.0,Completed
ORD-12180,ORD-12180-1,20231130,CUST-0104,PROD-0036,ST-012,1,14060.0,0.05,13357.0,8231.89,0.0,Cancelled
ORD-12180,ORD-12180-2,20231130,CUST-0104,PROD-0006,ST-012,2,30230.0,0.0,60460.0,41847.58,0.0,Cancelled
ORD-12181,ORD-12181-1,20240520,CUST-0111,PROD-0028,ST-006,2,920.0,0.05,1748.0,1242.02,0.0,Completed
ORD-12182,ORD-12182-1,20231025,CUST-0103,PROD-0044,ST-001,1,7910.0,0.0,7910.0,4298.09,0.0,Returned
ORD-12183,ORD-12183-1,20231125,CUST-0121,PROD-0043,ST-012,1,650.0,0.0,650.0,417.59,0.0,Completed
ORD-12183,ORD-12183-2,20231125,CUST-0121,PROD-0033,ST-012,2,6880.0,0.0,13760.0,8900.94,0.0,Completed
ORD-12184,ORD-12184-1,20230702,CUST-0044,PROD-0057,ST-001,2,9050.0,0.0,18100.0,9719.04,0.0,Completed
ORD-12185,ORD-12185-1,20230806,CUST-0177,PROD-0045,ST-006,1,9970.0,0.0,9970.0,5548.21,0.0,Completed
ORD-12186,ORD-12186-1,20230609,CUST-0092,PROD-0059,ST-000,1,9340.0,0.05,8873.0,5793.35,149.85,Completed
ORD-12186,ORD-12186-2,20230609,CUST-0092,PROD-0013,ST-000,4,15750.0,0.05,59850.0,34752.6,51.5,Completed
ORD-12187,ORD-12187-1,20230107,CUST-0005,PROD-0049,ST-013,2,3260.0,0.0,6520.0,3683.54,0.0,Completed
ORD-12188,ORD-12188-1,20240304,CUST-0171,PROD-0063,ST-014,1,9290.0,0.05,8825.5,5334.22,0.0,Returned
ORD-12189,ORD-12189-1,20230925,CUST-0178,PROD-0010,ST-004,1,16340.0,0.0,16340.0,11300.17,0.0,Completed
ORD-12189,ORD-12189-2,20230925,CUST-0178,PROD-0053,ST-004,2,12030.0,0.0,24060.0,15452.62,0.0,Completed
ORD-12190,ORD-12190-1,20230117,CUST-0138,PROD-0077,ST-007,4,1240.0,0.1,4464.0,2857.92,0.0,Completed
ORD-12191,ORD-12191-1,20230617,CUST-0124,PROD-0075,ST-007,4,2610.0,0.0,10440.0,6617.56,0.0,Returned
ORD-12192,ORD-12192-1,20241228,CUST-0034,PROD-0053,ST-007,1,12030.0,0.15,10225.5,7726.31,0.0,Completed
ORD-12193,ORD-12193-1,20240615,CUST-0193,PROD-0007,ST-014,1,36360.0,0.0,36360.0,25478.18,0.0,Returned
ORD-12194,ORD-12194-1,20240308,CUST-0156,PROD-0038,ST-014,1,12270.0,0.0,12270.0,7938.77,0.0,Returned
ORD-12195,ORD-12195-1,20240904,CUST-0079,PROD-0038,ST-013,2,12270.0,0.05,23313.0,15877.54,0.0,Cancelled
ORD-12196,ORD-12196-1,20241120,CUST-0034,PROD-0012,ST-004,1,51760.0,0.0,51760.0,25982.83,0.0,Returned
ORD-12197,ORD-12197-1,20231003,CUST-0119,PROD-0070,ST-000,2,1750.0,0.05,3325.0,2487.38,149.24,Completed
ORD-12198,ORD-12198-1,20240730,CUST-0009,PROD-0027,ST-011,2,1520.0,0.15,2584.0,2075.7,0.0,Completed
ORD-12198,ORD-12198-2,20240730,CUST-0009,PROD-0080,ST-011,1,1260.0,0.1,1134.0,768.92,0.0,Completed
ORD-12199,ORD-12199-1,20241001,CUST-0065,PROD-0023,ST-000,3,2850.0,0.0,8550.0,4511.52,66.8,Completed
ORD-12200,ORD-12200-1,20231120,CUST-0046,PROD-0079,ST-003,2,1620.0,0.0,3240.0,2275.34,0.0,Returned
ORD-12201,ORD-12201-1,20231126,CUST-0156,PROD-0044,ST-000,1,7910.0,0.0,7910.0,4298.09,50.63,Completed
ORD-12201,ORD-12201-2,20231126,CUST-0156,PROD-0009,ST-000,2,23630.0,0.1,42534.0,28959.76,93.22,Completed
ORD-12202,ORD-12202-1,20240714,CUST-0068,PROD-0045,ST-010,1,9970.0,0.1,8973.0,5548.21,0.0,Completed
ORD-12203,ORD-12203-1,20231224,CUST-0012,PROD-0046,ST-008,1,18630.0,0.0,18630.0,11496.52,0.0,Completed
ORD-12204,ORD-12204-1,20240307,CUST-0194,PROD-0044,ST-001,2,7910.0,0.0,15820.0,8596.18,0.0,Cancelled
ORD-12204,ORD-12204-2,20240307,CUST-0194,PROD-0041,ST-001,1,11810.0,0.0,11810.0,7291.41,0.0,Cancelled
ORD-12205,ORD-12205-1,20231110,CUST-0040,PROD-0070,ST-009,1,1750.0,0.0,1750.0,1243.69,0.0,Completed
ORD-12206,ORD-12206-1,20230909,CUST-0078,PROD-0021,ST-002,3,2610.0,0.0,7830.0,5096.64,0.0,Returned
ORD-12206,ORD-12206-2,20230909,CUST-0078,PROD-0076,ST-002,2,250.0,0.05,475.0,283.34,0.0,Returned
ORD-12207,ORD-12207-1,20230102,CUST-0200,PROD-0045,ST-011,1,9970.0,0.0,9970.0,5548.21,0.0,Completed
ORD-12208,ORD-12208-1,20240912,CUST-0069,PROD-0009,ST-001,1,23630.0,0.0,23630.0,14479.88,0.0,Returned
ORD-12208,ORD-12208-2,20240912,CUST-0069,PROD-0016,ST-001,1,22690.0,0.1,20421.0,14008.18,0.0,Returned
ORD-12208,ORD-12208-3,20240912,CUST-0069,PROD-0021,ST-001,4,2610.0,0.0,10440.0,6795.52,0.0,Returned
ORD-12209,ORD-12209-1,20230919,CUST-0136,PROD-0025,ST-001,1,1120.0,0.0,1120.0,617.8,0.0,Completed
ORD-12210,ORD-12210-1,20231229,CUST-0132,PROD-0055,ST-013,1,11840.0,0.0,11840.0,6635.81,0.0,Completed
ORD-12211,ORD-12211-1,20230602,CUST-0078,PROD-0075,ST-012,1,2610.0,0.0,2610.0,1654.39,0.0,Completed
ORD-12211,ORD-12211-2,20230602,CUST-0078,PROD-0042,ST-012,1,14500.0,0.15,12325.0,10298.12,0.0,Completed
ORD-12212,ORD-12212-1,20230722,CUST-0073,PROD-0019,ST-001,1,3340.0,0.0,3340.0,1835.11,0.0,Completed
ORD-12213,ORD-12213-1,20230415,CUST-0131,PROD-0030,ST-010,1,3060.0,0.0,3060.0,1764.66,0.0,Completed
ORD-12214,ORD-12214-1,20240415,CUST-0189,PROD-0048,ST-000,1,10690.0,0.1,9621.0,5634.8,111.85,Cancelled
ORD-12214,ORD-12214-2,20240415,CUST-0189,PROD-0010,ST-000,1,16340.0,0.0,16340.0,11300.17,56.22,Cancelled
ORD-12215,ORD-12215-1,20230103,CUST-0115,PROD-0077,ST-013,1,1240.0,0.0,1240.0,714.48,0.0,Completed
ORD-12215,ORD-12215-2,20230103,CUST-0115,PROD-0040,ST-013,1,9840.0,0.2,7872.0,4975.51,0.0,Completed
ORD-12215,ORD-12215-3,20230103,CUST-0115,PROD-0048,ST-013,1,10690.0,0.15,9086.5,5634.8,0.0,Completed
ORD-12216,ORD-12216-1,20231026,CUST-0135,PROD-0073,ST-004,1,2250.0,0.0,2250.0,1505.46,0.0,Completed
ORD-12217,ORD-12217-1,20241220,CUST-0036,PROD-0075,ST-003,1,2610.0,0.1,2349.0,1654.39,0.0,Completed
ORD-12217,ORD-12217-2,20241220,CUST-0036,PROD-0001,ST-003,2,4530.0,0.0,9060.0,4852.24,0.0,Completed
ORD-12218,ORD-12218-1,20240101,CUST-0066,PROD-0056,ST-000,3,12260.0,0.0,36780.0,24593.46,39.9,Completed
ORD-12219,ORD-12219-1,20230318,CUST-0010,PROD-0068,ST-000,1,1450.0,0.0,1450.0,785.71,120.94,Returned
ORD-12220,ORD-12220-1,20230614,CUST-0083,PROD-0075,ST-014,1,2610.0,0.0,2610.0,1654.39,0.0,Completed
ORD-12221,ORD-12221-1,20230812,CUST-0054,PROD-0039,ST-015,1,10260.0,0.0,10260.0,6354.22,0.0,Completed
ORD-12222,ORD-12222-1,20230403,CUST-0023,PROD-0011,ST-002,2,36390.0,0.0,72780.0,39008.28,0.0,Completed
ORD-12222,ORD-12222-2,20230403,CUST-0023,PROD-0051,ST-002,2,12350.0,0.0,24700.0,14379.66,0.0,Completed
ORD-12223,ORD-12223-1,20231108,CUST-0081,PROD-0080,ST-010,1,1260.0,0.0,1260.0,768.92,0.0,Completed
ORD-12224,ORD-12224-1,20230512,CUST-0110,PROD-0080,ST-004,1,1260.0,0.05,1197.0,768.92,0.0,Returned
ORD-12224,ORD-12224-2,20230512,CUST-0110,PROD-0019,ST-004,2,3340.0,0.2,5344.0,3670.22,0.0,Returned
ORD-12224,ORD-12224-3,20230512,CUST-0110,PROD-0073,ST-004,1,2250.0,0.0,2250.0,1505.46,0.0,Returned
ORD-12225,ORD-12225-1,20240412,CUST-0029,PROD-0004,ST-012,2,26120.0,0.1,47016.0,35845.72,0.0,Cancelled
ORD-12225,ORD-12225-2,20240412,CUST-0029,PROD-0014,ST-012,2,21550.0,0.0,43100.0,29409.48,0.0,Cancelled
ORD-12226,ORD-12226-1,20230317,CUST-0038,PROD-0032,ST-010,1,1730.0,0.0,1730.0,906.53,0.0,Completed
ORD-12226,ORD-12226-2,20230317,CUST-0038,PROD-0018,ST-010,2,660.0,0.0,1320.0,814.26,0.0,Completed
ORD-12227,ORD-12227-1,20230112,CUST-0013,PROD-0006,ST-010,1,30230.0,0.1,27207.0,20923.79,0.0,Completed
ORD-12228,ORD-12228-1,20230719,CUST-0023,PROD-0032,ST-011,2,1730.0,0.0,3460.0,1813.06,0.0,Completed
ORD-12229,ORD-12229-1,20231002,CUST-0116,PROD-0025,ST-010,1,1120.0,0.0,1120.0,617.8,0.0,Completed
ORD-12229,ORD-12229-2,20231002,CUST-0116,PROD-0034,ST-010,1,17620.0,0.2,14096.0,10039.58,0.0,Completed
ORD-12230,ORD-12230-1,20230225,CUST-0180,PROD-0057,ST-012,1,9050.0,0.0,9050.0,4859.52,0.0,Completed
ORD-12230,ORD-12230-2,20230225,CUST-0180,PROD-0035,ST-012,2,11120.0,0.0,22240.0,11148.18,0.0,Completed
ORD-12231,ORD-12231-1,20240703,CUST-0167,PROD-0007,ST-014,2,36360.0,0.2,58176.0,50956.36,0.0,Completed
ORD-12232,ORD-12232-1,20231216,CUST-0128,PROD-0073,ST-008,4,2250.0,0.0,9000.0,6021.84,0.0,Completed
ORD-12233,ORD-12233-1,20230321,CUST-0025,PROD-0031,ST-015,2,4390.0,0.05,8341.0,6308.72,0.0,Completed
ORD-12234,ORD-12234-1,20240716,CUST-0050,PROD-0080,ST-003,1,1260.0,0.05,1197.0,768.92,0.0,Completed
ORD-12235,ORD-12235-1,20230503,CUST-0117,PROD-0063,ST-004,1,9290.0,0.0,9290.0,5334.22,0.0,Completed
ORD-12235,ORD-12235-2,20230503,CUST-0117,PROD-0005,ST-004,1,33510.0,0.1,30159.0,20544.28,0.0,Completed
ORD-12236,ORD-12236-1,20231115,CUST-0188,PROD-0071,ST-006,2,430.0,0.0,860.0,515.22,0.0,Completed
ORD-12237,ORD-12237-1,20241014,CUST-0089,PROD-0073,ST-001,1,2250.0,0.05,2137.5,1505.46,0.0,Completed
ORD-12237,ORD-12237-2,20241014,CUST-0089,PROD-0039,ST-001,1,10260.0,0.0,10260.0,6354.22,0.0,Completed
ORD-12238,ORD-12238-1,20240418,CUST-0182,PROD-0016,ST-015,2,22690.0,0.0,45380.0,28016.36,0.0,Cancelled
ORD-12239,ORD-12239-1,20241009,CUST-0155,PROD-0063,ST-007,1,9290.0,0.1,8361.0,5334.22,0.0,Completed
ORD-12240,ORD-12240-1,20241121,CUST-0140,PROD-0076,ST-005,1,250.0,0.0,250.0,141.67,0.0,Completed
ORD-12241,ORD-12241-1,20230731,CUST-0030,PROD-0043,ST-012,2,650.0,0.05,1235.0,835.18,0.0,Completed
ORD-12242,ORD-12242-1,20230315,CUST-0120,PROD-0051,ST-005,2,12350.0,0.1,22230.0,14379.66,0.0,Cancelled
ORD-12243,ORD-12243-1,20230623,CUST-0176,PROD-0062,ST-001,1,10930.0,0.05,10383.5,7130.03,0.0,Completed
ORD-12243,ORD-12243-2,20230623,CUST-0176,PROD-0006,ST-001,2,30230.0,0.0,60460.0,41847.58,0.0,Completed
ORD-12244,ORD-12244-1,20240502,CUST-0153,PROD-0041,ST-000,1,11810.0,0.0,11810.0,7291.41,33.5,Completed
ORD-12245,ORD-12245-1,20240730,CUST-0050,PROD-0041,ST-007,1,11810.0,0.15,10038.5,7291.41,0.0,Completed
ORD-12246,ORD-12246-1,20231121,CUST-0021,PROD-0064,ST-000,2,4410.0,0.1,7938.0,5662.12,100.38,Completed
ORD-12246,ORD-12246-2,20231121,CUST-0021,PROD-0037,ST-000,2,11140.0,0.0,22280.0,13318.36,64.12,Completed
ORD-12247,ORD-12247-1,20240329,CUST-0195,PROD-0020,ST-005,2,1850.0,0.0,3700.0,2262.88,0.0,Completed
ORD-12248,ORD-12248-1,20230630,CUST-0023,PROD-0010,ST-005,1,16340.0,0.05,15523.0,11300.17,0.0,Cancelled
ORD-12248,ORD-12248-2,20230630,CUST-0023,PROD-0052,ST-005,3,640.0,0.15,1632.0,1229.49,0.0,Cancelled
ORD-12249,ORD-12249-1,20230924,CUST-0012,PROD-0072,ST-004,1,2790.0,0.0,2790.0,1539.02,0.0,Returned
ORD-12250,ORD-12250-1,20231123,CUST-0095,PROD-0036,ST-012,1,14060.0,0.1,12654.0,8231.89,0.0,Cancelled
ORD-12250,ORD-12250-2,20231123,CUST-0095,PROD-0074,ST-012,1,1630.0,0.1,1467.0,1038.62,0.0,Cancelled
ORD-12251,ORD-12251-1,20230316,CUST-0137,PROD-0052,ST-010,1,640.0,0.05,608.0,409.83,0.0,Completed
ORD-12252,ORD-12252-1,20241206,CUST-0104,PROD-0062,ST-005,1,10930.0,0.0,10930.0,7130.03,0.0,Completed
ORD-12253,ORD-12253-1,20241116,CUST-0028,PROD-0020,ST-010,1,1850.0,0.1,1665.0,1131.44,0.0,Cancelled
ORD-12254,ORD-12254-1,20230810,CUST-0071,PROD-0006,ST-014,1,30230.0,0.0,30230.0,20923.79,0.0,Completed
ORD-12254,ORD-12254-2,20230810,CUST-0071,PROD-0013,ST-014,2,15750.0,0.0,31500.0,17376.3,0.0,Completed
ORD-12255,ORD-12255-1,20231007,CUST-0087,PROD-0027,ST-004,2,1520.0,0.0,3040.0,2075.7,0.0,Completed
ORD-12256,ORD-12256-1,20240907,CUST-0080,PROD-0070,ST-002,1,1750.0,0.0,1750.0,1243.69,0.0,Completed
ORD-12257,ORD-12257-1,20240416,CUST-0177,PROD-0058,ST-015,1,3720.0,0.1,3348.0,1938.33,0.0,Completed
ORD-12258,ORD-12258-1,20240330,CUST-0173,PROD-0017,ST-011,3,3090.0,0.0,9270.0,6405.75,0.0,Completed
ORD-12259,ORD-12259-1,20230610,CUST-0183,PROD-0055,ST-008,3,11840.0,0.15,30192.0,19907.43,0.0,Returned
ORD-12259,ORD-12259-2,20230610,CUST-0183,PROD-0012,ST-008,1,51760.0,0.0,51760.0,25982.83,0.0,Returned
ORD-12260,ORD-12260-1,20240116,CUST-0063,PROD-0070,ST-012,1,1750.0,0.0,1750.0,1243.69,0.0,Completed
ORD-12261,ORD-12261-1,20241002,CUST-0013,PROD-0008,ST-000,1,15680.0,0.0,15680.0,10516.89,79.05,Completed
ORD-12262,ORD-12262-1,20231210,CUST-0109,PROD-0052,ST-000,2,640.0,0.0,1280.0,819.66,43.2,Cancelled
ORD-12263,ORD-12263-1,20240515,CUST-0110,PROD-0078,ST-000,1,1020.0,0.0,1020.0,599.08,110.43,Completed
ORD-12264,ORD-12264-1,20241103,CUST-0048,PROD-0017,ST-003,1,3090.0,0.0,3090.0,2135.25,0.0,Cancelled
ORD-12265,ORD-12265-1,20241023,CUST-0190,PROD-0002,ST-009,1,33460.0,0.2,26768.0,20361.11,0.0,Completed
ORD-12266,ORD-12266-1,20241223,CUST-0007,PROD-0007,ST-011,2,36360.0,0.0,72720.0,50956.36,0.0,Completed
ORD-12266,ORD-12266-2,20241223,CUST-0007,PROD-0032,ST-011,1,1730.0,0.0,1730.0,906.53,0.0,Completed
ORD-12267,ORD-12267-1,20240103,CUST-0109,PROD-0043,ST-014,2,650.0,0.1,1170.0,835.18,0.0,Completed
ORD-12268,ORD-12268-1,20230528,CUST-0014,PROD-0017,ST-006,1,3090.0,0.2,2472.0,2135.25,0.0,Completed
ORD-12269,ORD-12269-1,20240727,CUST-0160,PROD-0068,ST-001,4,1450.0,0.15,4930.0,3142.84,0.0,Completed
ORD-12269,ORD-12269-2,20240727,CUST-0160,PROD-0076,ST-001,1,250.0,0.0,250.0,141.67,0.0,Completed
ORD-12269,ORD-12269-3,20240727,CUST-0160,PROD-0052,ST-001,2,640.0,0.0,1280.0,819.66,0.0,Completed
ORD-12270,ORD-12270-1,20230627,CUST-0121,PROD-0052,ST-011,2,640.0,0.05,1216.0,819.66,0.0,Returned
ORD-12271,ORD-12271-1,20240627,CUST-0153,PROD-0039,ST-002,1,10260.0,0.0,10260.0,6354.22,0.0,Cancelled
ORD-12272,ORD-12272-1,20230423,CUST-0168,PROD-0042,ST-011,4,14500.0,0.0,58000.0,41192.48,0.0,Completed
ORD-12273,ORD-12273-1,20230921,CUST-0111,PROD-0021,ST-008,1,2610.0,0.0,2610.0,1698.88,0.0,Completed
ORD-12274,ORD-12274-1,20230119,CUST-0097,PROD-0009,ST-009,1,23630.0,0.0,23630.0,14479.88,0.0,Completed
ORD-12275,ORD-12275-1,20240612,CUST-0109,PROD-0066,ST-007,2,1630.0,0.1,2934.0,1678.5,0.0,Completed
ORD-12275,ORD-12275-2,20240612,CUST-0109,PROD-0078,ST-007,1,1020.0,0.0,1020.0,599.08,0.0,Completed
ORD-12276,ORD-12276-1,20241103,CUST-0070,PROD-0071,ST-000,2,430.0,0.0,860.0,515.22,112.69,Completed
ORD-12277,ORD-12277-1,20240121,CUST-0160,PROD-0055,ST-001,2,11840.0,0.0,23680.0,13271.62,0.0,Cancelled
ORD-12278,ORD-12278-1,20240605,CUST-0129,PROD-0032,ST-012,1,1730.0,0.0,1730.0,906.53,0.0,Cancelled
ORD-12279,ORD-12279-1,20240704,CUST-0082,PROD-0070,ST-015,4,1750.0,0.05,6650.0,4974.76,0.0,Returned
ORD-12280,ORD-12280-1,20230407,CUST-0115,PROD-0046,ST-013,1,18630.0,0.1,16767.0,11496.52,0.0,Completed
ORD-12281,ORD-12281-1,20240330,CUST-0044,PROD-0022,ST-015,4,4390.0,0.0,17560.0,10536.76,0.0,Completed
ORD-12282,ORD-12282-1,20230714,CUST-0031,PROD-0080,ST-005,1,1260.0,0.15,1071.0,768.92,0.0,Cancelled
ORD-12282,ORD-12282-2,20230714,CUST-0031,PROD-0022,ST-005,2,4390.0,0.0,8780.0,5268.38,0.0,Cancelled
ORD-12283,ORD-12283-1,20230426,CUST-0123,PROD-0001,ST-002,1,4530.0,0.0,4530.0,2426.12,0.0,Completed
ORD-12284,ORD-12284-1,20241108,CUST-0158,PROD-0021,ST-011,3,2610.0,0.0,7830.0,5096.64,0.0,Completed
ORD-12284,ORD-12284-2,20241108,CUST-0158,PROD-0020,ST-011,2,1850.0,0.2,2960.0,2262.88,0.0,Completed
ORD-12285,ORD-12285-1,20241222,CUST-0023,PROD-0035,ST-003,2,11120.0,0.05,21128.0,11148.18,0.0,Completed
ORD-12285,ORD-12285-2,20241222,CUST-0023,PROD-0011,ST-003,1,36390.0,0.0,36390.0,19504.14,0.0,Completed
ORD-12285,ORD-12285-3,20241222,CUST-0023,PROD-0057,ST-003,1,9050.0,0.0,9050.0,4859.52,0.0,Completed
ORD-12286,ORD-12286-1,20240614,CUST-0104,PROD-0077,ST-000,1,1240.0,0.1,1116.0,714.48,55.65,Returned
ORD-12287,ORD-12287-1,20231117,CUST-0178,PROD-0079,ST-012,2,1620.0,0.0,3240.0,2275.34,0.0,Returned
ORD-12288,ORD-12288-1,20230406,CUST-0040,PROD-0076,ST-000,3,250.0,0.0,750.0,425.01,143.3,Completed
ORD-12288,ORD-12288-2,20230406,CUST-0040,PROD-0070,ST-000,1,1750.0,0.0,1750.0,1243.69,88.64,Completed
ORD-12288,ORD-12288-3,20230406,CUST-0040,PROD-0073,ST-000,2,2250.0,0.0,4500.0,3010.92,72.11,Completed
ORD-12289,ORD-12289-1,20241201,CUST-0102,PROD-0003,ST-000,1,6190.0,0.0,6190.0,3136.74,84.01,Completed
ORD-12289,ORD-12289-2,20241201,CUST-0102,PROD-0050,ST-000,2,4290.0,0.0,8580.0,6107.62,74.23,Completed
ORD-12289,ORD-12289-3,20241201,CUST-0102,PROD-0070,ST-000,1,1750.0,0.1,1575.0,1243.69,95.08,Completed
ORD-12290,ORD-12290-1,20230322,CUST-0128,PROD-0060,ST-007,1,9700.0,0.05,9215.0,4974.74,0.0,Cancelled
ORD-12291,ORD-12291-1,20231005,CUST-0089,PROD-0032,ST-002,1,1730.0,0.2,1384.0,906.53,0.0,Cancelled
ORD-12292,ORD-12292-1,20230504,CUST-0087,PROD-0038,ST-000,1,12270.0,0.05,11656.5,7938.77,45.67,Returned
ORD-12292,ORD-12292-2,20230504,CUST-0087,PROD-0072,ST-000,1,2790.0,0.0,2790.0,1539.02,117.46,Returned
ORD-12293,ORD-12293-1,20241111,CUST-0061,PROD-0044,ST-010,1,7910.0,0.0,7910.0,4298.09,0.0,Cancelled
ORD-12294,ORD-12294-1,20230930,CUST-0082,PROD-0045,ST-000,3,9970.0,0.1,26919.0,16644.63,35.49,Cancelled
ORD-12295,ORD-12295-1,20240605,CUST-0112,PROD-0070,ST-011,1,1750.0,0.0,1750.0,1243.69,0.0,Returned
ORD-12296,ORD-12296-1,20241230,CUST-0111,PROD-0006,ST-010,2,30230.0,0.0,60460.0,41847.58,0.0,Completed
ORD-12296,ORD-12296-2,20241230,CUST-0111,PROD-0013,ST-010,1,15750.0,0.0,15750.0,8688.15,0.0,Completed
ORD-12297,ORD-12297-1,20241112,CUST-0199,PROD-0016,ST-011,1,22690.0,0.0,22690.0,14008.18,0.0,Completed
ORD-12297,ORD-12297-2,20241112,CUST-0199,PROD-0034,ST-011,2,17620.0,0.0,35240.0,20079.16,0.0,Completed
ORD-12297,ORD-12297-3,20241112,CUST-0199,PROD-0043,ST-011,1,650.0,0.2,520.0,417.59,0.0,Completed
ORD-12298,ORD-12298-1,20230914,CUST-0175,PROD-0036,ST-002,2,14060.0,0.0,28120.0,16463.78,0.0,Returned
ORD-12299,ORD-12299-1,20241129,CUST-0019,PROD-0016,ST-006,1,22690.0,0.0,22690.0,14008.18,0.0,Completed
ORD-12300,ORD-12300-1,20231030,CUST-0139,PROD-0076,ST-011,1,250.0,0.0,250.0,141.67,0.0,Completed
ORD-12300,ORD-12300-2,20231030,CUST-0139,PROD-0060,ST-011,3,9700.0,0.05,27645.0,14924.22,0.0,Completed
ORD-12301,ORD-12301-1,20231126,CUST-0058,PROD-0016,ST-008,1,22690.0,0.0,22690.0,14008.18,0.0,Completed
ORD-12301,ORD-12301-2,20231126,CUST-0058,PROD-0053,ST-008,1,12030.0,0.0,12030.0,7726.31,0.0,Completed
ORD-12302,ORD-12302-1,20241111,CUST-0084,PROD-0029,ST-001,1,1390.0,0.0,1390.0,896.49,0.0,Completed
ORD-12302,ORD-12302-2,20241111,CUST-0084,PROD-0009,ST-001,2,23630.0,0.0,47260.0,28959.76,0.0,Completed
ORD-12303,ORD-12303-1,20240103,CUST-0108,PROD-0026,ST-003,1,3440.0,0.0,3440.0,2460.63,0.0,Cancelled
ORD-12303,ORD-12303-2,20240103,CUST-0108,PROD-0063,ST-003,1,9290.0,0.15,7896.5,5334.22,0.0,Cancelled
ORD-12304,ORD-12304-1,20240320,CUST-0025,PROD-0025,ST-014,1,1120.0,0.0,1120.0,617.8,0.0,Returned
ORD-12305,ORD-12305-1,20230412,CUST-0030,PROD-0076,ST-009,1,250.0,0.0,250.0,141.67,0.0,Completed
ORD-12306,ORD-12306-1,20240828,CUST-0145,PROD-0054,ST-005,1,12690.0,0.15,10786.5,8857.68,0.0,Completed
ORD-12307,ORD-12307-1,20230506,CUST-0157,PROD-0063,ST-010,1,9290.0,0.0,9290.0,5334.22,0.0,Completed
ORD-12308,ORD-12308-1,20230608,CUST-0077,PROD-0041,ST-010,1,11810.0,0.0,11810.0,7291.41,0.0,Completed
ORD-12309,ORD-12309-1,20240424,CUST-0186,PROD-0044,ST-008,1,7910.0,0.1,7119.0,4298.09,0.0,Returned
ORD-12309,ORD-12309-2,20240424,CUST-0186,PROD-0001,ST-008,1,4530.0,0.0,4530.0,2426.12,0.0,Returned
ORD-12310,ORD-12310-1,20230805,CUST-0061,PROD-0062,ST-000,3,10930.0,0.05,31150.5,21390.09,31.28,Completed
ORD-12310,ORD-12310-2,20230805,CUST-0061,PROD-0025,ST-000,1,1120.0,0.0,1120.0,617.8,55.14,Completed
ORD-12311,ORD-12311-1,20241123,CUST-0192,PROD-0036,ST-007,1,14060.0,0.0,14060.0,8231.89,0.0,Completed
ORD-12311,ORD-12311-2,20241123,CUST-0192,PROD-0006,ST-007,2,30230.0,0.0,60460.0,41847.58,0.0,Completed
ORD-12312,ORD-12312-1,20240507,CUST-0049,PROD-0052,ST-000,1,640.0,0.0,640.0,409.83,109.32,Completed
ORD-12312,ORD-12312-2,20240507,CUST-0049,PROD-0047,ST-000,4,12400.0,0.0,49600.0,32614.64,56.89,Completed
ORD-12313,ORD-12313-1,20240921,CUST-0024,PROD-0028,ST-006,1,920.0,0.0,920.0,621.01,0.0,Completed
ORD-12313,ORD-12313-2,20240921,CUST-0024,PROD-0029,ST-006,2,1390.0,0.15,2363.0,1792.98,0.0,Completed
ORD-12314,ORD-12314-1,20240307,CUST-0110,PROD-0005,ST-015,1,33510.0,0.0,33510.0,20544.28,0.0,Returned
ORD-12315,ORD-12315-1,20240223,CUST-0060,PROD-0076,ST-000,1,250.0,0.0,250.0,141.67,51.66,Completed
ORD-12315,ORD-12315-2,20240223,CUST-0060,PROD-0022,ST-000,1,4390.0,0.0,4390.0,2634.19,38.27,Completed
ORD-12316,ORD-12316-1,20241112,CUST-0158,PROD-0057,ST-008,1,9050.0,0.1,8145.0,4859.52,0.0,Completed
ORD-12317,ORD-12317-1,20230518,CUST-0096,PROD-0060,ST-013,1,9700.0,0.15,8245.0,4974.74,0.0,Completed
ORD-12317,ORD-12317-2,20230518,CUST-0096,PROD-0068,ST-013,1,1450.0,0.1,1305.0,785.71,0.0,Completed
ORD-12318,ORD-12318-1,20230709,CUST-0159,PROD-0063,ST-014,1,9290.0,0.1,8361.0,5334.22,0.0,Completed
ORD-12318,ORD-12318-2,20230709,CUST-0159,PROD-0046,ST-014,1,18630.0,0.0,18630.0,11496.52,0.0,Completed
ORD-12319,ORD-12319-1,20241106,CUST-0079,PROD-0014,ST-014,1,21550.0,0.0,21550.0,14704.74,0.0,Completed
ORD-12320,ORD-12320-1,20230428,CUST-0010,PROD-0013,ST-012,2,15750.0,0.0,31500.0,17376.3,0.0,Cancelled
ORD-12320,ORD-12320-2,20230428,CUST-0010,PROD-0037,ST-012,1,11140.0,0.1,10026.0,6659.18,0.0,Cancelled
ORD-12321,ORD-12321-1,20240222,CUST-0004,PROD-0052,ST-000,2,640.0,0.2,1024.0,819.66,111.18,Cancelled
ORD-12321,ORD-12321-2,20240222,CUST-0004,PROD-0044,ST-000,2,7910.0,0.1,14238.0,8596.18,65.48,Cancelled
ORD-12321,ORD-12321-3,20240222,CUST-0004,PROD-0051,ST-000,1,12350.0,0.2,9880.0,7189.83,90.42,Cancelled
ORD-12322,ORD-12322-1,20240711,CUST-0153,PROD-0010,ST-001,1,16340.0,0.05,15523.0,11300.17,0.0,Returned
ORD-12322,ORD-12322-2,20240711,CUST-0153,PROD-0030,ST-001,2,3060.0,0.0,6120.0,3529.32,0.0,Returned
ORD-12323,ORD-12323-1,20230523,CUST-0172,PROD-0013,ST-010,1,15750.0,0.0,15750.0,8688.15,0.0,Cancelled
ORD-12324,ORD-12324-1,20231030,CUST-0036,PROD-0065,ST-000,1,1070.0,0.0,1070.0,588.35,137.35,Completed
ORD-12324,ORD-12324-2,20231030,CUST-0036,PROD-0024,ST-000,2,1330.0,0.15,2261.0,1724.1,32.25,Completed
ORD-12325,ORD-12325-1,20230718,CUST-0062,PROD-0037,ST-001,1,11140.0,0.0,11140.0,6659.18,0.0,Completed
ORD-12325,ORD-12325-2,20230718,CUST-0062,PROD-0044,ST-001,1,7910.0,0.0,7910.0,4298.09,0.0,Completed
ORD-12326,ORD-12326-1,20240910,CUST-0150,PROD-0071,ST-005,1,430.0,0.05,408.5,257.61,0.0,Completed
ORD-12327,ORD-12327-1,20240216,CUST-0170,PROD-0014,ST-014,2,21550.0,0.15,36635.0,29409.48,0.0,Completed
ORD-12328,ORD-12328-1,20230423,CUST-0135,PROD-0057,ST-000,1,9050.0,0.05,8597.5,4859.52,97.11,Returned
ORD-12329,ORD-12329-1,20241009,CUST-0159,PROD-0034,ST-004,2,17620.0,0.0,35240.0,20079.16,0.0,Completed
ORD-12329,ORD-12329-2,20241009,CUST-0159,PROD-0048,ST-004,3,10690.0,0.0,32070.0,16904.4,0.0,Completed
ORD-12330,ORD-12330-1,20230108,CUST-0114,PROD-0046,ST-007,2,18630.0,0.05,35397.0,22993.04,0.0,Returned
ORD-12330,ORD-12330-2,20230108,CUST-0114,PROD-0006,ST-007,1,30230.0,0.1,27207.0,20923.79,0.0,Returned
ORD-12331,ORD-12331-1,20240415,CUST-0131,PROD-0008,ST-012,2,15680.0,0.05,29792.0,21033.78,0.0,Completed
ORD-12332,ORD-12332-1,20231027,CUST-0105,PROD-0071,ST-007,1,430.0,0.1,387.0,257.61,0.0,Completed
ORD-12333,ORD-12333-1,20230917,CUST-0040,PROD-0007,ST-000,1,36360.0,0.05,34542.0,25478.18,28.27,Completed
ORD-12334,ORD-12334-1,20230329,CUST-0068,PROD-0079,ST-015,2,1620.0,0.0,3240.0,2275.34,0.0,Completed
ORD-12334,ORD-12334-2,20230329,CUST-0068,PROD-0022,ST-015,4,4390.0,0.0,17560.0,10536.76,0.0,Completed
ORD-12335,ORD-12335-1,20240226,CUST-0119,PROD-0057,ST-012,1,9050.0,0.05,8597.5,4859.52,0.0,Cancelled
ORD-12336,ORD-12336-1,20230614,CUST-0078,PROD-0008,ST-007,1,15680.0,0.0,15680.0,10516.89,0.0,Completed
ORD-12337,ORD-12337-1,20241014,CUST-0014,PROD-0073,ST-000,3,2250.0,0.2,5400.0,4516.38,29.56,Completed
ORD-12338,ORD-12338-1,20240816,CUST-0043,PROD-0043,ST-010,1,650.0,0.05,617.5,417.59,0.0,Completed
ORD-12338,ORD-12338-2,20240816,CUST-0043,PROD-0070,ST-010,1,1750.0,0.2,1400.0,1243.69,0.0,Completed
ORD-12339,ORD-12339-1,20241107,CUST-0142,PROD-0015,ST-010,2,42990.0,0.0,85980.0,46149.7,0.0,Completed
ORD-12340,ORD-12340-1,20231130,CUST-0107,PROD-0044,ST-011,1,7910.0,0.0,7910.0,4298.09,0.0,Completed
ORD-12341,ORD-12341-1,20240316,CUST-0027,PROD-0071,ST-000,2,430.0,0.1,774.0,515.22,74.8,Completed
ORD-12341,ORD-12341-2,20240316,CUST-0027,PROD-0013,ST-000,1,15750.0,0.0,15750.0,8688.15,63.46,Completed
ORD-12342,ORD-12342-1,20241026,CUST-0165,PROD-0011,ST-012,2,36390.0,0.0,72780.0,39008.28,0.0,Completed
ORD-12343,ORD-12343-1,20240405,CUST-0074,PROD-0039,ST-014,2,10260.0,0.0,20520.0,12708.44,0.0,Cancelled
ORD-12344,ORD-12344-1,20230227,CUST-0014,PROD-0075,ST-000,1,2610.0,0.0,2610.0,1654.39,122.14,Cancelled
ORD-12345,ORD-12345-1,20230416,CUST-0019,PROD-0076,ST-014,1,250.0,0.0,250.0,141.67,0.0,Completed
ORD-12345,ORD-12345-2,20230416,CUST-0019,PROD-0072,ST-014,2,2790.0,0.0,5580.0,3078.04,0.0,Completed
ORD-12346,ORD-12346-1,20231203,CUST-0022,PROD-0067,ST-009,1,1970.0,0.05,1871.5,1102.52,0.0,Returned
ORD-12346,ORD-12346-2,20231203,CUST-0022,PROD-0072,ST-009,4,2790.0,0.0,11160.0,6156.08,0.0,Returned
ORD-12347,ORD-12347-1,20241106,CUST-0192,PROD-0059,ST-011,1,9340.0,0.0,9340.0,5793.35,0.0,Completed
ORD-12348,ORD-12348-1,20240317,CUST-0001,PROD-0011,ST-000,2,36390.0,0.0,72780.0,39008.28,149.34,Completed
ORD-12348,ORD-12348-2,20240317,CUST-0001,PROD-0006,ST-000,2,30230.0,0.0,60460.0,41847.58,79.33,Completed
ORD-12349,ORD-12349-1,20231111,CUST-0041,PROD-0077,ST-014,1,1240.0,0.0,1240.0,714.48,0.0,Completed
ORD-12349,ORD-12349-2,20231111,CUST-0041,PROD-0029,ST-014,1,1390.0,0.05,1320.5,896.49,0.0,Completed
ORD-12350,ORD-12350-1,20230415,CUST-0157,PROD-0044,ST-003,1,7910.0,0.1,7119.0,4298.09,0.0,Completed
ORD-12350,ORD-12350-2,20230415,CUST-0157,PROD-0015,ST-003,1,42990.0,0.0,42990.0,23074.85,0.0,Completed
ORD-12351,ORD-12351-1,20241220,CUST-0188,PROD-0028,ST-011,1,920.0,0.0,920.0,621.01,0.0,Cancelled
ORD-12351,ORD-12351-2,20241220,CUST-0188,PROD-0056,ST-011,1,12260.0,0.0,12260.0,8197.82,0.0,Cancelled
ORD-12351,ORD-12351-3,20241220,CUST-0188,PROD-0044,ST-011,3,7910.0,0.0,23730.0,12894.27,0.0,Cancelled
ORD-12352,ORD-12352-1,20240710,CUST-0055,PROD-0027,ST-000,2,1520.0,0.0,3040.0,2075.7,100.65,Completed
ORD-12353,ORD-12353-1,20231223,CUST-0182,PROD-0054,ST-003,1,12690.0,0.0,12690.0,8857.68,0.0,Completed
ORD-12354,ORD-12354-1,20230213,CUST-0124,PROD-0056,ST-009,1,12260.0,0.1,11034.0,8197.82,0.0,Cancelled
ORD-12355,ORD-12355-1,20231118,CUST-0068,PROD-0060,ST-004,2,9700.0,0.1,17460.0,9949.48,0.0,Completed
ORD-12356,ORD-12356-1,20241005,CUST-0103,PROD-0033,ST-006,2,6880.0,0.0,13760.0,8900.94,0.0,Completed
ORD-12357,ORD-12357-1,20240616,CUST-0180,PROD-0071,ST-009,1,430.0,0.0,430.0,257.61,0.0,Completed
ORD-12358,ORD-12358-1,20231215,CUST-0174,PROD-0008,ST-002,4,15680.0,0.0,62720.0,42067.56,0.0,Completed
ORD-12359,ORD-12359-1,20230414,CUST-0152,PROD-0047,ST-006,1,12400.0,0.0,12400.0,8153.66,0.0,Cancelled
ORD-12360,ORD-12360-1,20230816,CUST-0156,PROD-0039,ST-004,1,10260.0,0.0,10260.0,6354.22,0.0,Cancelled
ORD-12360,ORD-12360-2,20230816,CUST-0156,PROD-0013,ST-004,4,15750.0,0.0,63000.0,34752.6,0.0,Cancelled
ORD-12361,ORD-12361-1,20230508,CUST-0162,PROD-0007,ST-014,1,36360.0,0.15,30906.0,25478.18,0.0,Returned
ORD-12362,ORD-12362-1,20240930,CUST-0175,PROD-0040,ST-008,2,9840.0,0.0,19680.0,9951.02,0.0,Returned
ORD-12362,ORD-12362-2,20240930,CUST-0175,PROD-0067,ST-008,3,1970.0,0.05,5614.5,3307.56,0.0,Returned
ORD-12363,ORD-12363-1,20240602,CUST-0034,PROD-0079,ST-015,1,1620.0,0.0,1620.0,1137.67,0.0,Completed
ORD-12364,ORD-12364-1,20230724,CUST-0055,PROD-0026,ST-000,1,3440.0,0.0,3440.0,2460.63,43.73,Completed
ORD-12365,ORD-12365-1,20230517,CUST-0042,PROD-0047,ST-011,1,12400.0,0.0,12400.0,8153.66,0.0,Completed
ORD-12365,ORD-12365-2,20230517,CUST-0042,PROD-0005,ST-011,1,33510.0,0.0,33510.0,20544.28,0.0,Completed
ORD-12366,ORD-12366-1,20230430,CUST-0003,PROD-0057,ST-000,2,9050.0,0.0,18100.0,9719.04,128.14,Completed
ORD-12367,ORD-12367-1,20241205,CUST-0046,PROD-0067,ST-000,3,1970.0,0.15,5023.5,3307.56,21.83,Returned
ORD-12368,ORD-12368-1,20230203,CUST-0141,PROD-0044,ST-001,1,7910.0,0.1,7119.0,4298.09,0.0,Cancelled
ORD-12369,ORD-12369-1,20240818,CUST-0084,PROD-0039,ST-014,2,10260.0,0.15,17442.0,12708.44,0.0,Completed
ORD-12369,ORD-12369-2,20240818,CUST-0084,PROD-0002,ST-014,2,33460.0,0.0,66920.0,40722.22,0.0,Completed
ORD-12370,ORD-12370-1,20240123,CUST-0104,PROD-0050,ST-009,1,4290.0,0.0,4290.0,3053.81,0.0,Completed
ORD-12371,ORD-12371-1,20241027,CUST-0122,PROD-0065,ST-002,2,1070.0,0.0,2140.0,1176.7,0.0,Completed
ORD-12372,ORD-12372-1,20230422,CUST-0067,PROD-0019,ST-012,1,3340.0,0.0,3340.0,1835.11,0.0,Returned
ORD-12373,ORD-12373-1,20230117,CUST-0009,PROD-0055,ST-006,4,11840.0,0.15,40256.0,26543.24,0.0,Completed
ORD-12373,ORD-12373-2,20230117,CUST-0009,PROD-0043,ST-006,2,650.0,0.0,1300.0,835.18,0.0,Completed
ORD-12374,ORD-12374-1,20231106,CUST-0168,PROD-0043,ST-012,1,650.0,0.0,650.0,417.59,0.0,Completed
ORD-12374,ORD-12374-2,20231106,CUST-0168,PROD-0040,ST-012,1,9840.0,0.0,9840.0,4975.51,0.0,Completed
ORD-12375,ORD-12375-1,20240622,CUST-0185,PROD-0040,ST-003,1,9840.0,0.0,9840.0,4975.51,0.0,Completed
ORD-12376,ORD-12376-1,20230215,CUST-0092,PROD-0015,ST-009,1,42990.0,0.0,42990.0,23074.85,0.0,Returned
ORD-12377,ORD-12377-1,20230704,CUST-0053,PROD-0008,ST-001,1,15680.0,0.05,14896.0,10516.89,0.0,Completed
ORD-12378,ORD-12378-1,20240510,CUST-0163,PROD-0027,ST-003,2,1520.0,0.0,3040.0,2075.7,0.0,Completed
ORD-12379,ORD-12379-1,20231024,CUST-0089,PROD-0054,ST-007,1,12690.0,0.1,11421.0,8857.68,0.0,Completed
ORD-12379,ORD-12379-2,20231024,CUST-0089,PROD-0032,ST-007,1,1730.0,0.15,1470.5,906.53,0.0,Completed
ORD-12380,ORD-12380-1,20230815,CUST-0130,PROD-0066,ST-007,2,1630.0,0.0,3260.0,1678.5,0.0,Completed
ORD-12381,ORD-12381-1,20241117,CUST-0158,PROD-0013,ST-003,1,15750.0,0.0,15750.0,8688.15,0.0,Cancelled
ORD-12381,ORD-12381-2,20241117,CUST-0158,PROD-0067,ST-003,1,1970.0,0.05,1871.5,1102.52,0.0,Cancelled
ORD-12382,ORD-12382-1,20230725,CUST-0049,PROD-0032,ST-005,1,1730.0,0.1,1557.0,906.53,0.0,Completed
ORD-12383,ORD-12383-1,20240616,CUST-0184,PROD-0003,ST-000,2,6190.0,0.0,12380.0,6273.48,23.94,Completed
ORD-12384,ORD-12384-1,20240529,CUST-0038,PROD-0078,ST-012,2,1020.0,0.0,2040.0,1198.16,0.0,Returned
ORD-12385,ORD-12385-1,20230726,CUST-0180,PROD-0059,ST-000,3,9340.0,0.15,23817.0,17380.05,46.72,Cancelled
ORD-12386,ORD-12386-1,20240623,CUST-0146,PROD-0048,ST-011,2,10690.0,0.0,21380.0,11269.6,0.0,Completed
ORD-12387,ORD-12387-1,20230818,CUST-0106,PROD-0058,ST-007,1,3720.0,0.1,3348.0,1938.33,0.0,Cancelled
ORD-12387,ORD-12387-2,20230818,CUST-0106,PROD-0032,ST-007,1,1730.0,0.15,1470.5,906.53,0.0,Cancelled
ORD-12388,ORD-12388-1,20230918,CUST-0048,PROD-0012,ST-006,1,51760.0,0.0,51760.0,25982.83,0.0,Returned
ORD-12389,ORD-12389-1,20241004,CUST-0190,PROD-0077,ST-002,1,1240.0,0.2,992.0,714.48,0.0,Completed
ORD-12389,ORD-12389-2,20241004,CUST-0190,PROD-0034,ST-002,1,17620.0,0.05,16739.0,10039.58,0.0,Completed
ORD-12390,ORD-12390-1,20240313,CUST-0199,PROD-0018,ST-008,2,660.0,0.0,1320.0,814.26,0.0,Completed
ORD-12391,ORD-12391-1,20230508,CUST-0019,PROD-0011,ST-002,1,36390.0,0.0,36390.0,19504.14,0.0,Completed
ORD-12392,ORD-12392-1,20230704,CUST-0054,PROD-0017,ST-005,1,3090.0,0.0,3090.0,2135.25,0.0,Completed
ORD-12393,ORD-12393-1,20231106,CUST-0166,PROD-0072,ST-011,1,2790.0,0.0,2790.0,1539.02,0.0,Completed
ORD-12394,ORD-12394-1,20240603,CUST-0139,PROD-0050,ST-002,1,4290.0,0.0,4290.0,3053.81,0.0,Returned
ORD-12395,ORD-12395-1,20230908,CUST-0080,PROD-0034,ST-000,2,17620.0,0.0,35240.0,20079.16,23.91,Completed
ORD-12396,ORD-12396-1,20240319,CUST-0150,PROD-0012,ST-003,2,51760.0,0.0,103520.0,51965.66,0.0,Completed
ORD-12396,ORD-12396-2,20240319,CUST-0150,PROD-0078,ST-003,1,1020.0,0.0,1020.0,599.08,0.0,Completed
ORD-12397,ORD-12397-1,20241005,CUST-0055,PROD-0079,ST-009,2,1620.0,0.0,3240.0,2275.34,0.0,Returned
ORD-12397,ORD-12397-2,20241005,CUST-0055,PROD-0043,ST-009,1,650.0,0.15,552.5,417.59,0.0,Returned
ORD-12398,ORD-12398-1,20240914,CUST-0045,PROD-0025,ST-011,1,1120.0,0.0,1120.0,617.8,0.0,Completed
ORD-12399,ORD-12399-1,20231220,CUST-0137,PROD-0034,ST-000,2,17620.0,0.0,35240.0,20079.16,69.05,Completed
ORD-12400,ORD-12400-1,20241104,CUST-0146,PROD-0062,ST-006,1,10930.0,0.1,9837.0,7130.03,0.0,Completed
ORD-12401,ORD-12401-1,20231103,CUST-0158,PROD-0051,ST-014,1,12350.0,0.0,12350.0,7189.83,0.0,Completed
ORD-12401,ORD-12401-2,20231103,CUST-0158,PROD-0017,ST-014,2,3090.0,0.1,5562.0,4270.5,0.0,Completed
ORD-12402,ORD-12402-1,20240924,CUST-0043,PROD-0079,ST-006,2,1620.0,0.0,3240.0,2275.34,0.0,Completed
ORD-12402,ORD-12402-2,20240924,CUST-0043,PROD-0017,ST-006,1,3090.0,0.1,2781.0,2135.25,0.0,Completed
ORD-12403,ORD-12403-1,20241104,CUST-0068,PROD-0054,ST-000,1,12690.0,0.0,12690.0,8857.68,56.81,Cancelled
ORD-12403,ORD-12403-2,20241104,CUST-0068,PROD-0068,ST-000,1,1450.0,0.0,1450.0,785.71,43.46,Cancelled
ORD-12404,ORD-12404-1,20240120,CUST-0110,PROD-0006,ST-002,2,30230.0,0.05,57437.0,41847.58,0.0,Returned
ORD-12405,ORD-12405-1,20230502,CUST-0084,PROD-0066,ST-008,1,1630.0,0.05,1548.5,839.25,0.0,Completed
ORD-12406,ORD-12406-1,20240618,CUST-0074,PROD-0059,ST-009,2,9340.0,0.0,18680.0,11586.7,0.0,Completed
ORD-12407,ORD-12407-1,20230919,CUST-0002,PROD-0030,ST-003,2,3060.0,0.0,6120.0,3529.32,0.0,Completed
ORD-12408,ORD-12408-1,20230712,CUST-0056,PROD-0042,ST-012,2,14500.0,0.1,26100.0,20596.24,0.0,Completed
ORD-12409,ORD-12409-1,20241012,CUST-0193,PROD-0074,ST-005,1,1630.0,0.0,1630.0,1038.62,0.0,Completed
ORD-12410,ORD-12410-1,20240813,CUST-0175,PROD-0043,ST-001,1,650.0,0.1,585.0,417.59,0.0,Cancelled
ORD-12410,ORD-12410-2,20240813,CUST-0175,PROD-0016,ST-001,1,22690.0,0.0,22690.0,14008.18,0.0,Cancelled
ORD-12411,ORD-12411-1,20231104,CUST-0097,PROD-0051,ST-000,1,12350.0,0.1,11115.0,7189.83,90.53,Returned
ORD-12412,ORD-12412-1,20241116,CUST-0140,PROD-0067,ST-009,1,1970.0,0.05,1871.5,1102.52,0.0,Completed
ORD-12413,ORD-12413-1,20240310,CUST-0007,PROD-0014,ST-000,1,21550.0,0.05,20472.5,14704.74,133.67,Completed
ORD-12413,ORD-12413-2,20240310,CUST-0007,PROD-0068,ST-000,3,1450.0,0.05,4132.5,2357.13,138.04,Completed
ORD-12414,ORD-12414-1,20241118,CUST-0085,PROD-0036,ST-009,1,14060.0,0.0,14060.0,8231.89,0.0,Completed
ORD-12414,ORD-12414-2,20241118,CUST-0085,PROD-0047,ST-009,1,12400.0,0.05,11780.0,8153.66,0.0,Completed
ORD-12415,ORD-12415-1,20230322,CUST-0138,PROD-0070,ST-006,1,1750.0,0.0,1750.0,1243.69,0.0,Completed
ORD-12415,ORD-12415-2,20230322,CUST-0138,PROD-0038,ST-006,1,12270.0,0.0,12270.0,7938.77,0.0,Completed
ORD-12416,ORD-12416-1,20241227,CUST-0122,PROD-0076,ST-013,2,250.0,0.1,450.0,283.34,0.0,Completed
ORD-12416,ORD-12416-2,20241227,CUST-0122,PROD-0011,ST-013,2,36390.0,0.1,65502.0,39008.28,0.0,Completed
ORD-12417,ORD-12417-1,20240203,CUST-0100,PROD-0049,ST-009,3,3260.0,0.15,8313.0,5525.31,0.0,Returned
ORD-12418,ORD-12418-1,20241211,CUST-0058,PROD-0012,ST-005,1,51760.0,0.05,49172.0,25982.83,0.0,Completed
ORD-12418,ORD-12418-2,20241211,CUST-0058,PROD-0024,ST-005,2,1330.0,0.0,2660.0,1724.1,0.0,Completed
ORD-12419,ORD-12419-1,20240815,CUST-0159,PROD-0072,ST-008,3,2790.0,0.0,8370.0,4617.06,0.0,Completed
ORD-12420,ORD-12420-1,20230223,CUST-0027,PROD-0037,ST-010,2,11140.0,0.0,22280.0,13318.36,0.0,Completed
ORD-12421,ORD-12421-1,20240319,CUST-0092,PROD-0074,ST-011,1,1630.0,0.0,1630.0,1038.62,0.0,Completed
ORD-12422,ORD-12422-1,20230209,CUST-0200,PROD-0078,ST-003,2,1020.0,0.0,2040.0,1198.16,0.0,Completed
ORD-12423,ORD-12423-1,20230531,CUST-0155,PROD-0011,ST-002,1,36390.0,0.1,32751.0,19504.14,0.0,Cancelled
ORD-12423,ORD-12423-2,20230531,CUST-0155,PROD-0033,ST-002,2,6880.0,0.0,13760.0,8900.94,0.0,Cancelled
ORD-12424,ORD-12424-1,20230114,CUST-0083,PROD-0049,ST-000,1,3260.0,0.05,3097.0,1841.77,128.56,Completed
ORD-12424,ORD-12424-2,20230114,CUST-0083,PROD-0045,ST-000,1,9970.0,0.05,9471.5,5548.21,33.44,Completed
ORD-12425,ORD-12425-1,20240922,CUST-0119,PROD-0079,ST-014,1,1620.0,0.0,1620.0,1137.67,0.0,Completed
ORD-12425,ORD-12425-2,20240922,CUST-0119,PROD-0050,ST-014,1,4290.0,0.15,3646.5,3053.81,0.0,Completed
ORD-12426,ORD-12426-1,20241113,CUST-0192,PROD-0014,ST-015,1,21550.0,0.0,21550.0,14704.74,0.0,Completed
ORD-12427,ORD-12427-1,20230604,CUST-0097,PROD-0058,ST-010,2,3720.0,0.0,7440.0,3876.66,0.0,Completed
ORD-12428,ORD-12428-1,20230909,CUST-0005,PROD-0024,ST-003,1,1330.0,0.0,1330.0,862.05,0.0,Completed
ORD-12428,ORD-12428-2,20230909,CUST-0005,PROD-0040,ST-003,2,9840.0,0.05,18696.0,9951.02,0.0,Completed
ORD-12429,ORD-12429-1,20231230,CUST-0197,PROD-0028,ST-013,1,920.0,0.0,920.0,621.01,0.0,Completed
ORD-12430,ORD-12430-1,20230731,CUST-0159,PROD-0067,ST-000,1,1970.0,0.05,1871.5,1102.52,84.53,Completed
ORD-12431,ORD-12431-1,20230606,CUST-0089,PROD-0068,ST-007,1,1450.0,0.0,1450.0,785.71,0.0,Returned
ORD-12432,ORD-12432-1,20230408,CUST-0142,PROD-0067,ST-004,1,1970.0,0.0,1970.0,1102.52,0.0,Completed
ORD-12433,ORD-12433-1,20230831,CUST-0036,PROD-0051,ST-001,1,12350.0,0.0,12350.0,7189.83,0.0,Completed
ORD-12433,ORD-12433-2,20230831,CUST-0036,PROD-0060,ST-001,3,9700.0,0.0,29100.0,14924.22,0.0,Completed
ORD-12434,ORD-12434-1,20230521,CUST-0195,PROD-0070,ST-005,2,1750.0,0.0,3500.0,2487.38,0.0,Completed
ORD-12435,ORD-12435-1,20240517,CUST-0097,PROD-0034,ST-009,4,17620.0,0.2,56384.0,40158.32,0.0,Completed
ORD-12435,ORD-12435-2,20240517,CUST-0097,PROD-0051,ST-009,1,12350.0,0.0,12350.0,7189.83,0.0,Completed
ORD-12436,ORD-12436-1,20230320,CUST-0035,PROD-0011,ST-004,3,36390.0,0.15,92794.5,58512.42,0.0,Completed
ORD-12436,ORD-12436-2,20230320,CUST-0035,PROD-0031,ST-004,1,4390.0,0.1,3951.0,3154.36,0.0,Completed
ORD-12437,ORD-12437-1,20241211,CUST-0175,PROD-0028,ST-000,1,920.0,0.0,920.0,621.01,138.93,Cancelled
ORD-12437,ORD-12437-2,20241211,CUST-0175,PROD-0008,ST-000,1,15680.0,0.0,15680.0,10516.89,77.78,Cancelled
ORD-12438,ORD-12438-1,20240721,CUST-0103,PROD-0020,ST-015,1,1850.0,0.15,1572.5,1131.44,0.0,Completed
ORD-12438,ORD-12438-2,20240721,CUST-0103,PROD-0025,ST-015,1,1120.0,0.05,1064.0,617.8,0.0,Completed
ORD-12438,ORD-12438-3,20240721,CUST-0103,PROD-0004,ST-015,3,26120.0,0.1,70524.0,53768.58,0.0,Completed
ORD-12439,ORD-12439-1,20231207,CUST-0150,PROD-0008,ST-009,2,15680.0,0.0,31360.0,21033.78,0.0,Cancelled
ORD-12440,ORD-12440-1,20241222,CUST-0051,PROD-0035,ST-009,1,11120.0,0.0,11120.0,5574.09,0.0,Returned
ORD-12440,ORD-12440-2,20241222,CUST-0051,PROD-0075,ST-009,2,2610.0,0.2,4176.0,3308.78,0.0,Returned
ORD-12440,ORD-12440-3,20241222,CUST-0051,PROD-0055,ST-009,1,11840.0,0.05,11248.0,6635.81,0.0,Returned
ORD-12441,ORD-12441-1,20240329,CUST-0040,PROD-0010,ST-014,2,16340.0,0.1,29412.0,22600.34,0.0,Completed
ORD-12441,ORD-12441-2,20240329,CUST-0040,PROD-0023,ST-014,2,2850.0,0.0,5700.0,3007.68,0.0,Completed
ORD-12442,ORD-12442-1,20240512,CUST-0198,PROD-0023,ST-013,2,2850.0,0.0,5700.0,3007.68,0.0,Returned
ORD-12442,ORD-12442-2,20240512,CUST-0198,PROD-0017,ST-013,1,3090.0,0.0,3090.0,2135.25,0.0,Returned
ORD-12443,ORD-12443-1,20230726,CUST-0140,PROD-0012,ST-003,1,51760.0,0.0,51760.0,25982.83,0.0,Completed
ORD-12443,ORD-12443-2,20230726,CUST-0140,PROD-0036,ST-003,1,14060.0,0.0,14060.0,8231.89,0.0,Completed
ORD-12444,ORD-12444-1,20230627,CUST-0038,PROD-0036,ST-000,2,14060.0,0.0,28120.0,16463.78,99.24,Completed
ORD-12444,ORD-12444-2,20230627,CUST-0038,PROD-0073,ST-000,2,2250.0,0.05,4275.0,3010.92,82.97,Completed
ORD-12445,ORD-12445-1,20241004,CUST-0123,PROD-0038,ST-000,2,12270.0,0.0,24540.0,15877.54,112.48,Cancelled
ORD-12445,ORD-12445-2,20241004,CUST-0123,PROD-0051,ST-000,2,12350.0,0.1,22230.0,14379.66,79.65,Cancelled
ORD-12446,ORD-12446-1,20241118,CUST-0035,PROD-0009,ST-000,2,23630.0,0.1,42534.0,28959.76,58.03,Cancelled
ORD-12446,ORD-12446-2,20241118,CUST-0035,PROD-0019,ST-000,1,3340.0,0.0,3340.0,1835.11,83.09,Cancelled
ORD-12447,ORD-12447-1,20241225,CUST-0084,PROD-0018,ST-015,1,660.0,0.0,660.0,407.13,0.0,Returned
ORD-12448,ORD-12448-1,20240828,CUST-0128,PROD-0041,ST-000,1,11810.0,0.0,11810.0,7291.41,98.96,Cancelled
ORD-12449,ORD-12449-1,20230331,CUST-0014,PROD-0066,ST-007,2,1630.0,0.0,3260.0,1678.5,0.0,Completed
ORD-12449,ORD-12449-2,20230331,CUST-0014,PROD-0052,ST-007,1,640.0,0.1,576.0,409.83,0.0,Completed
ORD-12450,ORD-12450-1,20240717,CUST-0168,PROD-0068,ST-000,1,1450.0,0.05,1377.5,785.71,114.31,Completed
ORD-12451,ORD-12451-1,20231120,CUST-0029,PROD-0079,ST-003,4,1620.0,0.0,6480.0,4550.68,0.0,Completed
ORD-12451,ORD-12451-2,20231120,CUST-0029,PROD-0072,ST-003,1,2790.0,0.1,2511.0,1539.02,0.0,Completed
ORD-12451,ORD-12451-3,20231120,CUST-0029,PROD-0038,ST-003,1,12270.0,0.0,12270.0,7938.77,0.0,Completed
ORD-12452,ORD-12452-1,20230723,CUST-0200,PROD-0044,ST-010,2,7910.0,0.0,15820.0,8596.18,0.0,Completed
ORD-12453,ORD-12453-1,20231121,CUST-0115,PROD-0025,ST-015,4,1120.0,0.0,4480.0,2471.2,0.0,Completed
ORD-12454,ORD-12454-1,20231218,CUST-0044,PROD-0064,ST-011,2,4410.0,0.0,8820.0,5662.12,0.0,Completed
ORD-12454,ORD-12454-2,20231218,CUST-0044,PROD-0016,ST-011,1,22690.0,0.0,22690.0,14008.18,0.0,Completed
ORD-12455,ORD-12455-1,20231129,CUST-0155,PROD-0077,ST-012,1,1240.0,0.05,1178.0,714.48,0.0,Completed
ORD-12456,ORD-12456-1,20240822,CUST-0002,PROD-0004,ST-000,1,26120.0,0.0,26120.0,17922.86,126.11,Completed
ORD-12457,ORD-12457-1,20231225,CUST-0075,PROD-0049,ST-000,1,3260.0,0.2,2608.0,1841.77,78.66,Returned
ORD-12458,ORD-12458-1,20230815,CUST-0119,PROD-0058,ST-013,2,3720.0,0.05,7068.0,3876.66,0.0,Completed
ORD-12459,ORD-12459-1,20231122,CUST-0052,PROD-0007,ST-007,1,36360.0,0.05,34542.0,25478.18,0.0,Returned
ORD-12460,ORD-12460-1,20230604,CUST-0153,PROD-0007,ST-007,1,36360.0,0.0,36360.0,25478.18,0.0,Completed
ORD-12461,ORD-12461-1,20230211,CUST-0099,PROD-0011,ST-004,1,36390.0,0.1,32751.0,19504.14,0.0,Returned
ORD-12461,ORD-12461-2,20230211,CUST-0099,PROD-0045,ST-004,1,9970.0,0.0,9970.0,5548.21,0.0,Returned
ORD-12462,ORD-12462-1,20240331,CUST-0099,PROD-0030,ST-011,1,3060.0,0.0,3060.0,1764.66,0.0,Completed
ORD-12463,ORD-12463-1,20241213,CUST-0028,PROD-0039,ST-012,3,10260.0,0.15,26163.0,19062.66,0.0,Returned
ORD-12464,ORD-12464-1,20230310,CUST-0148,PROD-0021,ST-005,1,2610.0,0.0,2610.0,1698.88,0.0,Completed
ORD-12465,ORD-12465-1,20240715,CUST-0108,PROD-0050,ST-013,2,4290.0,0.0,8580.0,6107.62,0.0,Completed
ORD-12466,ORD-12466-1,20231222,CUST-0071,PROD-0012,ST-006,1,51760.0,0.05,49172.0,25982.83,0.0,Returned
ORD-12466,ORD-12466-2,20231222,CUST-0071,PROD-0009,ST-006,1,23630.0,0.1,21267.0,14479.88,0.0,Returned
ORD-12467,ORD-12467-1,20240306,CUST-0178,PROD-0024,ST-006,1,1330.0,0.2,1064.0,862.05,0.0,Returned
ORD-12468,ORD-12468-1,20240628,CUST-0014,PROD-0034,ST-000,1,17620.0,0.1,15858.0,10039.58,142.62,Returned
ORD-12469,ORD-12469-1,20231217,CUST-0149,PROD-0040,ST-011,1,9840.0,0.1,8856.0,4975.51,0.0,Completed
ORD-12470,ORD-12470-1,20231226,CUST-0046,PROD-0036,ST-014,2,14060.0,0.0,28120.0,16463.78,0.0,Completed
ORD-12471,ORD-12471-1,20230905,CUST-0157,PROD-0043,ST-001,2,650.0,0.0,1300.0,835.18,0.0,Completed
ORD-12472,ORD-12472-1,20240608,CUST-0030,PROD-0007,ST-000,1,36360.0,0.0,36360.0,25478.18,109.88,Completed
ORD-12473,ORD-12473-1,20240426,CUST-0023,PROD-0020,ST-000,1,1850.0,0.0,1850.0,1131.44,85.78,Cancelled
ORD-12474,ORD-12474-1,20230806,CUST-0006,PROD-0029,ST-014,2,1390.0,0.0,2780.0,1792.98,0.0,Completed
ORD-12475,ORD-12475-1,20230104,CUST-0146,PROD-0057,ST-014,4,9050.0,0.1,32580.0,19438.08,0.0,Completed
ORD-12476,ORD-12476-1,20240316,CUST-0050,PROD-0003,ST-012,2,6190.0,0.15,10523.0,6273.48,0.0,Completed
ORD-12476,ORD-12476-2,20240316,CUST-0050,PROD-0027,ST-012,2,1520.0,0.0,3040.0,2075.7,0.0,Completed
ORD-12477,ORD-12477-1,20240712,CUST-0041,PROD-0068,ST-006,2,1450.0,0.0,2900.0,1571.42,0.0,Completed
ORD-12477,ORD-12477-2,20240712,CUST-0041,PROD-0023,ST-006,2,2850.0,0.0,5700.0,3007.68,0.0,Completed
ORD-12478,ORD-12478-1,20231225,CUST-0048,PROD-0031,ST-002,1,4390.0,0.2,3512.0,3154.36,0.0,Completed
ORD-12479,ORD-12479-1,20240516,CUST-0025,PROD-0063,ST-007,1,9290.0,0.1,8361.0,5334.22,0.0,Returned
ORD-12480,ORD-12480-1,20240226,CUST-0171,PROD-0034,ST-008,1,17620.0,0.0,17620.0,10039.58,0.0,Completed
ORD-12480,ORD-12480-2,20240226,CUST-0171,PROD-0044,ST-008,1,7910.0,0.0,7910.0,4298.09,0.0,Completed
ORD-12481,ORD-12481-1,20231126,CUST-0056,PROD-0051,ST-005,3,12350.0,0.05,35197.5,21569.49,0.0,Completed
ORD-12482,ORD-12482-1,20240628,CUST-0121,PROD-0030,ST-011,1,3060.0,0.0,3060.0,1764.66,0.0,Cancelled
ORD-12482,ORD-12482-2,20240628,CUST-0121,PROD-0043,ST-011,2,650.0,0.15,1105.0,835.18,0.0,Cancelled
ORD-12483,ORD-12483-1,20230718,CUST-0142,PROD-0013,ST-003,4,15750.0,0.05,59850.0,34752.6,0.0,Returned
ORD-12484,ORD-12484-1,20240826,CUST-0021,PROD-0075,ST-007,1,2610.0,0.0,2610.0,1654.39,0.0,Completed
ORD-12485,ORD-12485-1,20230511,CUST-0012,PROD-0004,ST-000,1,26120.0,0.0,26120.0,17922.86,58.14,Returned
ORD-12485,ORD-12485-2,20230511,CUST-0012,PROD-0001,ST-000,2,4530.0,0.0,9060.0,4852.24,57.12,Returned
ORD-12486,ORD-12486-1,20241019,CUST-0119,PROD-0063,ST-012,2,9290.0,0.05,17651.0,10668.44,0.0,Returned
ORD-12486,ORD-12486-2,20241019,CUST-0119,PROD-0043,ST-012,1,650.0,0.0,650.0,417.59,0.0,Returned
ORD-12487,ORD-12487-1,20240806,CUST-0012,PROD-0006,ST-006,2,30230.0,0.0,60460.0,41847.58,0.0,Cancelled
ORD-12488,ORD-12488-1,20240604,CUST-0119,PROD-0040,ST-014,1,9840.0,0.0,9840.0,4975.51,0.0,Completed
ORD-12489,ORD-12489-1,20240829,CUST-0161,PROD-0064,ST-010,1,4410.0,0.0,4410.0,2831.06,0.0,Completed
ORD-12490,ORD-12490-1,20240923,CUST-0200,PROD-0074,ST-003,1,1630.0,0.05,1548.5,1038.62,0.0,Completed
ORD-12491,ORD-12491-1,20240416,CUST-0030,PROD-0079,ST-011,1,1620.0,0.0,1620.0,1137.67,0.0,Completed
ORD-12492,ORD-12492-1,20240306,CUST-0194,PROD-0016,ST-011,1,22690.0,0.05,21555.5,14008.18,0.0,Completed
ORD-12493,ORD-12493-1,20240909,CUST-0113,PROD-0004,ST-002,3,26120.0,0.0,78360.0,53768.58,0.0,Cancelled
ORD-12494,ORD-12494-1,20231121,CUST-0052,PROD-0063,ST-008,3,9290.0,0.0,27870.0,16002.66,0.0,Completed
ORD-12494,ORD-12494-2,20231121,CUST-0052,PROD-0066,ST-008,1,1630.0,0.0,1630.0,839.25,0.0,Completed
ORD-12495,ORD-12495-1,20240610,CUST-0147,PROD-0036,ST-012,1,14060.0,0.0,14060.0,8231.89,0.0,Completed
ORD-12496,ORD-12496-1,20241103,CUST-0099,PROD-0064,ST-012,1,4410.0,0.0,4410.0,2831.06,0.0,Returned
ORD-12497,ORD-12497-1,20240723,CUST-0096,PROD-0036,ST-014,1,14060.0,0.0,14060.0,8231.89,0.0,Completed
ORD-12498,ORD-12498-1,20240608,CUST-0118,PROD-0050,ST-010,2,4290.0,0.1,7722.0,6107.62,0.0,Cancelled
ORD-12498,ORD-12498-2,20240608,CUST-0118,PROD-0068,ST-010,3,1450.0,0.0,4350.0,2357.13,0.0,Cancelled
ORD-12499,ORD-12499-1,20241206,CUST-0188,PROD-0027,ST-015,1,1520.0,0.0,1520.0,1037.85,0.0,Completed
ORD-12499,ORD-12499-2,20241206,CUST-0188,PROD-0024,ST-015,2,1330.0,0.0,2660.0,1724.1,0.0,Completed
ORD-12500,ORD-12500-1,20241012,CUST-0125,PROD-0072,ST-014,2,2790.0,0.05,5301.0,3078.04,0.0,Returned
ORD-12501,ORD-12501-1,20240813,CUST-0173,PROD-0023,ST-010,2,2850.0,0.1,5130.0,3007.68,0.0,Completed
ORD-12501,ORD-12501-2,20240813,CUST-0173,PROD-0068,ST-010,2,1450.0,0.0,2900.0,1571.42,0.0,Completed
ORD-12502,ORD-12502-1,20230413,CUST-0048,PROD-0039,ST-015,1,10260.0,0.0,10260.0,6354.22,0.0,Cancelled
ORD-12502,ORD-12502-2,20230413,CUST-0048,PROD-0001,ST-015,2,4530.0,0.0,9060.0,4852.24,0.0,Cancelled
ORD-12503,ORD-12503-1,20241017,CUST-0029,PROD-0007,ST-003,1,36360.0,0.0,36360.0,25478.18,0.0,Returned
ORD-12504,ORD-12504-1,20240531,CUST-0116,PROD-0054,ST-000,2,12690.0,0.0,25380.0,17715.36,54.81,Completed
ORD-12504,ORD-12504-2,20240531,CUST-0116,PROD-0006,ST-000,1,30230.0,0.0,30230.0,20923.79,54.43,Completed
ORD-12505,ORD-12505-1,20231101,CUST-0038,PROD-0006,ST-008,2,30230.0,0.0,60460.0,41847.58,0.0,Returned
ORD-12506,ORD-12506-1,20240619,CUST-0198,PROD-0073,ST-001,1,2250.0,0.0,2250.0,1505.46,0.0,Cancelled
ORD-12506,ORD-12506-2,20240619,CUST-0198,PROD-0009,ST-001,1,23630.0,0.0,23630.0,14479.88,0.0,Cancelled
ORD-12507,ORD-12507-1,20231023,CUST-0178,PROD-0021,ST-011,1,2610.0,0.2,2088.0,1698.88,0.0,Returned
ORD-12508,ORD-12508-1,20241225,CUST-0145,PROD-0074,ST-012,2,1630.0,0.1,2934.0,2077.24,0.0,Completed
ORD-12509,ORD-12509-1,20240715,CUST-0071,PROD-0060,ST-000,1,9700.0,0.0,9700.0,4974.74,34.15,Cancelled
ORD-12509,ORD-12509-2,20240715,CUST-0071,PROD-0056,ST-000,1,12260.0,0.05,11647.0,8197.82,26.91,Cancelled
ORD-12510,ORD-12510-1,20240730,CUST-0041,PROD-0070,ST-003,2,1750.0,0.15,2975.0,2487.38,0.0,Cancelled
ORD-12511,ORD-12511-1,20240424,CUST-0191,PROD-0013,ST-009,1,15750.0,0.1,14175.0,8688.15,0.0,Cancelled
ORD-12511,ORD-12511-2,20240424,CUST-0191,PROD-0072,ST-009,1,2790.0,0.1,2511.0,1539.02,0.0,Cancelled
ORD-12512,ORD-12512-1,20240215,CUST-0052,PROD-0057,ST-001,1,9050.0,0.0,9050.0,4859.52,0.0,Completed
ORD-12513,ORD-12513-1,20231130,CUST-0188,PROD-0034,ST-000,1,17620.0,0.05,16739.0,10039.58,97.72,Completed
ORD-12513,ORD-12513-2,20231130,CUST-0188,PROD-0011,ST-000,1,36390.0,0.0,36390.0,19504.14,22.49,Completed
ORD-12514,ORD-12514-1,20230131,CUST-0196,PROD-0023,ST-000,1,2850.0,0.0,2850.0,1503.84,73.62,Returned
ORD-12514,ORD-12514-2,20230131,CUST-0196,PROD-0018,ST-000,1,660.0,0.0,660.0,407.13,133.54,Returned
ORD-12515,ORD-12515-1,20241218,CUST-0005,PROD-0051,ST-011,2,12350.0,0.0,24700.0,14379.66,0.0,Returned
ORD-12515,ORD-12515-2,20241218,CUST-0005,PROD-0019,ST-011,1,3340.0,0.0,3340.0,1835.11,0.0,Returned
ORD-12516,ORD-12516-1,20231031,CUST-0064,PROD-0060,ST-000,2,9700.0,0.0,19400.0,9949.48,59.63,Cancelled
ORD-12516,ORD-12516-2,20231031,CUST-0064,PROD-0035,ST-000,1,11120.0,0.05,10564.0,5574.09,26.08,Cancelled
ORD-12516,ORD-12516-3,20231031,CUST-0064,PROD-0009,ST-000,1,23630.0,0.15,20085.5,14479.88,46.37,Cancelled
ORD-12517,ORD-12517-1,20240726,CUST-0165,PROD-0080,ST-008,1,1260.0,0.0,1260.0,768.92,0.0,Completed
ORD-12518,ORD-12518-1,20230111,CUST-0173,PROD-0061,ST-002,1,9200.0,0.15,7820.0,5967.9,0.0,Completed
ORD-12519,ORD-12519-1,20241226,CUST-0108,PROD-0024,ST-006,3,1330.0,0.0,3990.0,2586.15,0.0,Cancelled
ORD-12519,ORD-12519-2,20241226,CUST-0108,PROD-0011,ST-006,1,36390.0,0.0,36390.0,19504.14,0.0,Cancelled
ORD-12520,ORD-12520-1,20230817,CUST-0094,PROD-0009,ST-010,3,23630.0,0.0,70890.0,43439.64,0.0,Completed
ORD-12521,ORD-12521-1,20240425,CUST-0064,PROD-0020,ST-002,2,1850.0,0.15,3145.0,2262.88,0.0,Returned
ORD-12521,ORD-12521-2,20240425,CUST-0064,PROD-0030,ST-002,1,3060.0,0.0,3060.0,1764.66,0.0,Returned
ORD-12522,ORD-12522-1,20230828,CUST-0013,PROD-0008,ST-004,1,15680.0,0.15,13328.0,10516.89,0.0,Returned
ORD-12522,ORD-12522-2,20230828,CUST-0013,PROD-0018,ST-004,2,660.0,0.15,1122.0,814.26,0.0,Returned
ORD-12523,ORD-12523-1,20230225,CUST-0199,PROD-0030,ST-008,2,3060.0,0.0,6120.0,3529.32,0.0,Completed
ORD-12524,ORD-12524-1,20230726,CUST-0082,PROD-0040,ST-005,1,9840.0,0.0,9840.0,4975.51,0.0,Completed
ORD-12524,ORD-12524-2,20230726,CUST-0082,PROD-0026,ST-005,1,3440.0,0.05,3268.0,2460.63,0.0,Completed
ORD-12525,ORD-12525-1,20241005,CUST-0018,PROD-0022,ST-013,1,4390.0,0.0,4390.0,2634.19,0.0,Cancelled
ORD-12525,ORD-12525-2,20241005,CUST-0018,PROD-0071,ST-013,4,430.0,0.0,1720.0,1030.44,0.0,Cancelled
ORD-12526,ORD-12526-1,20240701,CUST-0005,PROD-0044,ST-000,1,7910.0,0.0,7910.0,4298.09,39.94,Completed
ORD-12526,ORD-12526-2,20240701,CUST-0005,PROD-0006,ST-000,2,30230.0,0.05,57437.0,41847.58,101.06,Completed
ORD-12527,ORD-12527-1,20240825,CUST-0174,PROD-0052,ST-006,1,640.0,0.0,640.0,409.83,0.0,Returned
ORD-12528,ORD-12528-1,20230624,CUST-0108,PROD-0037,ST-009,1,11140.0,0.1,10026.0,6659.18,0.0,Completed
ORD-12528,ORD-12528-2,20230624,CUST-0108,PROD-0055,ST-009,1,11840.0,0.1,10656.0,6635.81,0.0,Completed
ORD-12528,ORD-12528-3,20230624,CUST-0108,PROD-0065,ST-009,2,1070.0,0.05,2033.0,1176.7,0.0,Completed
ORD-12529,ORD-12529-1,20240331,CUST-0132,PROD-0007,ST-006,2,36360.0,0.05,69084.0,50956.36,0.0,Completed
ORD-12530,ORD-12530-1,20230102,CUST-0051,PROD-0030,ST-001,1,3060.0,0.05,2907.0,1764.66,0.0,Completed
ORD-12530,ORD-12530-2,20230102,CUST-0051,PROD-0001,ST-001,1,4530.0,0.0,4530.0,2426.12,0.0,Completed
ORD-12531,ORD-12531-1,20240818,CUST-0175,PROD-0066,ST-012,1,1630.0,0.0,1630.0,839.25,0.0,Returned
ORD-12531,ORD-12531-2,20240818,CUST-0175,PROD-0031,ST-012,2,4390.0,0.0,8780.0,6308.72,0.0,Returned
ORD-12532,ORD-12532-1,20231222,CUST-0184,PROD-0008,ST-012,2,15680.0,0.0,31360.0,21033.78,0.0,Completed
ORD-12533,ORD-12533-1,20241219,CUST-0093,PROD-0020,ST-012,1,1850.0,0.2,1480.0,1131.44,0.0,Completed
ORD-12534,ORD-12534-1,20241023,CUST-0079,PROD-0056,ST-007,2,12260.0,0.0,24520.0,16395.64,0.0,Completed
ORD-12535,ORD-12535-1,20240123,CUST-0012,PROD-0023,ST-004,4,2850.0,0.05,10830.0,6015.36,0.0,Completed
ORD-12535,ORD-12535-2,20240123,CUST-0012,PROD-0015,ST-004,1,42990.0,0.0,42990.0,23074.85,0.0,Completed
ORD-12536,ORD-12536-1,20230909,CUST-0187,PROD-0080,ST-012,2,1260.0,0.1,2268.0,1537.84,0.0,Completed
ORD-12536,ORD-12536-2,20230909,CUST-0187,PROD-0068,ST-012,1,1450.0,0.0,1450.0,785.71,0.0,Completed
ORD-12536,ORD-12536-3,20230909,CUST-0187,PROD-0060,ST-012,1,9700.0,0.2,7760.0,4974.74,0.0,Completed
ORD-12537,ORD-12537-1,20241215,CUST-0139,PROD-0038,ST-000,2,12270.0,0.05,23313.0,15877.54,64.74,Cancelled
ORD-12538,ORD-12538-1,20241220,CUST-0131,PROD-0080,ST-007,2,1260.0,0.1,2268.0,1537.84,0.0,Cancelled
ORD-12539,ORD-12539-1,20231204,CUST-0080,PROD-0053,ST-005,1,12030.0,0.1,10827.0,7726.31,0.0,Returned
ORD-12540,ORD-12540-1,20240618,CUST-0176,PROD-0065,ST-006,1,1070.0,0.0,1070.0,588.35,0.0,Completed
ORD-12540,ORD-12540-2,20240618,CUST-0176,PROD-0023,ST-006,2,2850.0,0.0,5700.0,3007.68,0.0,Completed
ORD-12541,ORD-12541-1,20230608,CUST-0134,PROD-0063,ST-013,1,9290.0,0.0,9290.0,5334.22,0.0,Completed
ORD-12542,ORD-12542-1,20240405,CUST-0042,PROD-0065,ST-012,2,1070.0,0.0,2140.0,1176.7,0.0,Completed
ORD-12543,ORD-12543-1,20240206,CUST-0118,PROD-0076,ST-010,1,250.0,0.05,237.5,141.67,0.0,Completed
ORD-12544,ORD-12544-1,20230905,CUST-0139,PROD-0035,ST-005,3,11120.0,0.15,28356.0,16722.27,0.0,Completed
ORD-12545,ORD-12545-1,20240113,CUST-0133,PROD-0068,ST-004,2,1450.0,0.0,2900.0,1571.42,0.0,Completed
ORD-12546,ORD-12546-1,20241115,CUST-0177,PROD-0050,ST-012,1,4290.0,0.0,4290.0,3053.81,0.0,Completed
ORD-12547,ORD-12547-1,20241123,CUST-0154,PROD-0068,ST-002,1,1450.0,0.0,1450.0,785.71,0.0,Returned
ORD-12548,ORD-12548-1,20231022,CUST-0007,PROD-0059,ST-004,3,9340.0,0.0,28020.0,17380.05,0.0,Returned
ORD-12548,ORD-12548-2,20231022,CUST-0007,PROD-0077,ST-004,1,1240.0,0.05,1178.0,714.48,0.0,Returned
ORD-12549,ORD-12549-1,20240803,CUST-0104,PROD-0033,ST-000,1,6880.0,0.0,6880.0,4450.47,69.33,Completed
ORD-12550,ORD-12550-1,20230216,CUST-0171,PROD-0005,ST-013,1,33510.0,0.15,28483.5,20544.28,0.0,Completed
ORD-12551,ORD-12551-1,20240607,CUST-0045,PROD-0003,ST-000,1,6190.0,0.0,6190.0,3136.74,103.47,Returned
ORD-12552,ORD-12552-1,20230407,CUST-0011,PROD-0059,ST-007,1,9340.0,0.0,9340.0,5793.35,0.0,Completed
ORD-12553,ORD-12553-1,20230701,CUST-0093,PROD-0077,ST-012,2,1240.0,0.1,2232.0,1428.96,0.0,Cancelled
ORD-12554,ORD-12554-1,20230511,CUST-0186,PROD-0078,ST-004,2,1020.0,0.1,1836.0,1198.16,0.0,Completed
ORD-12555,ORD-12555-1,20240316,CUST-0041,PROD-0024,ST-010,2,1330.0,0.1,2394.0,1724.1,0.0,Completed
ORD-12556,ORD-12556-1,20240816,CUST-0189,PROD-0067,ST-012,2,1970.0,0.0,3940.0,2205.04,0.0,Completed
ORD-12557,ORD-12557-1,20240204,CUST-0016,PROD-0008,ST-003,2,15680.0,0.0,31360.0,21033.78,0.0,Completed
ORD-12557,ORD-12557-2,20240204,CUST-0016,PROD-0078,ST-003,2,1020.0,0.0,2040.0,1198.16,0.0,Completed
ORD-12558,ORD-12558-1,20230618,CUST-0078,PROD-0067,ST-000,1,1970.0,0.05,1871.5,1102.52,117.09,Completed
ORD-12558,ORD-12558-2,20230618,CUST-0078,PROD-0036,ST-000,1,14060.0,0.0,14060.0,8231.89,105.52,Completed
ORD-12559,ORD-12559-1,20240122,CUST-0061,PROD-0069,ST-002,2,1180.0,0.0,2360.0,1696.86,0.0,Completed
ORD-12560,ORD-12560-1,20230104,CUST-0162,PROD-0054,ST-000,1,12690.0,0.15,10786.5,8857.68,102.54,Completed
ORD-12560,ORD-12560-2,20230104,CUST-0162,PROD-0077,ST-000,1,1240.0,0.0,1240.0,714.48,121.61,Completed
ORD-12561,ORD-12561-1,20240115,CUST-0164,PROD-0040,ST-015,3,9840.0,0.0,29520.0,14926.53,0.0,Completed
ORD-12562,ORD-12562-1,20240809,CUST-0140,PROD-0024,ST-009,1,1330.0,0.0,1330.0,862.05,0.0,Cancelled
ORD-12562,ORD-12562-2,20240809,CUST-0140,PROD-0054,ST-009,2,12690.0,0.15,21573.0,17715.36,0.0,Cancelled
ORD-12563,ORD-12563-1,20240504,CUST-0034,PROD-0014,ST-004,1,21550.0,0.0,21550.0,14704.74,0.0,Completed
ORD-12564,ORD-12564-1,20230301,CUST-0164,PROD-0001,ST-000,2,4530.0,0.0,9060.0,4852.24,54.65,Returned
ORD-12565,ORD-12565-1,20241120,CUST-0175,PROD-0039,ST-007,1,10260.0,0.0,10260.0,6354.22,0.0,Cancelled
ORD-12565,ORD-12565-2,20241120,CUST-0175,PROD-0027,ST-007,1,1520.0,0.0,1520.0,1037.85,0.0,Cancelled
ORD-12566,ORD-12566-1,20230618,CUST-0103,PROD-0052,ST-006,2,640.0,0.0,1280.0,819.66,0.0,Completed
ORD-12567,ORD-12567-1,20241013,CUST-0185,PROD-0018,ST-014,2,660.0,0.15,1122.0,814.26,0.0,Completed
ORD-12568,ORD-12568-1,20241204,CUST-0138,PROD-0044,ST-008,2,7910.0,0.0,15820.0,8596.18,0.0,Completed
ORD-12569,ORD-12569-1,20231107,CUST-0067,PROD-0050,ST-004,1,4290.0,0.0,4290.0,3053.81,0.0,Returned
ORD-12570,ORD-12570-1,20240803,CUST-0149,PROD-0023,ST-000,2,2850.0,0.05,5415.0,3007.68,29.76,Completed
ORD-12571,ORD-12571-1,20231108,CUST-0055,PROD-0052,ST-008,2,640.0,0.0,1280.0,819.66,0.0,Returned
ORD-12571,ORD-12571-2,20231108,CUST-0055,PROD-0016,ST-008,1,22690.0,0.0,22690.0,14008.18,0.0,Returned
ORD-12572,ORD-12572-1,20230905,CUST-0022,PROD-0066,ST-000,1,1630.0,0.0,1630.0,839.25,105.73,Completed
ORD-12573,ORD-12573-1,20230420,CUST-0051,PROD-0021,ST-000,3,2610.0,0.2,6264.0,5096.64,120.72,Returned
ORD-12574,ORD-12574-1,20240407,CUST-0169,PROD-0024,ST-011,2,1330.0,0.1,2394.0,1724.1,0.0,Cancelled
ORD-12575,ORD-12575-1,20230707,CUST-0145,PROD-0056,ST-000,1,12260.0,0.05,11647.0,8197.82,139.85,Completed
ORD-12576,ORD-12576-1,20241115,CUST-0090,PROD-0057,ST-007,2,9050.0,0.1,16290.0,9719.04,0.0,Completed
ORD-12577,ORD-12577-1,20240926,CUST-0103,PROD-0053,ST-014,1,12030.0,0.0,12030.0,7726.31,0.0,Completed
ORD-12577,ORD-12577-2,20240926,CUST-0103,PROD-0050,ST-014,1,4290.0,0.0,4290.0,3053.81,0.0,Completed
ORD-12578,ORD-12578-1,20230528,CUST-0118,PROD-0063,ST-000,1,9290.0,0.0,9290.0,5334.22,63.5,Returned
ORD-12579,ORD-12579-1,20230405,CUST-0144,PROD-0012,ST-003,2,51760.0,0.1,93168.0,51965.66,0.0,Completed
ORD-12580,ORD-12580-1,20230413,CUST-0117,PROD-0027,ST-014,1,1520.0,0.0,1520.0,1037.85,0.0,Completed
ORD-12581,ORD-12581-1,20240530,CUST-0085,PROD-0038,ST-000,1,12270.0,0.0,12270.0,7938.77,61.87,Completed
ORD-12582,ORD-12582-1,20240511,CUST-0038,PROD-0033,ST-004,1,6880.0,0.2,5504.0,4450.47,0.0,Completed
ORD-12582,ORD-12582-2,20240511,CUST-0038,PROD-0029,ST-004,1,1390.0,0.0,1390.0,896.49,0.0,Completed
ORD-12582,ORD-12582-3,20240511,CUST-0038,PROD-0054,ST-004,1,12690.0,0.0,12690.0,8857.68,0.0,Completed
ORD-12583,ORD-12583-1,20230203,CUST-0010,PROD-0027,ST-005,1,1520.0,0.0,1520.0,1037.85,0.0,Completed
ORD-12584,ORD-12584-1,20231118,CUST-0144,PROD-0076,ST-003,3,250.0,0.0,750.0,425.01,0.0,Completed
ORD-12585,ORD-12585-1,20231009,CUST-0091,PROD-0004,ST-001,2,26120.0,0.05,49628.0,35845.72,0.0,Returned
ORD-12586,ORD-12586-1,20231008,CUST-0173,PROD-0012,ST-011,2,51760.0,0.0,103520.0,51965.66,0.0,Completed
ORD-12586,ORD-12586-2,20231008,CUST-0173,PROD-0019,ST-011,1,3340.0,0.0,3340.0,1835.11,0.0,Completed
ORD-12587,ORD-12587-1,20231224,CUST-0114,PROD-0017,ST-015,1,3090.0,0.05,2935.5,2135.25,0.0,Completed
ORD-12588,ORD-12588-1,20241009,CUST-0185,PROD-0060,ST-006,2,9700.0,0.2,15520.0,9949.48,0.0,Completed
ORD-12589,ORD-12589-1,20230730,CUST-0085,PROD-0004,ST-004,1,26120.0,0.0,26120.0,17922.86,0.0,Completed
ORD-12589,ORD-12589-2,20230730,CUST-0085,PROD-0065,ST-004,3,1070.0,0.15,2728.5,1765.05,0.0,Completed
ORD-12590,ORD-12590-1,20240418,CUST-0041,PROD-0030,ST-015,1,3060.0,0.0,3060.0,1764.66,0.0,Completed
ORD-12590,ORD-12590-2,20240418,CUST-0041,PROD-0054,ST-015,2,12690.0,0.0,25380.0,17715.36,0.0,Completed
ORD-12591,ORD-12591-1,20231228,CUST-0139,PROD-0062,ST-002,2,10930.0,0.15,18581.0,14260.06,0.0,Completed
ORD-12592,ORD-12592-1,20230409,CUST-0162,PROD-0027,ST-001,1,1520.0,0.2,1216.0,1037.85,0.0,Returned
ORD-12593,ORD-12593-1,20240330,CUST-0017,PROD-0018,ST-006,1,660.0,0.15,561.0,407.13,0.0,Completed
ORD-12594,ORD-12594-1,20231221,CUST-0025,PROD-0023,ST-009,3,2850.0,0.15,7267.5,4511.52,0.0,Returned
ORD-12595,ORD-12595-1,20241226,CUST-0193,PROD-0075,ST-003,2,2610.0,0.0,5220.0,3308.78,0.0,Completed
ORD-12596,ORD-12596-1,20240508,CUST-0162,PROD-0017,ST-010,1,3090.0,0.15,2626.5,2135.25,0.0,Returned
ORD-12596,ORD-12596-2,20240508,CUST-0162,PROD-0050,ST-010,1,4290.0,0.05,4075.5,3053.81,0.0,Returned
ORD-12596,ORD-12596-3,20240508,CUST-0162,PROD-0015,ST-010,1,42990.0,0.1,38691.0,23074.85,0.0,Returned
ORD-12597,ORD-12597-1,20241028,CUST-0038,PROD-0062,ST-010,1,10930.0,0.1,9837.0,7130.03,0.0,Completed
ORD-12598,ORD-12598-1,20240521,CUST-0121,PROD-0065,ST-014,2,1070.0,0.05,2033.0,1176.7,0.0,Completed
ORD-12599,ORD-12599-1,20230502,CUST-0148,PROD-0028,ST-001,1,920.0,0.0,920.0,621.01,0.0,Completed
ORD-12600,ORD-12600-1,20231115,CUST-0140,PROD-0008,ST-001,1,15680.0,0.05,14896.0,10516.89,0.0,Returned
ORD-12601,ORD-12601-1,20240905,CUST-0019,PROD-0058,ST-006,1,3720.0,0.0,3720.0,1938.33,0.0,Cancelled
ORD-12602,ORD-12602-1,20231224,CUST-0086,PROD-0073,ST-012,2,2250.0,0.0,4500.0,3010.92,0.0,Returned
ORD-12602,ORD-12602-2,20231224,CUST-0086,PROD-0005,ST-012,1,33510.0,0.0,33510.0,20544.28,0.0,Returned
ORD-12603,ORD-12603-1,20240302,CUST-0177,PROD-0061,ST-010,1,9200.0,0.0,9200.0,5967.9,0.0,Completed
ORD-12603,ORD-12603-2,20240302,CUST-0177,PROD-0052,ST-010,2,640.0,0.2,1024.0,819.66,0.0,Completed
ORD-12604,ORD-12604-1,20240429,CUST-0080,PROD-0028,ST-010,1,920.0,0.0,920.0,621.01,0.0,Cancelled
ORD-12604,ORD-12604-2,20240429,CUST-0080,PROD-0041,ST-010,1,11810.0,0.05,11219.5,7291.41,0.0,Cancelled
ORD-12604,ORD-12604-3,20240429,CUST-0080,PROD-0078,ST-010,1,1020.0,0.0,1020.0,599.08,0.0,Cancelled
ORD-12605,ORD-12605-1,20230623,CUST-0168,PROD-0012,ST-003,3,51760.0,0.0,155280.0,77948.49,0.0,Returned
ORD-12605,ORD-12605-2,20230623,CUST-0168,PROD-0066,ST-003,1,1630.0,0.05,1548.5,839.25,0.0,Returned
ORD-12606,ORD-12606-1,20231208,CUST-0030,PROD-0001,ST-008,1,4530.0,0.05,4303.5,2426.12,0.0,Returned
ORD-12606,ORD-12606-2,20231208,CUST-0030,PROD-0049,ST-008,2,3260.0,0.0,6520.0,3683.54,0.0,Returned
ORD-12606,ORD-12606-3,20231208,CUST-0030,PROD-0017,ST-008,2,3090.0,0.0,6180.0,4270.5,0.0,Returned
ORD-12607,ORD-12607-1,20230921,CUST-0004,PROD-0033,ST-005,1,6880.0,0.0,6880.0,4450.47,0.0,Completed
ORD-12608,ORD-12608-1,20230831,CUST-0043,PROD-0010,ST-008,2,16340.0,0.0,32680.0,22600.34,0.0,Completed
ORD-12608,ORD-12608-2,20230831,CUST-0043,PROD-0061,ST-008,1,9200.0,0.0,9200.0,5967.9,0.0,Completed
ORD-12608,ORD-12608-3,20230831,CUST-0043,PROD-0075,ST-008,2,2610.0,0.0,5220.0,3308.78,0.0,Completed
ORD-12609,ORD-12609-1,20231021,CUST-0054,PROD-0060,ST-011,1,9700.0,0.0,9700.0,4974.74,0.0,Completed
ORD-12610,ORD-12610-1,20241129,CUST-0143,PROD-0079,ST-007,1,1620.0,0.1,1458.0,1137.67,0.0,Completed
ORD-12611,ORD-12611-1,20230629,CUST-0106,PROD-0056,ST-010,1,12260.0,0.0,12260.0,8197.82,0.0,Completed
ORD-12612,ORD-12612-1,20240409,CUST-0186,PROD-0025,ST-006,2,1120.0,0.0,2240.0,1235.6,0.0,Completed
ORD-12612,ORD-12612-2,20240409,CUST-0186,PROD-0059,ST-006,1,9340.0,0.1,8406.0,5793.35,0.0,Completed
ORD-12613,ORD-12613-1,20241011,CUST-0138,PROD-0055,ST-008,2,11840.0,0.0,23680.0,13271.62,0.0,Completed
ORD-12614,ORD-12614-1,20230510,CUST-0153,PROD-0026,ST-001,1,3440.0,0.0,3440.0,2460.63,0.0,Completed
ORD-12615,ORD-12615-1,20241129,CUST-0064,PROD-0002,ST-001,1,33460.0,0.1,30114.0,20361.11,0.0,Returned
ORD-12616,ORD-12616-1,20240407,CUST-0030,PROD-0040,ST-000,1,9840.0,0.1,8856.0,4975.51,57.34,Completed
ORD-12617,ORD-12617-1,20231211,CUST-0177,PROD-0066,ST-014,3,1630.0,0.15,4156.5,2517.75,0.0,Completed
ORD-12618,ORD-12618-1,20240102,CUST-0132,PROD-0072,ST-009,1,2790.0,0.0,2790.0,1539.02,0.0,Cancelled
ORD-12618,ORD-12618-2,20240102,CUST-0132,PROD-0037,ST-009,2,11140.0,0.0,22280.0,13318.36,0.0,Cancelled
ORD-12619,ORD-12619-1,20240526,CUST-0017,PROD-0075,ST-014,1,2610.0,0.0,2610.0,1654.39,0.0,Completed
ORD-12620,ORD-12620-1,20231109,CUST-0134,PROD-0030,ST-000,2,3060.0,0.0,6120.0,3529.32,86.98,Returned
ORD-12621,ORD-12621-1,20241017,CUST-0109,PROD-0058,ST-002,2,3720.0,0.0,7440.0,3876.66,0.0,Completed
ORD-12622,ORD-12622-1,20230907,CUST-0133,PROD-0073,ST-004,1,2250.0,0.05,2137.5,1505.46,0.0,Completed
ORD-12622,ORD-12622-2,20230907,CUST-0133,PROD-0008,ST-004,3,15680.0,0.0,47040.0,31550.67,0.0,Completed
ORD-12623,ORD-12623-1,20230911,CUST-0101,PROD-0063,ST-003,1,9290.0,0.0,9290.0,5334.22,0.0,Completed
ORD-12624,ORD-12624-1,20231007,CUST-0083,PROD-0039,ST-007,1,10260.0,0.1,9234.0,6354.22,0.0,Cancelled
ORD-12625,ORD-12625-1,20241028,CUST-0021,PROD-0019,ST-013,1,3340.0,0.0,3340.0,1835.11,0.0,Completed
ORD-12626,ORD-12626-1,20241216,CUST-0134,PROD-0047,ST-015,1,12400.0,0.0,12400.0,8153.66,0.0,Returned
ORD-12627,ORD-12627-1,20231204,CUST-0152,PROD-0069,ST-010,2,1180.0,0.0,2360.0,1696.86,0.0,Completed
ORD-12628,ORD-12628-1,20240827,CUST-0019,PROD-0069,ST-000,2,1180.0,0.0,2360.0,1696.86,128.27,Completed
ORD-12628,ORD-12628-2,20240827,CUST-0019,PROD-0055,ST-000,2,11840.0,0.0,23680.0,13271.62,149.94,Completed
ORD-12629,ORD-12629-1,20231103,CUST-0171,PROD-0054,ST-003,2,12690.0,0.0,25380.0,17715.36,0.0,Returned
ORD-12630,ORD-12630-1,20231201,CUST-0186,PROD-0039,ST-000,1,10260.0,0.05,9747.0,6354.22,35.43,Completed
ORD-12630,ORD-12630-2,20231201,CUST-0186,PROD-0071,ST-000,2,430.0,0.05,817.0,515.22,98.35,Completed
ORD-12630,ORD-12630-3,20231201,CUST-0186,PROD-0040,ST-000,3,9840.0,0.0,29520.0,14926.53,83.13,Completed
ORD-12631,ORD-12631-1,20230506,CUST-0021,PROD-0069,ST-007,1,1180.0,0.0,1180.0,848.43,0.0,Returned
ORD-12632,ORD-12632-1,20230324,CUST-0046,PROD-0003,ST-004,1,6190.0,0.0,6190.0,3136.74,0.0,Cancelled
ORD-12633,ORD-12633-1,20241027,CUST-0070,PROD-0047,ST-015,3,12400.0,0.05,35340.0,24460.98,0.0,Completed
ORD-12634,ORD-12634-1,20240902,CUST-0180,PROD-0077,ST-006,2,1240.0,0.0,2480.0,1428.96,0.0,Completed
ORD-12634,ORD-12634-2,20240902,CUST-0180,PROD-0029,ST-006,1,1390.0,0.0,1390.0,896.49,0.0,Completed
ORD-12635,ORD-12635-1,20240914,CUST-0175,PROD-0035,ST-008,1,11120.0,0.05,10564.0,5574.09,0.0,Completed
ORD-12636,ORD-12636-1,20240801,CUST-0159,PROD-0014,ST-007,1,21550.0,0.0,21550.0,14704.74,0.0,Cancelled
ORD-12637,ORD-12637-1,20240319,CUST-0044,PROD-0077,ST-000,1,1240.0,0.1,1116.0,714.48,27.09,Completed
ORD-12637,ORD-12637-2,20240319,CUST-0044,PROD-0046,ST-000,1,18630.0,0.0,18630.0,11496.52,137.23,Completed
ORD-12638,ORD-12638-1,20241109,CUST-0074,PROD-0062,ST-002,2,10930.0,0.0,21860.0,14260.06,0.0,Returned
ORD-12638,ORD-12638-2,20241109,CUST-0074,PROD-0048,ST-002,2,10690.0,0.05,20311.0,11269.6,0.0,Returned
ORD-12639,ORD-12639-1,20240703,CUST-0085,PROD-0048,ST-007,2,10690.0,0.0,21380.0,11269.6,0.0,Completed
ORD-12640,ORD-12640-1,20240726,CUST-0196,PROD-0008,ST-010,2,15680.0,0.0,31360.0,21033.78,0.0,Completed
ORD-12640,ORD-12640-2,20240726,CUST-0196,PROD-0050,ST-010,1,4290.0,0.0,4290.0,3053.81,0.0,Completed
ORD-12641,ORD-12641-1,20230204,CUST-0003,PROD-0047,ST-014,2,12400.0,0.15,21080.0,16307.32,0.0,Cancelled
ORD-12641,ORD-12641-2,20230204,CUST-0003,PROD-0056,ST-014,1,12260.0,0.0,12260.0,8197.82,0.0,Cancelled
ORD-12642,ORD-12642-1,20230928,CUST-0105,PROD-0080,ST-005,2,1260.0,0.0,2520.0,1537.84,0.0,Completed
ORD-12643,ORD-12643-1,20241111,CUST-0022,PROD-0032,ST-015,2,1730.0,0.05,3287.0,1813.06,0.0,Completed
ORD-12643,ORD-12643-2,20241111,CUST-0022,PROD-0047,ST-015,1,12400.0,0.15,10540.0,8153.66,0.0,Completed
ORD-12644,ORD-12644-1,20240812,CUST-0153,PROD-0067,ST-014,1,1970.0,0.0,1970.0,1102.52,0.0,Returned
ORD-12644,ORD-12644-2,20240812,CUST-0153,PROD-0074,ST-014,1,1630.0,0.0,1630.0,1038.62,0.0,Returned
ORD-12644,ORD-12644-3,20240812,CUST-0153,PROD-0056,ST-014,1,12260.0,0.05,11647.0,8197.82,0.0,Returned
ORD-12645,ORD-12645-1,20230824,CUST-0074,PROD-0071,ST-006,2,430.0,0.15,731.0,515.22,0.0,Completed
ORD-12646,ORD-12646-1,20231119,CUST-0147,PROD-0076,ST-014,3,250.0,0.1,675.0,425.01,0.0,Returned
ORD-12647,ORD-12647-1,20231207,CUST-0035,PROD-0063,ST-009,1,9290.0,0.05,8825.5,5334.22,0.0,Cancelled
ORD-12648,ORD-12648-1,20230711,CUST-0074,PROD-0028,ST-011,1,920.0,0.0,920.0,621.01,0.0,Completed
ORD-12648,ORD-12648-2,20230711,CUST-0074,PROD-0029,ST-011,1,1390.0,0.0,1390.0,896.49,0.0,Completed
ORD-12649,ORD-12649-1,20240706,CUST-0144,PROD-0070,ST-008,3,1750.0,0.05,4987.5,3731.07,0.0,Completed
ORD-12650,ORD-12650-1,20240517,CUST-0005,PROD-0018,ST-001,1,660.0,0.0,660.0,407.13,0.0,Completed
ORD-12651,ORD-12651-1,20231227,CUST-0009,PROD-0049,ST-000,3,3260.0,0.0,9780.0,5525.31,114.91,Cancelled
ORD-12651,ORD-12651-2,20231227,CUST-0009,PROD-0066,ST-000,1,1630.0,0.1,1467.0,839.25,59.02,Cancelled
ORD-12652,ORD-12652-1,20230721,CUST-0104,PROD-0048,ST-000,2,10690.0,0.0,21380.0,11269.6,91.56,Completed
ORD-12653,ORD-12653-1,20230517,CUST-0160,PROD-0063,ST-011,2,9290.0,0.1,16722.0,10668.44,0.0,Completed
ORD-12654,ORD-12654-1,20230921,CUST-0093,PROD-0025,ST-014,2,1120.0,0.0,2240.0,1235.6,0.0,Returned
ORD-12655,ORD-12655-1,20231118,CUST-0146,PROD-0013,ST-006,3,15750.0,0.05,44887.5,26064.45,0.0,Completed
ORD-12656,ORD-12656-1,20241121,CUST-0127,PROD-0066,ST-012,2,1630.0,0.0,3260.0,1678.5,0.0,Completed
ORD-12657,ORD-12657-1,20241019,CUST-0115,PROD-0004,ST-003,1,26120.0,0.05,24814.0,17922.86,0.0,Completed
ORD-12658,ORD-12658-1,20230905,CUST-0172,PROD-0070,ST-015,1,1750.0,0.0,1750.0,1243.69,0.0,Cancelled
ORD-12659,ORD-12659-1,20231202,CUST-0154,PROD-0021,ST-001,2,2610.0,0.0,5220.0,3397.76,0.0,Completed
ORD-12660,ORD-12660-1,20230424,CUST-0162,PROD-0001,ST-008,2,4530.0,0.1,8154.0,4852.24,0.0,Returned
ORD-12660,ORD-12660-2,20230424,CUST-0162,PROD-0004,ST-008,1,26120.0,0.05,24814.0,17922.86,0.0,Returned
ORD-12660,ORD-12660-3,20230424,CUST-0162,PROD-0067,ST-008,2,1970.0,0.2,3152.0,2205.04,0.0,Returned
ORD-12661,ORD-12661-1,20241007,CUST-0102,PROD-0055,ST-000,1,11840.0,0.0,11840.0,6635.81,90.04,Cancelled
ORD-12661,ORD-12661-2,20241007,CUST-0102,PROD-0079,ST-000,2,1620.0,0.0,3240.0,2275.34,81.37,Cancelled
ORD-12662,ORD-12662-1,20231003,CUST-0147,PROD-0001,ST-000,1,4530.0,0.0,4530.0,2426.12,72.89,Cancelled
ORD-12662,ORD-12662-2,20231003,CUST-0147,PROD-0035,ST-000,1,11120.0,0.15,9452.0,5574.09,141.52,Cancelled
ORD-12663,ORD-12663-1,20230427,CUST-0105,PROD-0009,ST-009,1,23630.0,0.0,23630.0,14479.88,0.0,Completed
ORD-12664,ORD-12664-1,20240922,CUST-0101,PROD-0079,ST-013,1,1620.0,0.1,1458.0,1137.67,0.0,Returned
ORD-12664,ORD-12664-2,20240922,CUST-0101,PROD-0007,ST-013,2,36360.0,0.0,72720.0,50956.36,0.0,Returned
ORD-12665,ORD-12665-1,20231127,CUST-0072,PROD-0041,ST-012,1,11810.0,0.1,10629.0,7291.41,0.0,Completed
ORD-12665,ORD-12665-2,20231127,CUST-0072,PROD-0065,ST-012,1,1070.0,0.0,1070.0,588.35,0.0,Completed
ORD-12665,ORD-12665-3,20231127,CUST-0072,PROD-0028,ST-012,2,920.0,0.0,1840.0,1242.02,0.0,Completed
ORD-12666,ORD-12666-1,20230703,CUST-0100,PROD-0072,ST-002,2,2790.0,0.1,5022.0,3078.04,0.0,Returned
ORD-12666,ORD-12666-2,20230703,CUST-0100,PROD-0069,ST-002,1,1180.0,0.0,1180.0,848.43,0.0,Returned
ORD-12667,ORD-12667-1,20230524,CUST-0145,PROD-0001,ST-001,2,4530.0,0.05,8607.0,4852.24,0.0,Completed
ORD-12668,ORD-12668-1,20230713,CUST-0102,PROD-0073,ST-000,1,2250.0,0.0,2250.0,1505.46,24.8,Completed
ORD-12668,ORD-12668-2,20230713,CUST-0102,PROD-0062,ST-000,2,10930.0,0.05,20767.0,14260.06,108.88,Completed
ORD-12669,ORD-12669-1,20241224,CUST-0033,PROD-0030,ST-001,1,3060.0,0.1,2754.0,1764.66,0.0,Completed
ORD-12670,ORD-12670-1,20231115,CUST-0130,PROD-0077,ST-010,2,1240.0,0.15,2108.0,1428.96,0.0,Returned
ORD-12671,ORD-12671-1,20230916,CUST-0092,PROD-0005,ST-008,2,33510.0,0.1,60318.0,41088.56,0.0,Completed
ORD-12672,ORD-12672-1,20230318,CUST-0008,PROD-0055,ST-006,1,11840.0,0.1,10656.0,6635.81,0.0,Returned
ORD-12673,ORD-12673-1,20231217,CUST-0018,PROD-0057,ST-009,2,9050.0,0.0,18100.0,9719.04,0.0,Returned
ORD-12673,ORD-12673-2,20231217,CUST-0018,PROD-0059,ST-009,1,9340.0,0.0,9340.0,5793.35,0.0,Returned
ORD-12673,ORD-12673-3,20231217,CUST-0018,PROD-0069,ST-009,3,1180.0,0.0,3540.0,2545.29,0.0,Returned
ORD-12674,ORD-12674-1,20241127,CUST-0049,PROD-0001,ST-000,2,4530.0,0.1,8154.0,4852.24,139.87,Completed
ORD-12675,ORD-12675-1,20240113,CUST-0116,PROD-0064,ST-014,2,4410.0,0.0,8820.0,5662.12,0.0,Returned
ORD-12676,ORD-12676-1,20231226,CUST-0112,PROD-0011,ST-010,1,36390.0,0.0,36390.0,19504.14,0.0,Completed
ORD-12676,ORD-12676-2,20231226,CUST-0112,PROD-0024,ST-010,1,1330.0,0.0,1330.0,862.05,0.0,Completed
ORD-12677,ORD-12677-1,20240731,CUST-0200,PROD-0041,ST-006,2,11810.0,0.15,20077.0,14582.82,0.0,Completed
ORD-12678,ORD-12678-1,20230822,CUST-0029,PROD-0036,ST-002,1,14060.0,0.1,12654.0,8231.89,0.0,Completed
ORD-12679,ORD-12679-1,20241117,CUST-0063,PROD-0003,ST-012,1,6190.0,0.0,6190.0,3136.74,0.0,Cancelled
ORD-12680,ORD-12680-1,20240407,CUST-0187,PROD-0075,ST-015,2,2610.0,0.15,4437.0,3308.78,0.0,Completed
ORD-12680,ORD-12680-2,20240407,CUST-0187,PROD-0070,ST-015,2,1750.0,0.15,2975.0,2487.38,0.0,Completed
ORD-12681,ORD-12681-1,20241016,CUST-0028,PROD-0017,ST-000,1,3090.0,0.0,3090.0,2135.25,133.13,Completed
ORD-12681,ORD-12681-2,20241016,CUST-0028,PROD-0012,ST-000,1,51760.0,0.0,51760.0,25982.83,105.32,Completed
ORD-12682,ORD-12682-1,20230910,CUST-0182,PROD-0014,ST-006,2,21550.0,0.0,43100.0,29409.48,0.0,Completed
ORD-12682,ORD-12682-2,20230910,CUST-0182,PROD-0017,ST-006,1,3090.0,0.0,3090.0,2135.25,0.0,Completed
ORD-12683,ORD-12683-1,20240509,CUST-0029,PROD-0018,ST-005,1,660.0,0.0,660.0,407.13,0.0,Returned
ORD-12683,ORD-12683-2,20240509,CUST-0029,PROD-0030,ST-005,1,3060.0,0.0,3060.0,1764.66,0.0,Returned
ORD-12684,ORD-12684-1,20231011,CUST-0034,PROD-0050,ST-014,1,4290.0,0.0,4290.0,3053.81,0.0,Returned
ORD-12684,ORD-12684-2,20231011,CUST-0034,PROD-0070,ST-014,2,1750.0,0.0,3500.0,2487.38,0.0,Returned
ORD-12685,ORD-12685-1,20240806,CUST-0169,PROD-0078,ST-010,1,1020.0,0.1,918.0,599.08,0.0,Completed
ORD-12685,ORD-12685-2,20240806,CUST-0169,PROD-0050,ST-010,1,4290.0,0.0,4290.0,3053.81,0.0,Completed
ORD-12686,ORD-12686-1,20241024,CUST-0050,PROD-0047,ST-000,1,12400.0,0.0,12400.0,8153.66,83.25,Completed
ORD-12687,ORD-12687-1,20240515,CUST-0067,PROD-0036,ST-000,2,14060.0,0.0,28120.0,16463.78,40.11,Completed
ORD-12688,ORD-12688-1,20231018,CUST-0123,PROD-0079,ST-013,2,1620.0,0.0,3240.0,2275.34,0.0,Returned
ORD-12688,ORD-12688-2,20231018,CUST-0123,PROD-0018,ST-013,1,660.0,0.0,660.0,407.13,0.0,Returned
ORD-12688,ORD-12688-3,20231018,CUST-0123,PROD-0042,ST-013,1,14500.0,0.05,13775.0,10298.12,0.0,Returned
ORD-12689,ORD-12689-1,20240312,CUST-0025,PROD-0029,ST-004,4,1390.0,0.0,5560.0,3585.96,0.0,Cancelled
ORD-12690,ORD-12690-1,20230827,CUST-0018,PROD-0033,ST-012,1,6880.0,0.0,6880.0,4450.47,0.0,Returned
ORD-12690,ORD-12690-2,20230827,CUST-0018,PROD-0061,ST-012,1,9200.0,0.0,9200.0,5967.9,0.0,Returned
ORD-12691,ORD-12691-1,20230310,CUST-0182,PROD-0058,ST-006,1,3720.0,0.0,3720.0,1938.33,0.0,Completed
ORD-12691,ORD-12691-2,20230310,CUST-0182,PROD-0029,ST-006,3,1390.0,0.05,3961.5,2689.47,0.0,Completed
ORD-12692,ORD-12692-1,20241012,CUST-0168,PROD-0069,ST-013,2,1180.0,0.0,2360.0,1696.86,0.0,Completed
ORD-12693,ORD-12693-1,20230507,CUST-0016,PROD-0010,ST-007,2,16340.0,0.0,32680.0,22600.34,0.0,Cancelled
ORD-12694,ORD-12694-1,20230416,CUST-0152,PROD-0013,ST-000,1,15750.0,0.0,15750.0,8688.15,126.2,Completed
ORD-12694,ORD-12694-2,20230416,CUST-0152,PROD-0028,ST-000,1,920.0,0.0,920.0,621.01,124.9,Completed
ORD-12694,ORD-12694-3,20230416,CUST-0152,PROD-0025,ST-000,1,1120.0,0.0,1120.0,617.8,86.31,Completed
ORD-12695,ORD-12695-1,20231028,CUST-0140,PROD-0078,ST-010,1,1020.0,0.15,867.0,599.08,0.0,Completed
ORD-12696,ORD-12696-1,20240128,CUST-0075,PROD-0069,ST-013,1,1180.0,0.0,1180.0,848.43,0.0,Cancelled
ORD-12697,ORD-12697-1,20241219,CUST-0047,PROD-0009,ST-007,2,23630.0,0.05,44897.0,28959.76,0.0,Completed
ORD-12698,ORD-12698-1,20230912,CUST-0125,PROD-0069,ST-004,1,1180.0,0.0,1180.0,848.43,0.0,Cancelled
ORD-12699,ORD-12699-1,20231005,CUST-0002,PROD-0023,ST-015,1,2850.0,0.1,2565.0,1503.84,0.0,Completed
ORD-12700,ORD-12700-1,20241109,CUST-0065,PROD-0022,ST-007,2,4390.0,0.1,7902.0,5268.38,0.0,Completed
ORD-12700,ORD-12700-2,20241109,CUST-0065,PROD-0015,ST-007,2,42990.0,0.0,85980.0,46149.7,0.0,Completed
ORD-12701,ORD-12701-1,20230707,CUST-0088,PROD-0065,ST-001,3,1070.0,0.0,3210.0,1765.05,0.0,Completed
ORD-12702,ORD-12702-1,20231101,CUST-0009,PROD-0020,ST-001,2,1850.0,0.0,3700.0,2262.88,0.0,Returned
ORD-12703,ORD-12703-1,20241125,CUST-0104,PROD-0054,ST-002,1,12690.0,0.0,12690.0,8857.68,0.0,Completed
ORD-12704,ORD-12704-1,20230625,CUST-0093,PROD-0010,ST-002,1,16340.0,0.0,16340.0,11300.17,0.0,Completed
ORD-12705,ORD-12705-1,20230218,CUST-0076,PROD-0065,ST-003,2,1070.0,0.15,1819.0,1176.7,0.0,Returned
ORD-12705,ORD-12705-2,20230218,CUST-0076,PROD-0079,ST-003,1,1620.0,0.0,1620.0,1137.67,0.0,Returned
ORD-12706,ORD-12706-1,20241108,CUST-0140,PROD-0021,ST-005,2,2610.0,0.1,4698.0,3397.76,0.0,Completed
ORD-12706,ORD-12706-2,20241108,CUST-0140,PROD-0079,ST-005,1,1620.0,0.0,1620.0,1137.67,0.0,Completed
ORD-12707,ORD-12707-1,20231226,CUST-0038,PROD-0019,ST-009,1,3340.0,0.1,3006.0,1835.11,0.0,Completed
ORD-12708,ORD-12708-1,20230119,CUST-0019,PROD-0026,ST-011,1,3440.0,0.0,3440.0,2460.63,0.0,Completed
ORD-12709,ORD-12709-1,20231002,CUST-0078,PROD-0078,ST-003,2,1020.0,0.0,2040.0,1198.16,0.0,Completed
ORD-12710,ORD-12710-1,20230205,CUST-0187,PROD-0023,ST-004,1,2850.0,0.0,2850.0,1503.84,0.0,Completed
ORD-12711,ORD-12711-1,20240624,CUST-0148,PROD-0037,ST-001,1,11140.0,0.05,10583.0,6659.18,0.0,Returned
ORD-12712,ORD-12712-1,20240126,CUST-0102,PROD-0005,ST-009,2,33510.0,0.0,67020.0,41088.56,0.0,Completed
ORD-12713,ORD-12713-1,20240910,CUST-0066,PROD-0022,ST-003,1,4390.0,0.0,4390.0,2634.19,0.0,Completed
ORD-12714,ORD-12714-1,20230826,CUST-0004,PROD-0053,ST-012,3,12030.0,0.0,36090.0,23178.93,0.0,Completed
ORD-12715,ORD-12715-1,20240412,CUST-0099,PROD-0066,ST-004,2,1630.0,0.0,3260.0,1678.5,0.0,Completed
ORD-12715,ORD-12715-2,20240412,CUST-0099,PROD-0017,ST-004,1,3090.0,0.1,2781.0,2135.25,0.0,Completed
ORD-12716,ORD-12716-1,20241202,CUST-0103,PROD-0017,ST-005,2,3090.0,0.05,5871.0,4270.5,0.0,Completed
ORD-12717,ORD-12717-1,20240202,CUST-0142,PROD-0004,ST-005,4,26120.0,0.15,88808.0,71691.44,0.0,Completed
ORD-12718,ORD-12718-1,20231014,CUST-0031,PROD-0047,ST-001,2,12400.0,0.0,24800.0,16307.32,0.0,Returned
ORD-12719,ORD-12719-1,20230821,CUST-0050,PROD-0074,ST-015,1,1630.0,0.2,1304.0,1038.62,0.0,Completed
ORD-12720,ORD-12720-1,20240929,CUST-0055,PROD-0045,ST-010,1,9970.0,0.05,9471.5,5548.21,0.0,Completed
ORD-12721,ORD-12721-1,20241130,CUST-0120,PROD-0060,ST-004,1,9700.0,0.05,9215.0,4974.74,0.0,Completed
ORD-12721,ORD-12721-2,20241130,CUST-0120,PROD-0066,ST-004,1,1630.0,0.15,1385.5,839.25,0.0,Completed
ORD-12722,ORD-12722-1,20231019,CUST-0059,PROD-0009,ST-010,1,23630.0,0.05,22448.5,14479.88,0.0,Completed
ORD-12723,ORD-12723-1,20230328,CUST-0135,PROD-0077,ST-007,1,1240.0,0.0,1240.0,714.48,0.0,Completed
ORD-12724,ORD-12724-1,20230219,CUST-0130,PROD-0057,ST-009,1,9050.0,0.0,9050.0,4859.52,0.0,Returned
ORD-12724,ORD-12724-2,20230219,CUST-0130,PROD-0015,ST-009,2,42990.0,0.0,85980.0,46149.7,0.0,Returned
ORD-12725,ORD-12725-1,20241028,CUST-0107,PROD-0024,ST-006,1,1330.0,0.05,1263.5,862.05,0.0,Completed
ORD-12725,ORD-12725-2,20241028,CUST-0107,PROD-0022,ST-006,1,4390.0,0.0,4390.0,2634.19,0.0,Completed
ORD-12726,ORD-12726-1,20231026,CUST-0120,PROD-0041,ST-006,1,11810.0,0.05,11219.5,7291.41,0.0,Cancelled
ORD-12726,ORD-12726-2,20231026,CUST-0120,PROD-0038,ST-006,2,12270.0,0.0,24540.0,15877.54,0.0,Cancelled
ORD-12727,ORD-12727-1,20230902,CUST-0182,PROD-0006,ST-000,1,30230.0,0.0,30230.0,20923.79,78.25,Completed
ORD-12728,ORD-12728-1,20240809,CUST-0066,PROD-0041,ST-009,1,11810.0,0.15,10038.5,7291.41,0.0,Completed
ORD-12728,ORD-12728-2,20240809,CUST-0066,PROD-0021,ST-009,1,2610.0,0.0,2610.0,1698.88,0.0,Completed
ORD-12729,ORD-12729-1,20241013,CUST-0176,PROD-0060,ST-003,2,9700.0,0.1,17460.0,9949.48,0.0,Completed
ORD-12730,ORD-12730-1,20231026,CUST-0166,PROD-0011,ST-003,2,36390.0,0.0,72780.0,39008.28,0.0,Completed
ORD-12731,ORD-12731-1,20240731,CUST-0167,PROD-0057,ST-015,4,9050.0,0.05,34390.0,19438.08,0.0,Returned
ORD-12731,ORD-12731-2,20240731,CUST-0167,PROD-0025,ST-015,1,1120.0,0.0,1120.0,617.8,0.0,Returned
ORD-12731,ORD-12731-3,20240731,CUST-0167,PROD-0018,ST-015,2,660.0,0.0,1320.0,814.26,0.0,Returned
ORD-12732,ORD-12732-1,20240806,CUST-0013,PROD-0075,ST-000,2,2610.0,0.0,5220.0,3308.78,143.81,Completed
ORD-12732,ORD-12732-2,20240806,CUST-0013,PROD-0015,ST-000,1,42990.0,0.0,42990.0,23074.85,24.83,Completed
ORD-12733,ORD-12733-1,20241029,CUST-0122,PROD-0019,ST-008,1,3340.0,0.2,2672.0,1835.11,0.0,Completed
ORD-12734,ORD-12734-1,20240430,CUST-0153,PROD-0006,ST-006,1,30230.0,0.0,30230.0,20923.79,0.0,Completed
ORD-12735,ORD-12735-1,20240919,CUST-0078,PROD-0037,ST-013,1,11140.0,0.1,10026.0,6659.18,0.0,Cancelled
ORD-12736,ORD-12736-1,20230609,CUST-0045,PROD-0047,ST-001,1,12400.0,0.2,9920.0,8153.66,0.0,Completed
ORD-12736,ORD-12736-2,20230609,CUST-0045,PROD-0027,ST-001,2,1520.0,0.0,3040.0,2075.7,0.0,Completed
ORD-12737,ORD-12737-1,20230908,CUST-0021,PROD-0038,ST-015,1,12270.0,0.0,12270.0,7938.77,0.0,Cancelled
ORD-12737,ORD-12737-2,20230908,CUST-0021,PROD-0028,ST-015,1,920.0,0.1,828.0,621.01,0.0,Cancelled
ORD-12738,ORD-12738-1,20231120,CUST-0184,PROD-0063,ST-009,2,9290.0,0.1,16722.0,10668.44,0.0,Returned
ORD-12738,ORD-12738-2,20231120,CUST-0184,PROD-0011,ST-009,2,36390.0,0.1,65502.0,39008.28,0.0,Returned
ORD-12739,ORD-12739-1,20240822,CUST-0110,PROD-0029,ST-001,1,1390.0,0.15,1181.5,896.49,0.0,Cancelled
ORD-12740,ORD-12740-1,20230111,CUST-0082,PROD-0078,ST-000,4,1020.0,0.0,4080.0,2396.32,112.73,Completed
ORD-12741,ORD-12741-1,20241231,CUST-0085,PROD-0077,ST-000,2,1240.0,0.0,2480.0,1428.96,114.46,Completed
ORD-12742,ORD-12742-1,20240427,CUST-0165,PROD-0044,ST-012,1,7910.0,0.05,7514.5,4298.09,0.0,Returned
ORD-12742,ORD-12742-2,20240427,CUST-0165,PROD-0045,ST-012,1,9970.0,0.0,9970.0,5548.21,0.0,Returned
ORD-12743,ORD-12743-1,20240725,CUST-0076,PROD-0069,ST-007,1,1180.0,0.0,1180.0,848.43,0.0,Completed
ORD-12743,ORD-12743-2,20240725,CUST-0076,PROD-0004,ST-007,1,26120.0,0.0,26120.0,17922.86,0.0,Completed
ORD-12744,ORD-12744-1,20241105,CUST-0097,PROD-0032,ST-013,1,1730.0,0.15,1470.5,906.53,0.0,Completed
ORD-12745,ORD-12745-1,20231230,CUST-0174,PROD-0014,ST-012,1,21550.0,0.0,21550.0,14704.74,0.0,Completed
ORD-12746,ORD-12746-1,20240205,CUST-0032,PROD-0020,ST-006,1,1850.0,0.15,1572.5,1131.44,0.0,Completed
ORD-12746,ORD-12746-2,20240205,CUST-0032,PROD-0051,ST-006,1,12350.0,0.0,12350.0,7189.83,0.0,Completed
ORD-12746,ORD-12746-3,20240205,CUST-0032,PROD-0072,ST-006,3,2790.0,0.05,7951.5,4617.06,0.0,Completed
ORD-12747,ORD-12747-1,20240522,CUST-0038,PROD-0018,ST-000,2,660.0,0.0,1320.0,814.26,84.37,Completed
ORD-12747,ORD-12747-2,20240522,CUST-0038,PROD-0033,ST-000,1,6880.0,0.0,6880.0,4450.47,106.84,Completed
ORD-12748,ORD-12748-1,20241103,CUST-0078,PROD-0078,ST-012,1,1020.0,0.1,918.0,599.08,0.0,Completed
ORD-12748,ORD-12748-2,20241103,CUST-0078,PROD-0064,ST-012,1,4410.0,0.0,4410.0,2831.06,0.0,Completed
ORD-12749,ORD-12749-1,20240109,CUST-0200,PROD-0002,ST-006,1,33460.0,0.0,33460.0,20361.11,0.0,Completed
ORD-12750,ORD-12750-1,20231002,CUST-0093,PROD-0073,ST-009,1,2250.0,0.05,2137.5,1505.46,0.0,Returned
ORD-12751,ORD-12751-1,20231205,CUST-0052,PROD-0052,ST-004,1,640.0,0.0,640.0,409.83,0.0,Completed
ORD-12752,ORD-12752-1,20230906,CUST-0017,PROD-0011,ST-000,1,36390.0,0.0,36390.0,19504.14,75.59,Returned
ORD-12752,ORD-12752-2,20230906,CUST-0017,PROD-0049,ST-000,2,3260.0,0.0,6520.0,3683.54,47.73,Returned
ORD-12753,ORD-12753-1,20241204,CUST-0002,PROD-0060,ST-007,2,9700.0,0.0,19400.0,9949.48,0.0,Returned
ORD-12753,ORD-12753-2,20241204,CUST-0002,PROD-0019,ST-007,2,3340.0,0.05,6346.0,3670.22,0.0,Returned
ORD-12754,ORD-12754-1,20231220,CUST-0013,PROD-0015,ST-009,1,42990.0,0.15,36541.5,23074.85,0.0,Completed
ORD-12755,ORD-12755-1,20240308,CUST-0042,PROD-0041,ST-000,1,11810.0,0.1,10629.0,7291.41,145.22,Completed
ORD-12756,ORD-12756-1,20240809,CUST-0172,PROD-0051,ST-008,3,12350.0,0.1,33345.0,21569.49,0.0,Completed
ORD-12757,ORD-12757-1,20230510,CUST-0180,PROD-0017,ST-001,1,3090.0,0.0,3090.0,2135.25,0.0,Completed
ORD-12757,ORD-12757-2,20230510,CUST-0180,PROD-0020,ST-001,1,1850.0,0.0,1850.0,1131.44,0.0,Completed
ORD-12758,ORD-12758-1,20231108,CUST-0106,PROD-0065,ST-000,2,1070.0,0.0,2140.0,1176.7,28.28,Completed
ORD-12758,ORD-12758-2,20231108,CUST-0106,PROD-0076,ST-000,2,250.0,0.1,450.0,283.34,98.71,Completed
ORD-12759,ORD-12759-1,20241119,CUST-0005,PROD-0017,ST-004,2,3090.0,0.0,6180.0,4270.5,0.0,Completed
ORD-12759,ORD-12759-2,20241119,CUST-0005,PROD-0030,ST-004,1,3060.0,0.0,3060.0,1764.66,0.0,Completed
ORD-12760,ORD-12760-1,20230908,CUST-0188,PROD-0077,ST-007,1,1240.0,0.15,1054.0,714.48,0.0,Completed
ORD-12761,ORD-12761-1,20240927,CUST-0177,PROD-0073,ST-015,2,2250.0,0.05,4275.0,3010.92,0.0,Completed
ORD-12762,ORD-12762-1,20231018,CUST-0181,PROD-0068,ST-011,2,1450.0,0.0,2900.0,1571.42,0.0,Cancelled
ORD-12762,ORD-12762-2,20231018,CUST-0181,PROD-0012,ST-011,1,51760.0,0.0,51760.0,25982.83,0.0,Cancelled
ORD-12763,ORD-12763-1,20240330,CUST-0068,PROD-0046,ST-009,2,18630.0,0.05,35397.0,22993.04,0.0,Completed
ORD-12764,ORD-12764-1,20230331,CUST-0098,PROD-0039,ST-000,1,10260.0,0.2,8208.0,6354.22,74.87,Completed
ORD-12764,ORD-12764-2,20230331,CUST-0098,PROD-0028,ST-000,1,920.0,0.2,736.0,621.01,147.87,Completed
ORD-12765,ORD-12765-1,20240201,CUST-0008,PROD-0043,ST-002,2,650.0,0.05,1235.0,835.18,0.0,Completed
ORD-12766,ORD-12766-1,20230808,CUST-0079,PROD-0050,ST-010,1,4290.0,0.1,3861.0,3053.81,0.0,Completed
ORD-12766,ORD-12766-2,20230808,CUST-0079,PROD-0023,ST-010,1,2850.0,0.05,2707.5,1503.84,0.0,Completed
ORD-12767,ORD-12767-1,20230511,CUST-0098,PROD-0031,ST-000,2,4390.0,0.1,7902.0,6308.72,47.71,Returned
ORD-12768,ORD-12768-1,20241122,CUST-0139,PROD-0067,ST-000,2,1970.0,0.1,3546.0,2205.04,89.12,Cancelled
ORD-12769,ORD-12769-1,20231117,CUST-0191,PROD-0056,ST-014,2,12260.0,0.15,20842.0,16395.64,0.0,Completed
ORD-12769,ORD-12769-2,20231117,CUST-0191,PROD-0043,ST-014,1,650.0,0.05,617.5,417.59,0.0,Completed
ORD-12769,ORD-12769-3,20231117,CUST-0191,PROD-0021,ST-014,2,2610.0,0.1,4698.0,3397.76,0.0,Completed
ORD-12770,ORD-12770-1,20230518,CUST-0050,PROD-0055,ST-011,1,11840.0,0.0,11840.0,6635.81,0.0,Cancelled
ORD-12771,ORD-12771-1,20241125,CUST-0083,PROD-0053,ST-000,1,12030.0,0.0,12030.0,7726.31,70.54,Completed
ORD-12772,ORD-12772-1,20240811,CUST-0179,PROD-0051,ST-010,1,12350.0,0.0,12350.0,7189.83,0.0,Completed
ORD-12773,ORD-12773-1,20231204,CUST-0039,PROD-0045,ST-012,1,9970.0,0.0,9970.0,5548.21,0.0,Completed
ORD-12774,ORD-12774-1,20230922,CUST-0002,PROD-0041,ST-001,1,11810.0,0.0,11810.0,7291.41,0.0,Completed
ORD-12775,ORD-12775-1,20241119,CUST-0055,PROD-0078,ST-007,3,1020.0,0.0,3060.0,1797.24,0.0,Completed
ORD-12775,ORD-12775-2,20241119,CUST-0055,PROD-0055,ST-007,1,11840.0,0.0,11840.0,6635.81,0.0,Completed
ORD-12776,ORD-12776-1,20230515,CUST-0090,PROD-0013,ST-012,1,15750.0,0.0,15750.0,8688.15,0.0,Returned
ORD-12777,ORD-12777-1,20230523,CUST-0049,PROD-0003,ST-000,2,6190.0,0.2,9904.0,6273.48,109.92,Completed
ORD-12777,ORD-12777-2,20230523,CUST-0049,PROD-0078,ST-000,1,1020.0,0.05,969.0,599.08,60.51,Completed
ORD-12778,ORD-12778-1,20230425,CUST-0140,PROD-0042,ST-001,1,14500.0,0.0,14500.0,10298.12,0.0,Returned
ORD-12778,ORD-12778-2,20230425,CUST-0140,PROD-0068,ST-001,2,1450.0,0.0,2900.0,1571.42,0.0,Returned
ORD-12778,ORD-12778-3,20230425,CUST-0140,PROD-0033,ST-001,1,6880.0,0.2,5504.0,4450.47,0.0,Returned
ORD-12779,ORD-12779-1,20230507,CUST-0062,PROD-0015,ST-007,1,42990.0,0.0,42990.0,23074.85,0.0,Returned
ORD-12779,ORD-12779-2,20230507,CUST-0062,PROD-0023,ST-007,2,2850.0,0.1,5130.0,3007.68,0.0,Returned
ORD-12780,ORD-12780-1,20230707,CUST-0180,PROD-0036,ST-008,2,14060.0,0.05,26714.0,16463.78,0.0,Cancelled
ORD-12781,ORD-12781-1,20240331,CUST-0185,PROD-0056,ST-008,1,12260.0,0.15,10421.0,8197.82,0.0,Completed
ORD-12782,ORD-12782-1,20230819,CUST-0163,PROD-0043,ST-000,1,650.0,0.05,617.5,417.59,40.04,Completed
ORD-12783,ORD-12783-1,20241012,CUST-0170,PROD-0013,ST-007,2,15750.0,0.0,31500.0,17376.3,0.0,Returned
ORD-12783,ORD-12783-2,20241012,CUST-0170,PROD-0008,ST-007,3,15680.0,0.0,47040.0,31550.67,0.0,Returned
ORD-12784,ORD-12784-1,20240129,CUST-0138,PROD-0035,ST-009,4,11120.0,0.0,44480.0,22296.36,0.0,Returned
ORD-12785,ORD-12785-1,20240601,CUST-0089,PROD-0066,ST-013,1,1630.0,0.0,1630.0,839.25,0.0,Completed
ORD-12786,ORD-12786-1,20230703,CUST-0027,PROD-0010,ST-014,1,16340.0,0.0,16340.0,11300.17,0.0,Completed
ORD-12787,ORD-12787-1,20230515,CUST-0069,PROD-0015,ST-011,1,42990.0,0.0,42990.0,23074.85,0.0,Completed
ORD-12787,ORD-12787-2,20230515,CUST-0069,PROD-0021,ST-011,1,2610.0,0.15,2218.5,1698.88,0.0,Completed
ORD-12787,ORD-12787-3,20230515,CUST-0069,PROD-0017,ST-011,2,3090.0,0.0,6180.0,4270.5,0.0,Completed
ORD-12788,ORD-12788-1,20230802,CUST-0134,PROD-0060,ST-004,3,9700.0,0.05,27645.0,14924.22,0.0,Completed
ORD-12788,ORD-12788-2,20230802,CUST-0134,PROD-0073,ST-004,1,2250.0,0.0,2250.0,1505.46,0.0,Completed
ORD-12789,ORD-12789-1,20240518,CUST-0076,PROD-0047,ST-000,2,12400.0,0.0,24800.0,16307.32,113.08,Completed
ORD-12789,ORD-12789-2,20240518,CUST-0076,PROD-0043,ST-000,4,650.0,0.0,2600.0,1670.36,138.44,Completed
ORD-12790,ORD-12790-1,20230419,CUST-0192,PROD-0039,ST-015,1,10260.0,0.0,10260.0,6354.22,0.0,Completed
ORD-12791,ORD-12791-1,20240121,CUST-0161,PROD-0046,ST-014,2,18630.0,0.0,37260.0,22993.04,0.0,Returned
ORD-12792,ORD-12792-1,20230125,CUST-0059,PROD-0059,ST-000,1,9340.0,0.1,8406.0,5793.35,60.01,Completed
ORD-12793,ORD-12793-1,20231202,CUST-0039,PROD-0035,ST-000,2,11120.0,0.05,21128.0,11148.18,130.57,Completed
ORD-12794,ORD-12794-1,20230905,CUST-0129,PROD-0002,ST-006,1,33460.0,0.05,31787.0,20361.11,0.0,Cancelled
ORD-12795,ORD-12795-1,20230309,CUST-0056,PROD-0056,ST-006,1,12260.0,0.0,12260.0,8197.82,0.0,Completed
ORD-12795,ORD-12795-2,20230309,CUST-0056,PROD-0010,ST-006,2,16340.0,0.0,32680.0,22600.34,0.0,Completed
ORD-12796,ORD-12796-1,20240518,CUST-0174,PROD-0011,ST-005,1,36390.0,0.0,36390.0,19504.14,0.0,Completed
ORD-12797,ORD-12797-1,20231107,CUST-0134,PROD-0059,ST-010,1,9340.0,0.0,9340.0,5793.35,0.0,Completed
ORD-12798,ORD-12798-1,20231118,CUST-0068,PROD-0053,ST-015,1,12030.0,0.0,12030.0,7726.31,0.0,Cancelled
ORD-12799,ORD-12799-1,20240820,CUST-0168,PROD-0020,ST-014,1,1850.0,0.0,1850.0,1131.44,0.0,Cancelled
ORD-12800,ORD-12800-1,20240412,CUST-0186,PROD-0017,ST-004,1,3090.0,0.1,2781.0,2135.25,0.0,Cancelled
ORD-12801,ORD-12801-1,20240507,CUST-0176,PROD-0054,ST-007,2,12690.0,0.0,25380.0,17715.36,0.0,Completed
ORD-12801,ORD-12801-2,20240507,CUST-0176,PROD-0053,ST-007,1,12030.0,0.0,12030.0,7726.31,0.0,Completed
ORD-12802,ORD-12802-1,20231102,CUST-0103,PROD-0018,ST-012,1,660.0,0.0,660.0,407.13,0.0,Returned
ORD-12803,ORD-12803-1,20240111,CUST-0072,PROD-0037,ST-000,1,11140.0,0.2,8912.0,6659.18,123.38,Completed
ORD-12804,ORD-12804-1,20240710,CUST-0046,PROD-0039,ST-012,1,10260.0,0.0,10260.0,6354.22,0.0,Completed
ORD-12805,ORD-12805-1,20240710,CUST-0102,PROD-0070,ST-009,1,1750.0,0.0,1750.0,1243.69,0.0,Completed
ORD-12806,ORD-12806-1,20241010,CUST-0151,PROD-0073,ST-015,1,2250.0,0.0,2250.0,1505.46,0.0,Completed
ORD-12807,ORD-12807-1,20240901,CUST-0173,PROD-0038,ST-010,1,12270.0,0.1,11043.0,7938.77,0.0,Completed
ORD-12808,ORD-12808-1,20230312,CUST-0007,PROD-0037,ST-009,1,11140.0,0.0,11140.0,6659.18,0.0,Completed
ORD-12808,ORD-12808-2,20230312,CUST-0007,PROD-0067,ST-009,1,1970.0,0.0,1970.0,1102.52,0.0,Completed
ORD-12809,ORD-12809-1,20230416,CUST-0110,PROD-0067,ST-012,2,1970.0,0.0,3940.0,2205.04,0.0,Completed
ORD-12810,ORD-12810-1,20241117,CUST-0182,PROD-0033,ST-014,1,6880.0,0.0,6880.0,4450.47,0.0,Completed
ORD-12811,ORD-12811-1,20231122,CUST-0001,PROD-0018,ST-015,1,660.0,0.1,594.0,407.13,0.0,Completed
ORD-12812,ORD-12812-1,20231008,CUST-0148,PROD-0004,ST-002,1,26120.0,0.0,26120.0,17922.86,0.0,Completed
ORD-12813,ORD-12813-1,20230425,CUST-0136,PROD-0064,ST-012,1,4410.0,0.0,4410.0,2831.06,0.0,Completed
ORD-12813,ORD-12813-2,20230425,CUST-0136,PROD-0044,ST-012,2,7910.0,0.0,15820.0,8596.18,0.0,Completed
ORD-12814,ORD-12814-1,20240806,CUST-0003,PROD-0049,ST-012,2,3260.0,0.0,6520.0,3683.54,0.0,Returned
ORD-12814,ORD-12814-2,20240806,CUST-0003,PROD-0002,ST-012,1,33460.0,0.0,33460.0,20361.11,0.0,Returned
ORD-12815,ORD-12815-1,20240727,CUST-0085,PROD-0067,ST-002,2,1970.0,0.0,3940.0,2205.04,0.0,Completed
ORD-12815,ORD-12815-2,20240727,CUST-0085,PROD-0023,ST-002,4,2850.0,0.0,11400.0,6015.36,0.0,Completed
ORD-12816,ORD-12816-1,20240212,CUST-0055,PROD-0067,ST-001,1,1970.0,0.0,1970.0,1102.52,0.0,Completed
ORD-12816,ORD-12816-2,20240212,CUST-0055,PROD-0029,ST-001,1,1390.0,0.05,1320.5,896.49,0.0,Completed
ORD-12817,ORD-12817-1,20240116,CUST-0074,PROD-0045,ST-000,2,9970.0,0.0,19940.0,11096.42,114.0,Completed
ORD-12817,ORD-12817-2,20240116,CUST-0074,PROD-0004,ST-000,1,26120.0,0.0,26120.0,17922.86,69.01,Completed
ORD-12817,ORD-12817-3,20240116,CUST-0074,PROD-0047,ST-000,1,12400.0,0.0,12400.0,8153.66,106.97,Completed
ORD-12818,ORD-12818-1,20230111,CUST-0188,PROD-0010,ST-004,1,16340.0,0.0,16340.0,11300.17,0.0,Completed
ORD-12819,ORD-12819-1,20230213,CUST-0014,PROD-0080,ST-011,2,1260.0,0.1,2268.0,1537.84,0.0,Completed
ORD-12819,ORD-12819-2,20230213,CUST-0014,PROD-0078,ST-011,2,1020.0,0.0,2040.0,1198.16,0.0,Completed
ORD-12820,ORD-12820-1,20230210,CUST-0135,PROD-0016,ST-015,2,22690.0,0.0,45380.0,28016.36,0.0,Cancelled
ORD-12820,ORD-12820-2,20230210,CUST-0135,PROD-0011,ST-015,2,36390.0,0.0,72780.0,39008.28,0.0,Cancelled
ORD-12821,ORD-12821-1,20231016,CUST-0123,PROD-0019,ST-007,3,3340.0,0.0,10020.0,5505.33,0.0,Completed
ORD-12822,ORD-12822-1,20240411,CUST-0125,PROD-0046,ST-003,2,18630.0,0.0,37260.0,22993.04,0.0,Returned
ORD-12822,ORD-12822-2,20240411,CUST-0125,PROD-0024,ST-003,1,1330.0,0.0,1330.0,862.05,0.0,Returned
ORD-12823,ORD-12823-1,20230902,CUST-0036,PROD-0020,ST-013,2,1850.0,0.05,3515.0,2262.88,0.0,Completed
ORD-12824,ORD-12824-1,20231119,CUST-0025,PROD-0074,ST-010,1,1630.0,0.0,1630.0,1038.62,0.0,Completed
ORD-12824,ORD-12824-2,20231119,CUST-0025,PROD-0012,ST-010,3,51760.0,0.15,131988.0,77948.49,0.0,Completed
ORD-12825,ORD-12825-1,20230802,CUST-0098,PROD-0002,ST-000,3,33460.0,0.0,100380.0,61083.33,85.41,Returned
ORD-12826,ORD-12826-1,20230227,CUST-0111,PROD-0072,ST-004,2,2790.0,0.0,5580.0,3078.04,0.0,Cancelled
ORD-12827,ORD-12827-1,20230107,CUST-0188,PROD-0062,ST-012,1,10930.0,0.05,10383.5,7130.03,0.0,Completed
ORD-12828,ORD-12828-1,20241005,CUST-0200,PROD-0069,ST-006,2,1180.0,0.1,2124.0,1696.86,0.0,Completed
ORD-12828,ORD-12828-2,20241005,CUST-0200,PROD-0023,ST-006,1,2850.0,0.0,2850.0,1503.84,0.0,Completed
ORD-12829,ORD-12829-1,20230930,CUST-0048,PROD-0041,ST-015,2,11810.0,0.0,23620.0,14582.82,0.0,Completed
ORD-12830,ORD-12830-1,20231123,CUST-0031,PROD-0042,ST-009,2,14500.0,0.0,29000.0,20596.24,0.0,Returned
ORD-12831,ORD-12831-1,20241208,CUST-0109,PROD-0033,ST-003,1,6880.0,0.15,5848.0,4450.47,0.0,Returned
ORD-12832,ORD-12832-1,20240330,CUST-0069,PROD-0027,ST-012,1,1520.0,0.0,1520.0,1037.85,0.0,Completed
ORD-12833,ORD-12833-1,20241001,CUST-0196,PROD-0006,ST-009,1,30230.0,0.1,27207.0,20923.79,0.0,Completed
ORD-12834,ORD-12834-1,20230601,CUST-0085,PROD-0017,ST-007,1,3090.0,0.0,3090.0,2135.25,0.0,Completed
ORD-12834,ORD-12834-2,20230601,CUST-0085,PROD-0043,ST-007,2,650.0,0.0,1300.0,835.18,0.0,Completed
ORD-12835,ORD-12835-1,20231031,CUST-0011,PROD-0034,ST-007,2,17620.0,0.05,33478.0,20079.16,0.0,Returned
ORD-12835,ORD-12835-2,20231031,CUST-0011,PROD-0079,ST-007,1,1620.0,0.1,1458.0,1137.67,0.0,Returned
ORD-12836,ORD-12836-1,20230616,CUST-0137,PROD-0010,ST-010,1,16340.0,0.0,16340.0,11300.17,0.0,Cancelled
ORD-12837,ORD-12837-1,20240823,CUST-0041,PROD-0050,ST-004,1,4290.0,0.0,4290.0,3053.81,0.0,Completed
ORD-12838,ORD-12838-1,20231125,CUST-0085,PROD-0041,ST-001,2,11810.0,0.0,23620.0,14582.82,0.0,Completed
ORD-12838,ORD-12838-2,20231125,CUST-0085,PROD-0037,ST-001,2,11140.0,0.0,22280.0,13318.36,0.0,Completed
ORD-12839,ORD-12839-1,20240413,CUST-0006,PROD-0064,ST-014,1,4410.0,0.05,4189.5,2831.06,0.0,Completed
ORD-12839,ORD-12839-2,20240413,CUST-0006,PROD-0011,ST-014,2,36390.0,0.15,61863.0,39008.28,0.0,Completed
ORD-12840,ORD-12840-1,20240907,CUST-0055,PROD-0046,ST-014,1,18630.0,0.05,17698.5,11496.52,0.0,Completed
ORD-12841,ORD-12841-1,20230606,CUST-0006,PROD-0071,ST-000,2,430.0,0.0,860.0,515.22,143.08,Completed
ORD-12842,ORD-12842-1,20240109,CUST-0193,PROD-0067,ST-009,1,1970.0,0.0,1970.0,1102.52,0.0,Cancelled
ORD-12842,ORD-12842-2,20240109,CUST-0193,PROD-0006,ST-009,2,30230.0,0.05,57437.0,41847.58,0.0,Cancelled
ORD-12843,ORD-12843-1,20241210,CUST-0196,PROD-0077,ST-006,2,1240.0,0.1,2232.0,1428.96,0.0,Completed
ORD-12843,ORD-12843-2,20241210,CUST-0196,PROD-0027,ST-006,1,1520.0,0.05,1444.0,1037.85,0.0,Completed
ORD-12843,ORD-12843-3,20241210,CUST-0196,PROD-0076,ST-006,1,250.0,0.05,237.5,141.67,0.0,Completed
ORD-12844,ORD-12844-1,20240917,CUST-0073,PROD-0030,ST-001,1,3060.0,0.0,3060.0,1764.66,0.0,Completed
ORD-12845,ORD-12845-1,20231004,CUST-0003,PROD-0079,ST-015,1,1620.0,0.0,1620.0,1137.67,0.0,Completed
ORD-12846,ORD-12846-1,20230923,CUST-0055,PROD-0077,ST-013,1,1240.0,0.0,1240.0,714.48,0.0,Completed
ORD-12846,ORD-12846-2,20230923,CUST-0055,PROD-0078,ST-013,2,1020.0,0.0,2040.0,1198.16,0.0,Completed
ORD-12847,ORD-12847-1,20241210,CUST-0196,PROD-0042,ST-010,1,14500.0,0.0,14500.0,10298.12,0.0,Completed
ORD-12848,ORD-12848-1,20240706,CUST-0138,PROD-0013,ST-000,1,15750.0,0.05,14962.5,8688.15,23.79,Cancelled
ORD-12849,ORD-12849-1,20230913,CUST-0027,PROD-0036,ST-007,1,14060.0,0.05,13357.0,8231.89,0.0,Completed
ORD-12850,ORD-12850-1,20241002,CUST-0043,PROD-0055,ST-005,1,11840.0,0.0,11840.0,6635.81,0.0,Completed
ORD-12851,ORD-12851-1,20241208,CUST-0199,PROD-0055,ST-011,1,11840.0,0.1,10656.0,6635.81,0.0,Returned
ORD-12852,ORD-12852-1,20240708,CUST-0166,PROD-0011,ST-012,4,36390.0,0.0,145560.0,78016.56,0.0,Returned
ORD-12853,ORD-12853-1,20240220,CUST-0081,PROD-0065,ST-011,1,1070.0,0.0,1070.0,588.35,0.0,Completed
ORD-12854,ORD-12854-1,20231023,CUST-0025,PROD-0052,ST-013,2,640.0,0.2,1024.0,819.66,0.0,Completed
ORD-12855,ORD-12855-1,20241014,CUST-0005,PROD-0069,ST-000,3,1180.0,0.15,3009.0,2545.29,132.44,Completed
ORD-12856,ORD-12856-1,20240311,CUST-0093,PROD-0007,ST-000,2,36360.0,0.05,69084.0,50956.36,20.63,Completed
ORD-12857,ORD-12857-1,20231123,CUST-0043,PROD-0024,ST-011,1,1330.0,0.0,1330.0,862.05,0.0,Returned
ORD-12858,ORD-12858-1,20240415,CUST-0166,PROD-0007,ST-009,1,36360.0,0.1,32724.0,25478.18,0.0,Cancelled
ORD-12859,ORD-12859-1,20241229,CUST-0060,PROD-0078,ST-001,1,1020.0,0.0,1020.0,599.08,0.0,Cancelled
ORD-12860,ORD-12860-1,20230218,CUST-0138,PROD-0069,ST-002,1,1180.0,0.1,1062.0,848.43,0.0,Cancelled
ORD-12861,ORD-12861-1,20241126,CUST-0189,PROD-0059,ST-008,1,9340.0,0.1,8406.0,5793.35,0.0,Cancelled
ORD-12862,ORD-12862-1,20230326,CUST-0103,PROD-0079,ST-015,1,1620.0,0.0,1620.0,1137.67,0.0,Completed
ORD-12862,ORD-12862-2,20230326,CUST-0103,PROD-0030,ST-015,2,3060.0,0.1,5508.0,3529.32,0.0,Completed
ORD-12863,ORD-12863-1,20230206,CUST-0164,PROD-0038,ST-011,2,12270.0,0.0,24540.0,15877.54,0.0,Returned
ORD-12864,ORD-12864-1,20241016,CUST-0137,PROD-0075,ST-000,1,2610.0,0.0,2610.0,1654.39,100.63,Completed
ORD-12865,ORD-12865-1,20240618,CUST-0092,PROD-0062,ST-006,1,10930.0,0.0,10930.0,7130.03,0.0,Completed
ORD-12865,ORD-12865-2,20240618,CUST-0092,PROD-0080,ST-006,2,1260.0,0.0,2520.0,1537.84,0.0,Completed
ORD-12866,ORD-12866-1,20230429,CUST-0060,PROD-0017,ST-000,2,3090.0,0.0,6180.0,4270.5,47.23,Completed
ORD-12867,ORD-12867-1,20241117,CUST-0182,PROD-0026,ST-012,1,3440.0,0.0,3440.0,2460.63,0.0,Cancelled
ORD-12868,ORD-12868-1,20231219,CUST-0164,PROD-0059,ST-001,1,9340.0,0.15,7939.0,5793.35,0.0,Completed
ORD-12869,ORD-12869-1,20241009,CUST-0102,PROD-0016,ST-010,2,22690.0,0.05,43111.0,28016.36,0.0,Completed
ORD-12870,ORD-12870-1,20230808,CUST-0106,PROD-0073,ST-008,1,2250.0,0.0,2250.0,1505.46,0.0,Completed
ORD-12870,ORD-12870-2,20230808,CUST-0106,PROD-0029,ST-008,1,1390.0,0.0,1390.0,896.49,0.0,Completed
ORD-12871,ORD-12871-1,20241130,CUST-0049,PROD-0047,ST-003,1,12400.0,0.1,11160.0,8153.66,0.0,Returned
ORD-12872,ORD-12872-1,20231006,CUST-0155,PROD-0054,ST-014,1,12690.0,0.0,12690.0,8857.68,0.0,Completed
ORD-12872,ORD-12872-2,20231006,CUST-0155,PROD-0045,ST-014,1,9970.0,0.0,9970.0,5548.21,0.0,Completed
ORD-12873,ORD-12873-1,20231122,CUST-0149,PROD-0021,ST-004,2,2610.0,0.0,5220.0,3397.76,0.0,Cancelled
ORD-12874,ORD-12874-1,20240717,CUST-0109,PROD-0058,ST-001,2,3720.0,0.0,7440.0,3876.66,0.0,Cancelled
ORD-12875,ORD-12875-1,20231215,CUST-0075,PROD-0018,ST-006,3,660.0,0.0,1980.0,1221.39,0.0,Completed
ORD-12876,ORD-12876-1,20241213,CUST-0143,PROD-0050,ST-009,1,4290.0,0.0,4290.0,3053.81,0.0,Completed
ORD-12876,ORD-12876-2,20241213,CUST-0143,PROD-0065,ST-009,1,1070.0,0.0,1070.0,588.35,0.0,Completed
ORD-12877,ORD-12877-1,20240806,CUST-0113,PROD-0070,ST-005,4,1750.0,0.0,7000.0,4974.76,0.0,Completed
ORD-12878,ORD-12878-1,20240530,CUST-0152,PROD-0021,ST-005,1,2610.0,0.0,2610.0,1698.88,0.0,Completed
ORD-12879,ORD-12879-1,20240922,CUST-0131,PROD-0077,ST-015,2,1240.0,0.15,2108.0,1428.96,0.0,Completed
ORD-12879,ORD-12879-2,20240922,CUST-0131,PROD-0032,ST-015,1,1730.0,0.05,1643.5,906.53,0.0,Completed
ORD-12880,ORD-12880-1,20240625,CUST-0101,PROD-0073,ST-008,2,2250.0,0.1,4050.0,3010.92,0.0,Completed
ORD-12880,ORD-12880-2,20240625,CUST-0101,PROD-0071,ST-008,2,430.0,0.05,817.0,515.22,0.0,Completed
ORD-12880,ORD-12880-3,20240625,CUST-0101,PROD-0033,ST-008,1,6880.0,0.1,6192.0,4450.47,0.0,Completed
ORD-12881,ORD-12881-1,20231112,CUST-0132,PROD-0071,ST-000,1,430.0,0.0,430.0,257.61,138.53,Completed
ORD-12882,ORD-12882-1,20230824,CUST-0183,PROD-0055,ST-010,2,11840.0,0.0,23680.0,13271.62,0.0,Returned
ORD-12882,ORD-12882-2,20230824,CUST-0183,PROD-0041,ST-010,1,11810.0,0.05,11219.5,7291.41,0.0,Returned
ORD-12883,ORD-12883-1,20240314,CUST-0120,PROD-0070,ST-006,1,1750.0,0.1,1575.0,1243.69,0.0,Completed
ORD-12884,ORD-12884-1,20241012,CUST-0192,PROD-0017,ST-015,2,3090.0,0.1,5562.0,4270.5,0.0,Completed
ORD-12884,ORD-12884-2,20241012,CUST-0192,PROD-0006,ST-015,3,30230.0,0.2,72552.0,62771.37,0.0,Completed
ORD-12885,ORD-12885-1,20230723,CUST-0177,PROD-0011,ST-001,1,36390.0,0.15,30931.5,19504.14,0.0,Returned
ORD-12886,ORD-12886-1,20230920,CUST-0041,PROD-0050,ST-006,1,4290.0,0.2,3432.0,3053.81,0.0,Completed
ORD-12886,ORD-12886-2,20230920,CUST-0041,PROD-0047,ST-006,1,12400.0,0.0,12400.0,8153.66,0.0,Completed
ORD-12887,ORD-12887-1,20231107,CUST-0068,PROD-0016,ST-002,2,22690.0,0.0,45380.0,28016.36,0.0,Completed
ORD-12887,ORD-12887-2,20231107,CUST-0068,PROD-0059,ST-002,1,9340.0,0.05,8873.0,5793.35,0.0,Completed
ORD-12888,ORD-12888-1,20241206,CUST-0106,PROD-0021,ST-014,1,2610.0,0.0,2610.0,1698.88,0.0,Cancelled
ORD-12889,ORD-12889-1,20230621,CUST-0094,PROD-0058,ST-003,1,3720.0,0.1,3348.0,1938.33,0.0,Cancelled
ORD-12890,ORD-12890-1,20241006,CUST-0131,PROD-0055,ST-005,2,11840.0,0.0,23680.0,13271.62,0.0,Completed
ORD-12891,ORD-12891-1,20240101,CUST-0196,PROD-0022,ST-004,1,4390.0,0.1,3951.0,2634.19,0.0,Completed
ORD-12891,ORD-12891-2,20240101,CUST-0196,PROD-0066,ST-004,2,1630.0,0.1,2934.0,1678.5,0.0,Completed
ORD-12892,ORD-12892-1,20231229,CUST-0060,PROD-0042,ST-003,1,14500.0,0.05,13775.0,10298.12,0.0,Completed
ORD-12893,ORD-12893-1,20231008,CUST-0147,PROD-0014,ST-012,2,21550.0,0.0,43100.0,29409.48,0.0,Completed
ORD-12894,ORD-12894-1,20240918,CUST-0086,PROD-0002,ST-012,1,33460.0,0.0,33460.0,20361.11,0.0,Completed
ORD-12895,ORD-12895-1,20230402,CUST-0180,PROD-0029,ST-010,2,1390.0,0.05,2641.0,1792.98,0.0,Cancelled
ORD-12895,ORD-12895-2,20230402,CUST-0180,PROD-0015,ST-010,2,42990.0,0.0,85980.0,46149.7,0.0,Cancelled
ORD-12896,ORD-12896-1,20240702,CUST-0151,PROD-0050,ST-004,2,4290.0,0.0,8580.0,6107.62,0.0,Completed
ORD-12897,ORD-12897-1,20241218,CUST-0100,PROD-0015,ST-013,1,42990.0,0.05,40840.5,23074.85,0.0,Completed
ORD-12898,ORD-12898-1,20241104,CUST-0015,PROD-0077,ST-002,1,1240.0,0.0,1240.0,714.48,0.0,Returned
ORD-12898,ORD-12898-2,20241104,CUST-0015,PROD-0060,ST-002,1,9700.0,0.0,9700.0,4974.74,0.0,Returned
ORD-12899,ORD-12899-1,20240801,CUST-0119,PROD-0022,ST-010,1,4390.0,0.05,4170.5,2634.19,0.0,Completed
ORD-12899,ORD-12899-2,20240801,CUST-0119,PROD-0020,ST-010,1,1850.0,0.1,1665.0,1131.44,0.0,Completed
ORD-12900,ORD-12900-1,20240430,CUST-0097,PROD-0069,ST-001,2,1180.0,0.05,2242.0,1696.86,0.0,Completed
ORD-12901,ORD-12901-1,20231014,CUST-0001,PROD-0002,ST-010,2,33460.0,0.05,63574.0,40722.22,0.0,Returned
ORD-12901,ORD-12901-2,20231014,CUST-0001,PROD-0049,ST-010,2,3260.0,0.1,5868.0,3683.54,0.0,Returned
ORD-12902,ORD-12902-1,20240312,CUST-0159,PROD-0019,ST-015,1,3340.0,0.0,3340.0,1835.11,0.0,Returned
ORD-12903,ORD-12903-1,20240222,CUST-0024,PROD-0041,ST-007,1,11810.0,0.1,10629.0,7291.41,0.0,Completed
ORD-12904,ORD-12904-1,20241025,CUST-0089,PROD-0001,ST-009,2,4530.0,0.1,8154.0,4852.24,0.0,Cancelled
ORD-12905,ORD-12905-1,20230116,CUST-0080,PROD-0004,ST-011,2,26120.0,0.1,47016.0,35845.72,0.0,Cancelled
ORD-12906,ORD-12906-1,20231025,CUST-0124,PROD-0019,ST-007,1,3340.0,0.2,2672.0,1835.11,0.0,Cancelled
ORD-12907,ORD-12907-1,20240301,CUST-0061,PROD-0076,ST-008,2,250.0,0.0,500.0,283.34,0.0,Cancelled
ORD-12908,ORD-12908-1,20240928,CUST-0054,PROD-0016,ST-014,1,22690.0,0.05,21555.5,14008.18,0.0,Completed
ORD-12908,ORD-12908-2,20240928,CUST-0054,PROD-0006,ST-014,1,30230.0,0.05,28718.5,20923.79,0.0,Completed
ORD-12909,ORD-12909-1,20240421,CUST-0166,PROD-0035,ST-002,1,11120.0,0.0,11120.0,5574.09,0.0,Returned
ORD-12910,ORD-12910-1,20230517,CUST-0138,PROD-0031,ST-009,2,4390.0,0.0,8780.0,6308.72,0.0,Returned
ORD-12911,ORD-12911-1,20240325,CUST-0085,PROD-0007,ST-010,1,36360.0,0.05,34542.0,25478.18,0.0,Completed
ORD-12912,ORD-12912-1,20240820,CUST-0183,PROD-0079,ST-009,1,1620.0,0.0,1620.0,1137.67,0.0,Completed
ORD-12912,ORD-12912-2,20240820,CUST-0183,PROD-0056,ST-009,4,12260.0,0.0,49040.0,32791.28,0.0,Completed
ORD-12913,ORD-12913-1,20240628,CUST-0071,PROD-0070,ST-005,3,1750.0,0.1,4725.0,3731.07,0.0,Completed
ORD-12914,ORD-12914-1,20241003,CUST-0072,PROD-0041,ST-002,1,11810.0,0.0,11810.0,7291.41,0.0,Completed
ORD-12915,ORD-12915-1,20240511,CUST-0164,PROD-0011,ST-009,2,36390.0,0.0,72780.0,39008.28,0.0,Completed
ORD-12915,ORD-12915-2,20240511,CUST-0164,PROD-0001,ST-009,1,4530.0,0.0,4530.0,2426.12,0.0,Completed
ORD-12916,ORD-12916-1,20241010,CUST-0070,PROD-0001,ST-010,1,4530.0,0.0,4530.0,2426.12,0.0,Returned
ORD-12916,ORD-12916-2,20241010,CUST-0070,PROD-0004,ST-010,1,26120.0,0.15,22202.0,17922.86,0.0,Returned
ORD-12917,ORD-12917-1,20231003,CUST-0147,PROD-0005,ST-011,4,33510.0,0.0,134040.0,82177.12,0.0,Completed
ORD-12918,ORD-12918-1,20240602,CUST-0129,PROD-0003,ST-000,1,6190.0,0.0,6190.0,3136.74,64.43,Completed
ORD-12919,ORD-12919-1,20240611,CUST-0144,PROD-0077,ST-007,1,1240.0,0.0,1240.0,714.48,0.0,Completed
ORD-12920,ORD-12920-1,20240330,CUST-0128,PROD-0006,ST-014,2,30230.0,0.0,60460.0,41847.58,0.0,Cancelled
ORD-12921,ORD-12921-1,20230308,CUST-0198,PROD-0016,ST-003,1,22690.0,0.0,22690.0,14008.18,0.0,Completed
ORD-12922,ORD-12922-1,20231003,CUST-0186,PROD-0076,ST-009,1,250.0,0.05,237.5,141.67,0.0,Cancelled
ORD-12922,ORD-12922-2,20231003,CUST-0186,PROD-0012,ST-009,2,51760.0,0.0,103520.0,51965.66,0.0,Cancelled
ORD-12923,ORD-12923-1,20230123,CUST-0052,PROD-0039,ST-003,2,10260.0,0.0,20520.0,12708.44,0.0,Completed
ORD-12924,ORD-12924-1,20241113,CUST-0129,PROD-0075,ST-011,1,2610.0,0.2,2088.0,1654.39,0.0,Completed
ORD-12925,ORD-12925-1,20240726,CUST-0028,PROD-0032,ST-011,3,1730.0,0.0,5190.0,2719.59,0.0,Returned
ORD-12926,ORD-12926-1,20230626,CUST-0078,PROD-0052,ST-015,2,640.0,0.15,1088.0,819.66,0.0,Completed
ORD-12927,ORD-12927-1,20231216,CUST-0019,PROD-0002,ST-015,1,33460.0,0.0,33460.0,20361.11,0.0,Completed
ORD-12928,ORD-12928-1,20230223,CUST-0093,PROD-0080,ST-007,4,1260.0,0.0,5040.0,3075.68,0.0,Completed
ORD-12929,ORD-12929-1,20230622,CUST-0197,PROD-0037,ST-008,1,11140.0,0.1,10026.0,6659.18,0.0,Completed
ORD-12930,ORD-12930-1,20241008,CUST-0122,PROD-0072,ST-006,1,2790.0,0.0,2790.0,1539.02,0.0,Completed
ORD-12930,ORD-12930-2,20241008,CUST-0122,PROD-0016,ST-006,1,22690.0,0.0,22690.0,14008.18,0.0,Completed
ORD-12931,ORD-12931-1,20230920,CUST-0160,PROD-0058,ST-002,2,3720.0,0.0,7440.0,3876.66,0.0,Cancelled
ORD-12931,ORD-12931-2,20230920,CUST-0160,PROD-0004,ST-002,2,26120.0,0.05,49628.0,35845.72,0.0,Cancelled
ORD-12932,ORD-12932-1,20241102,CUST-0006,PROD-0018,ST-000,2,660.0,0.0,1320.0,814.26,138.03,Returned
ORD-12932,ORD-12932-2,20241102,CUST-0006,PROD-0057,ST-000,1,9050.0,0.0,9050.0,4859.52,108.27,Returned
ORD-12933,ORD-12933-1,20231025,CUST-0124,PROD-0036,ST-008,1,14060.0,0.05,13357.0,8231.89,0.0,Completed
ORD-12933,ORD-12933-2,20231025,CUST-0124,PROD-0047,ST-008,1,12400.0,0.0,12400.0,8153.66,0.0,Completed
ORD-12934,ORD-12934-1,20230801,CUST-0074,PROD-0069,ST-011,1,1180.0,0.05,1121.0,848.43,0.0,Completed
ORD-12935,ORD-12935-1,20231212,CUST-0192,PROD-0052,ST-006,1,640.0,0.0,640.0,409.83,0.0,Completed
ORD-12936,ORD-12936-1,20230625,CUST-0147,PROD-0019,ST-004,2,3340.0,0.0,6680.0,3670.22,0.0,Cancelled
ORD-12937,ORD-12937-1,20231225,CUST-0131,PROD-0072,ST-004,1,2790.0,0.0,2790.0,1539.02,0.0,Returned
ORD-12938,ORD-12938-1,20241208,CUST-0097,PROD-0027,ST-009,2,1520.0,0.1,2736.0,2075.7,0.0,Completed
ORD-12938,ORD-12938-2,20241208,CUST-0097,PROD-0025,ST-009,1,1120.0,0.0,1120.0,617.8,0.0,Completed
ORD-12938,ORD-12938-3,20241208,CUST-0097,PROD-0026,ST-009,2,3440.0,0.0,6880.0,4921.26,0.0,Completed
ORD-12939,ORD-12939-1,20240109,CUST-0096,PROD-0054,ST-005,1,12690.0,0.1,11421.0,8857.68,0.0,Cancelled
ORD-12940,ORD-12940-1,20230924,CUST-0007,PROD-0027,ST-013,1,1520.0,0.05,1444.0,1037.85,0.0,Returned
ORD-12941,ORD-12941-1,20240516,CUST-0016,PROD-0038,ST-014,1,12270.0,0.05,11656.5,7938.77,0.0,Completed
ORD-12942,ORD-12942-1,20231109,CUST-0153,PROD-0070,ST-010,1,1750.0,0.0,1750.0,1243.69,0.0,Completed
ORD-12942,ORD-12942-2,20231109,CUST-0153,PROD-0021,ST-010,1,2610.0,0.05,2479.5,1698.88,0.0,Completed
ORD-12943,ORD-12943-1,20231228,CUST-0079,PROD-0014,ST-001,2,21550.0,0.0,43100.0,29409.48,0.0,Completed
ORD-12943,ORD-12943-2,20231228,CUST-0079,PROD-0065,ST-001,1,1070.0,0.0,1070.0,588.35,0.0,Completed
ORD-12944,ORD-12944-1,20240829,CUST-0037,PROD-0036,ST-014,1,14060.0,0.0,14060.0,8231.89,0.0,Completed
ORD-12945,ORD-12945-1,20230323,CUST-0178,PROD-0029,ST-007,1,1390.0,0.0,1390.0,896.49,0.0,Completed
ORD-12946,ORD-12946-1,20241115,CUST-0172,PROD-0064,ST-007,1,4410.0,0.0,4410.0,2831.06,0.0,Completed
ORD-12946,ORD-12946-2,20241115,CUST-0172,PROD-0058,ST-007,4,3720.0,0.05,14136.0,7753.32,0.0,Completed
ORD-12947,ORD-12947-1,20230730,CUST-0192,PROD-0018,ST-000,1,660.0,0.0,660.0,407.13,22.41,Cancelled
ORD-12948,ORD-12948-1,20241210,CUST-0121,PROD-0048,ST-007,1,10690.0,0.0,10690.0,5634.8,0.0,Cancelled
ORD-12949,ORD-12949-1,20240925,CUST-0004,PROD-0080,ST-002,1,1260.0,0.0,1260.0,768.92,0.0,Completed
ORD-12950,ORD-12950-1,20231014,CUST-0117,PROD-0040,ST-005,3,9840.0,0.0,29520.0,14926.53,0.0,Completed
ORD-12950,ORD-12950-2,20231014,CUST-0117,PROD-0054,ST-005,2,12690.0,0.05,24111.0,17715.36,0.0,Completed
ORD-12951,ORD-12951-1,20240312,CUST-0161,PROD-0061,ST-011,2,9200.0,0.0,18400.0,11935.8,0.0,Cancelled
ORD-12952,ORD-12952-1,20240226,CUST-0181,PROD-0033,ST-002,3,6880.0,0.0,20640.0,13351.41,0.0,Cancelled
ORD-12953,ORD-12953-1,20240107,CUST-0119,PROD-0031,ST-010,2,4390.0,0.0,8780.0,6308.72,0.0,Cancelled
ORD-12954,ORD-12954-1,20240424,CUST-0009,PROD-0021,ST-013,2,2610.0,0.0,5220.0,3397.76,0.0,Completed
ORD-12955,ORD-12955-1,20241030,CUST-0151,PROD-0045,ST-014,2,9970.0,0.15,16949.0,11096.42,0.0,Completed
ORD-12956,ORD-12956-1,20230807,CUST-0005,PROD-0014,ST-008,2,21550.0,0.0,43100.0,29409.48,0.0,Completed
ORD-12957,ORD-12957-1,20240416,CUST-0186,PROD-0053,ST-014,2,12030.0,0.05,22857.0,15452.62,0.0,Completed
ORD-12957,ORD-12957-2,20240416,CUST-0186,PROD-0057,ST-014,1,9050.0,0.0,9050.0,4859.52,0.0,Completed
ORD-12957,ORD-12957-3,20240416,CUST-0186,PROD-0001,ST-014,2,4530.0,0.0,9060.0,4852.24,0.0,Completed
ORD-12958,ORD-12958-1,20240922,CUST-0160,PROD-0078,ST-006,2,1020.0,0.1,1836.0,1198.16,0.0,Completed
ORD-12959,ORD-12959-1,20231025,CUST-0160,PROD-0067,ST-002,1,1970.0,0.0,1970.0,1102.52,0.0,Cancelled
ORD-12959,ORD-12959-2,20231025,CUST-0160,PROD-0036,ST-002,1,14060.0,0.0,14060.0,8231.89,0.0,Cancelled
ORD-12960,ORD-12960-1,20231215,CUST-0109,PROD-0025,ST-011,1,1120.0,0.0,1120.0,617.8,0.0,Returned
ORD-12961,ORD-12961-1,20240924,CUST-0100,PROD-0018,ST-006,1,660.0,0.0,660.0,407.13,0.0,Completed
ORD-12962,ORD-12962-1,20240307,CUST-0114,PROD-0027,ST-014,1,1520.0,0.0,1520.0,1037.85,0.0,Completed
ORD-12963,ORD-12963-1,20240306,CUST-0012,PROD-0029,ST-004,4,1390.0,0.0,5560.0,3585.96,0.0,Returned
ORD-12963,ORD-12963-2,20240306,CUST-0012,PROD-0011,ST-004,1,36390.0,0.05,34570.5,19504.14,0.0,Returned
ORD-12964,ORD-12964-1,20240414,CUST-0197,PROD-0078,ST-010,1,1020.0,0.0,1020.0,599.08,0.0,Completed
ORD-12964,ORD-12964-2,20240414,CUST-0197,PROD-0045,ST-010,1,9970.0,0.1,8973.0,5548.21,0.0,Completed
ORD-12965,ORD-12965-1,20230601,CUST-0117,PROD-0010,ST-005,1,16340.0,0.05,15523.0,11300.17,0.0,Returned
ORD-12965,ORD-12965-2,20230601,CUST-0117,PROD-0012,ST-005,1,51760.0,0.05,49172.0,25982.83,0.0,Returned
ORD-12966,ORD-12966-1,20240720,CUST-0026,PROD-0005,ST-010,3,33510.0,0.05,95503.5,61632.84,0.0,Returned
ORD-12967,ORD-12967-1,20230323,CUST-0069,PROD-0072,ST-009,1,2790.0,0.0,2790.0,1539.02,0.0,Completed
ORD-12967,ORD-12967-2,20230323,CUST-0069,PROD-0034,ST-009,1,17620.0,0.05,16739.0,10039.58,0.0,Completed
ORD-12968,ORD-12968-1,20231105,CUST-0050,PROD-0049,ST-015,2,3260.0,0.0,6520.0,3683.54,0.0,Completed
ORD-12969,ORD-12969-1,20230923,CUST-0073,PROD-0033,ST-012,2,6880.0,0.0,13760.0,8900.94,0.0,Returned
ORD-12970,ORD-12970-1,20240406,CUST-0039,PROD-0026,ST-000,4,3440.0,0.0,13760.0,9842.52,105.22,Completed
ORD-12970,ORD-12970-2,20240406,CUST-0039,PROD-0013,ST-000,1,15750.0,0.15,13387.5,8688.15,124.99,Completed
ORD-12971,ORD-12971-1,20240402,CUST-0072,PROD-0003,ST-015,2,6190.0,0.0,12380.0,6273.48,0.0,Completed
ORD-12972,ORD-12972-1,20240926,CUST-0191,PROD-0056,ST-005,1,12260.0,0.0,12260.0,8197.82,0.0,Cancelled
ORD-12973,ORD-12973-1,20230217,CUST-0098,PROD-0050,ST-012,2,4290.0,0.1,7722.0,6107.62,0.0,Completed
ORD-12974,ORD-12974-1,20230125,CUST-0076,PROD-0018,ST-009,1,660.0,0.1,594.0,407.13,0.0,Returned
ORD-12974,ORD-12974-2,20230125,CUST-0076,PROD-0031,ST-009,1,4390.0,0.0,4390.0,3154.36,0.0,Returned
ORD-12975,ORD-12975-1,20241031,CUST-0137,PROD-0074,ST-012,2,1630.0,0.1,2934.0,2077.24,0.0,Completed
ORD-12975,ORD-12975-2,20241031,CUST-0137,PROD-0024,ST-012,1,1330.0,0.1,1197.0,862.05,0.0,Completed
ORD-12976,ORD-12976-1,20240111,CUST-0114,PROD-0041,ST-004,1,11810.0,0.0,11810.0,7291.41,0.0,Completed
ORD-12977,ORD-12977-1,20231102,CUST-0192,PROD-0057,ST-001,1,9050.0,0.0,9050.0,4859.52,0.0,Returned
ORD-12978,ORD-12978-1,20231105,CUST-0159,PROD-0041,ST-000,2,11810.0,0.05,22439.0,14582.82,27.51,Completed
ORD-12979,ORD-12979-1,20230810,CUST-0167,PROD-0065,ST-001,4,1070.0,0.0,4280.0,2353.4,0.0,Completed
ORD-12980,ORD-12980-1,20241213,CUST-0097,PROD-0041,ST-008,4,11810.0,0.0,47240.0,29165.64,0.0,Completed
ORD-12981,ORD-12981-1,20230808,CUST-0017,PROD-0057,ST-012,1,9050.0,0.1,8145.0,4859.52,0.0,Returned
ORD-12982,ORD-12982-1,20240824,CUST-0010,PROD-0048,ST-004,1,10690.0,0.05,10155.5,5634.8,0.0,Completed
ORD-12982,ORD-12982-2,20240824,CUST-0010,PROD-0051,ST-004,2,12350.0,0.0,24700.0,14379.66,0.0,Completed
ORD-12983,ORD-12983-1,20231202,CUST-0021,PROD-0010,ST-006,1,16340.0,0.0,16340.0,11300.17,0.0,Returned
ORD-12983,ORD-12983-2,20231202,CUST-0021,PROD-0007,ST-006,1,36360.0,0.1,32724.0,25478.18,0.0,Returned
ORD-12984,ORD-12984-1,20241113,CUST-0183,PROD-0049,ST-003,1,3260.0,0.1,2934.0,1841.77,0.0,Completed
ORD-12984,ORD-12984-2,20241113,CUST-0183,PROD-0032,ST-003,1,1730.0,0.05,1643.5,906.53,0.0,Completed
ORD-12985,ORD-12985-1,20241230,CUST-0166,PROD-0026,ST-008,2,3440.0,0.0,6880.0,4921.26,0.0,Returned
ORD-12986,ORD-12986-1,20230901,CUST-0012,PROD-0063,ST-008,1,9290.0,0.1,8361.0,5334.22,0.0,Completed
ORD-12987,ORD-12987-1,20230218,CUST-0121,PROD-0032,ST-001,2,1730.0,0.05,3287.0,1813.06,0.0,Cancelled
ORD-12988,ORD-12988-1,20230723,CUST-0073,PROD-0035,ST-006,1,11120.0,0.0,11120.0,5574.09,0.0,Completed
ORD-12989,ORD-12989-1,20240225,CUST-0186,PROD-0040,ST-000,1,9840.0,0.0,9840.0,4975.51,104.77,Completed
ORD-12990,ORD-12990-1,20241014,CUST-0048,PROD-0043,ST-000,2,650.0,0.2,1040.0,835.18,105.71,Returned
ORD-12990,ORD-12990-2,20241014,CUST-0048,PROD-0022,ST-000,2,4390.0,0.1,7902.0,5268.38,138.57,Returned
ORD-12990,ORD-12990-3,20241014,CUST-0048,PROD-0054,ST-000,1,12690.0,0.0,12690.0,8857.68,116.09,Returned
ORD-12991,ORD-12991-1,20240923,CUST-0184,PROD-0058,ST-004,2,3720.0,0.15,6324.0,3876.66,0.0,Completed
ORD-12992,ORD-12992-1,20241121,CUST-0138,PROD-0051,ST-002,1,12350.0,0.0,12350.0,7189.83,0.0,Cancelled
ORD-12992,ORD-12992-2,20241121,CUST-0138,PROD-0027,ST-002,1,1520.0,0.05,1444.0,1037.85,0.0,Cancelled
ORD-12993,ORD-12993-1,20240930,CUST-0098,PROD-0060,ST-000,2,9700.0,0.05,18430.0,9949.48,123.74,Completed
ORD-12993,ORD-12993-2,20240930,CUST-0098,PROD-0053,ST-000,3,12030.0,0.0,36090.0,23178.93,66.93,Completed
ORD-12994,ORD-12994-1,20241113,CUST-0116,PROD-0038,ST-011,4,12270.0,0.2,39264.0,31755.08,0.0,Completed
ORD-12995,ORD-12995-1,20240203,CUST-0138,PROD-0039,ST-003,1,10260.0,0.0,10260.0,6354.22,0.0,Completed
ORD-12995,ORD-12995-2,20240203,CUST-0138,PROD-0014,ST-003,1,21550.0,0.0,21550.0,14704.74,0.0,Completed
ORD-12996,ORD-12996-1,20240415,CUST-0061,PROD-0045,ST-006,1,9970.0,0.0,9970.0,5548.21,0.0,Completed
ORD-12997,ORD-12997-1,20230424,CUST-0083,PROD-0067,ST-015,1,1970.0,0.0,1970.0,1102.52,0.0,Completed
ORD-12997,ORD-12997-2,20230424,CUST-0083,PROD-0004,ST-015,1,26120.0,0.0,26120.0,17922.86,0.0,Completed
ORD-12998,ORD-12998-1,20240214,CUST-0133,PROD-0028,ST-002,2,920.0,0.1,1656.0,1242.02,0.0,Cancelled
ORD-12999,ORD-12999-1,20241215,CUST-0142,PROD-0045,ST-006,1,9970.0,0.0,9970.0,5548.21,0.0,Returned
ORD-13000,ORD-13000-1,20230406,CUST-0127,PROD-0002,ST-011,4,33460.0,0.05,127148.0,81444.44,0.0,Completed
ORD-13001,ORD-13001-1,20231018,CUST-0200,PROD-0036,ST-007,2,14060.0,0.0,28120.0,16463.78,0.0,Completed
ORD-13001,ORD-13001-2,20231018,CUST-0200,PROD-0040,ST-007,1,9840.0,0.0,9840.0,4975.51,0.0,Completed
ORD-13001,ORD-13001-3,20231018,CUST-0200,PROD-0033,ST-007,2,6880.0,0.05,13072.0,8900.94,0.0,Completed
ORD-13002,ORD-13002-1,20240116,CUST-0095,PROD-0026,ST-005,1,3440.0,0.1,3096.0,2460.63,0.0,Completed
ORD-13002,ORD-13002-2,20240116,CUST-0095,PROD-0065,ST-005,3,1070.0,0.0,3210.0,1765.05,0.0,Completed
ORD-13003,ORD-13003-1,20230128,CUST-0060,PROD-0059,ST-003,1,9340.0,0.0,9340.0,5793.35,0.0,Cancelled
ORD-13003,ORD-13003-2,20230128,CUST-0060,PROD-0029,ST-003,1,1390.0,0.1,1251.0,896.49,0.0,Cancelled
ORD-13004,ORD-13004-1,20231023,CUST-0048,PROD-0020,ST-011,1,1850.0,0.0,1850.0,1131.44,0.0,Completed
ORD-13005,ORD-13005-1,20230922,CUST-0197,PROD-0039,ST-003,1,10260.0,0.0,10260.0,6354.22,0.0,Completed
ORD-13006,ORD-13006-1,20241206,CUST-0011,PROD-0074,ST-013,2,1630.0,0.05,3097.0,2077.24,0.0,Completed
ORD-13007,ORD-13007-1,20240322,CUST-0039,PROD-0039,ST-000,1,10260.0,0.0,10260.0,6354.22,20.7,Completed
ORD-13008,ORD-13008-1,20230716,CUST-0180,PROD-0061,ST-000,1,9200.0,0.0,9200.0,5967.9,94.92,Returned
ORD-13009,ORD-13009-1,20240428,CUST-0014,PROD-0039,ST-015,3,10260.0,0.0,30780.0,19062.66,0.0,Completed
ORD-13010,ORD-13010-1,20230911,CUST-0098,PROD-0023,ST-012,1,2850.0,0.0,2850.0,1503.84,0.0,Completed
ORD-13011,ORD-13011-1,20241019,CUST-0055,PROD-0077,ST-012,2,1240.0,0.1,2232.0,1428.96,0.0,Completed
ORD-13012,ORD-13012-1,20230216,CUST-0195,PROD-0038,ST-000,2,12270.0,0.1,22086.0,15877.54,88.01,Completed
ORD-13013,ORD-13013-1,20231107,CUST-0135,PROD-0017,ST-015,1,3090.0,0.2,2472.0,2135.25,0.0,Completed
ORD-13014,ORD-13014-1,20230926,CUST-0096,PROD-0071,ST-014,1,430.0,0.15,365.5,257.61,0.0,Completed
ORD-13015,ORD-13015-1,20241103,CUST-0148,PROD-0075,ST-000,1,2610.0,0.0,2610.0,1654.39,21.25,Completed
ORD-13016,ORD-13016-1,20230806,CUST-0024,PROD-0026,ST-015,1,3440.0,0.15,2924.0,2460.63,0.0,Completed
ORD-13017,ORD-13017-1,20231208,CUST-0179,PROD-0014,ST-008,2,21550.0,0.0,43100.0,29409.48,0.0,Completed
ORD-13018,ORD-13018-1,20240317,CUST-0092,PROD-0013,ST-015,1,15750.0,0.0,15750.0,8688.15,0.0,Completed
ORD-13018,ORD-13018-2,20240317,CUST-0092,PROD-0017,ST-015,2,3090.0,0.0,6180.0,4270.5,0.0,Completed
ORD-13019,ORD-13019-1,20241106,CUST-0071,PROD-0075,ST-006,1,2610.0,0.0,2610.0,1654.39,0.0,Returned
ORD-13019,ORD-13019-2,20241106,CUST-0071,PROD-0032,ST-006,3,1730.0,0.0,5190.0,2719.59,0.0,Returned
ORD-13020,ORD-13020-1,20230313,CUST-0171,PROD-0020,ST-007,1,1850.0,0.05,1757.5,1131.44,0.0,Completed
ORD-13021,ORD-13021-1,20240407,CUST-0132,PROD-0041,ST-000,1,11810.0,0.1,10629.0,7291.41,37.88,Completed
ORD-13022,ORD-13022-1,20241121,CUST-0146,PROD-0072,ST-000,3,2790.0,0.2,6696.0,4617.06,127.04,Returned
ORD-13023,ORD-13023-1,20230620,CUST-0069,PROD-0047,ST-008,4,12400.0,0.05,47120.0,32614.64,0.0,Completed
ORD-13024,ORD-13024-1,20240411,CUST-0119,PROD-0024,ST-000,2,1330.0,0.1,2394.0,1724.1,47.4,Completed
ORD-13025,ORD-13025-1,20230217,CUST-0020,PROD-0068,ST-000,1,1450.0,0.0,1450.0,785.71,110.85,Completed
ORD-13026,ORD-13026-1,20230106,CUST-0002,PROD-0058,ST-005,1,3720.0,0.0,3720.0,1938.33,0.0,Completed
ORD-13027,ORD-13027-1,20231118,CUST-0032,PROD-0009,ST-012,4,23630.0,0.0,94520.0,57919.52,0.0,Completed
ORD-13028,ORD-13028-1,20230823,CUST-0047,PROD-0074,ST-000,1,1630.0,0.0,1630.0,1038.62,133.86,Cancelled
ORD-13029,ORD-13029-1,20240505,CUST-0040,PROD-0004,ST-010,1,26120.0,0.1,23508.0,17922.86,0.0,Completed
ORD-13029,ORD-13029-2,20240505,CUST-0040,PROD-0005,ST-010,2,33510.0,0.0,67020.0,41088.56,0.0,Completed
ORD-13030,ORD-13030-1,20231214,CUST-0105,PROD-0024,ST-008,2,1330.0,0.05,2527.0,1724.1,0.0,Returned
ORD-13031,ORD-13031-1,20240206,CUST-0086,PROD-0057,ST-007,1,9050.0,0.05,8597.5,4859.52,0.0,Completed
ORD-13032,ORD-13032-1,20230723,CUST-0118,PROD-0025,ST-007,1,1120.0,0.15,952.0,617.8,0.0,Completed
ORD-13032,ORD-13032-2,20230723,CUST-0118,PROD-0030,ST-007,1,3060.0,0.0,3060.0,1764.66,0.0,Completed
ORD-13033,ORD-13033-1,20240716,CUST-0119,PROD-0063,ST-000,2,9290.0,0.0,18580.0,10668.44,51.61,Completed
ORD-13034,ORD-13034-1,20240204,CUST-0005,PROD-0054,ST-006,1,12690.0,0.0,12690.0,8857.68,0.0,Cancelled
ORD-13035,ORD-13035-1,20230630,CUST-0052,PROD-0023,ST-006,2,2850.0,0.0,5700.0,3007.68,0.0,Completed
ORD-13036,ORD-13036-1,20240408,CUST-0128,PROD-0042,ST-000,1,14500.0,0.0,14500.0,10298.12,144.54,Completed
ORD-13036,ORD-13036-2,20240408,CUST-0128,PROD-0015,ST-000,1,42990.0,0.0,42990.0,23074.85,92.64,Completed
ORD-13036,ORD-13036-3,20240408,CUST-0128,PROD-0079,ST-000,2,1620.0,0.0,3240.0,2275.34,64.03,Completed
ORD-13037,ORD-13037-1,20241202,CUST-0099,PROD-0051,ST-015,1,12350.0,0.05,11732.5,7189.83,0.0,Completed
ORD-13037,ORD-13037-2,20241202,CUST-0099,PROD-0032,ST-015,2,1730.0,0.15,2941.0,1813.06,0.0,Completed
ORD-13038,ORD-13038-1,20230301,CUST-0022,PROD-0031,ST-000,1,4390.0,0.2,3512.0,3154.36,57.51,Completed
ORD-13039,ORD-13039-1,20241126,CUST-0091,PROD-0066,ST-007,1,1630.0,0.1,1467.0,839.25,0.0,Cancelled
ORD-13039,ORD-13039-2,20241126,CUST-0091,PROD-0080,ST-007,1,1260.0,0.0,1260.0,768.92,0.0,Cancelled
ORD-13040,ORD-13040-1,20230710,CUST-0068,PROD-0015,ST-003,3,42990.0,0.0,128970.0,69224.55,0.0,Cancelled
ORD-13040,ORD-13040-2,20230710,CUST-0068,PROD-0062,ST-003,1,10930.0,0.1,9837.0,7130.03,0.0,Cancelled
ORD-13041,ORD-13041-1,20231208,CUST-0148,PROD-0049,ST-015,1,3260.0,0.15,2771.0,1841.77,0.0,Completed
ORD-13042,ORD-13042-1,20240223,CUST-0012,PROD-0001,ST-010,1,4530.0,0.0,4530.0,2426.12,0.0,Returned
ORD-13042,ORD-13042-2,20240223,CUST-0012,PROD-0040,ST-010,1,9840.0,0.0,9840.0,4975.51,0.0,Returned
ORD-13043,ORD-13043-1,20231022,CUST-0036,PROD-0077,ST-012,2,1240.0,0.0,2480.0,1428.96,0.0,Cancelled
ORD-13044,ORD-13044-1,20230710,CUST-0141,PROD-0072,ST-009,3,2790.0,0.05,7951.5,4617.06,0.0,Completed
ORD-13044,ORD-13044-2,20230710,CUST-0141,PROD-0052,ST-009,2,640.0,0.05,1216.0,819.66,0.0,Completed
ORD-13045,ORD-13045-1,20240126,CUST-0063,PROD-0065,ST-000,2,1070.0,0.0,2140.0,1176.7,136.7,Returned
ORD-13046,ORD-13046-1,20241130,CUST-0056,PROD-0056,ST-003,1,12260.0,0.05,11647.0,8197.82,0.0,Returned
ORD-13047,ORD-13047-1,20240512,CUST-0181,PROD-0001,ST-004,1,4530.0,0.0,4530.0,2426.12,0.0,Cancelled
ORD-13048,ORD-13048-1,20230810,CUST-0088,PROD-0038,ST-007,2,12270.0,0.1,22086.0,15877.54,0.0,Completed
ORD-13049,ORD-13049-1,20230403,CUST-0042,PROD-0019,ST-015,2,3340.0,0.05,6346.0,3670.22,0.0,Completed
ORD-13049,ORD-13049-2,20230403,CUST-0042,PROD-0072,ST-015,1,2790.0,0.0,2790.0,1539.02,0.0,Completed
ORD-13050,ORD-13050-1,20240928,CUST-0078,PROD-0030,ST-004,1,3060.0,0.0,3060.0,1764.66,0.0,Completed
ORD-13051,ORD-13051-1,20240204,CUST-0139,PROD-0044,ST-010,2,7910.0,0.0,15820.0,8596.18,0.0,Completed
ORD-13051,ORD-13051-2,20240204,CUST-0139,PROD-0039,ST-010,2,10260.0,0.1,18468.0,12708.44,0.0,Completed
ORD-13052,ORD-13052-1,20230804,CUST-0061,PROD-0060,ST-000,2,9700.0,0.0,19400.0,9949.48,133.93,Completed
ORD-13053,ORD-13053-1,20240123,CUST-0193,PROD-0009,ST-008,1,23630.0,0.05,22448.5,14479.88,0.0,Completed
ORD-13053,ORD-13053-2,20240123,CUST-0193,PROD-0073,ST-008,2,2250.0,0.15,3825.0,3010.92,0.0,Completed
ORD-13054,ORD-13054-1,20240706,CUST-0111,PROD-0050,ST-001,2,4290.0,0.0,8580.0,6107.62,0.0,Returned
ORD-13055,ORD-13055-1,20231218,CUST-0052,PROD-0060,ST-000,1,9700.0,0.2,7760.0,4974.74,131.61,Returned
ORD-13056,ORD-13056-1,20240728,CUST-0082,PROD-0077,ST-001,3,1240.0,0.0,3720.0,2143.44,0.0,Cancelled
ORD-13057,ORD-13057-1,20240515,CUST-0114,PROD-0007,ST-013,1,36360.0,0.05,34542.0,25478.18,0.0,Completed
ORD-13057,ORD-13057-2,20240515,CUST-0114,PROD-0077,ST-013,1,1240.0,0.0,1240.0,714.48,0.0,Completed
ORD-13058,ORD-13058-1,20230301,CUST-0165,PROD-0037,ST-003,4,11140.0,0.0,44560.0,26636.72,0.0,Cancelled
ORD-13058,ORD-13058-2,20230301,CUST-0165,PROD-0080,ST-003,3,1260.0,0.05,3591.0,2306.76,0.0,Cancelled
ORD-13059,ORD-13059-1,20231208,CUST-0145,PROD-0072,ST-015,2,2790.0,0.0,5580.0,3078.04,0.0,Completed
ORD-13060,ORD-13060-1,20231003,CUST-0125,PROD-0040,ST-014,1,9840.0,0.15,8364.0,4975.51,0.0,Cancelled
ORD-13061,ORD-13061-1,20230105,CUST-0130,PROD-0033,ST-002,2,6880.0,0.0,13760.0,8900.94,0.0,Returned
ORD-13061,ORD-13061-2,20230105,CUST-0130,PROD-0075,ST-002,1,2610.0,0.0,2610.0,1654.39,0.0,Returned
ORD-13061,ORD-13061-3,20230105,CUST-0130,PROD-0064,ST-002,1,4410.0,0.15,3748.5,2831.06,0.0,Returned
ORD-13062,ORD-13062-1,20240303,CUST-0151,PROD-0020,ST-003,1,1850.0,0.0,1850.0,1131.44,0.0,Completed
ORD-13063,ORD-13063-1,20240709,CUST-0147,PROD-0068,ST-003,1,1450.0,0.1,1305.0,785.71,0.0,Returned
ORD-13064,ORD-13064-1,20240128,CUST-0006,PROD-0025,ST-003,1,1120.0,0.15,952.0,617.8,0.0,Completed
ORD-13064,ORD-13064-2,20240128,CUST-0006,PROD-0047,ST-003,2,12400.0,0.0,24800.0,16307.32,0.0,Completed
ORD-13065,ORD-13065-1,20241021,CUST-0194,PROD-0077,ST-007,1,1240.0,0.0,1240.0,714.48,0.0,Completed
ORD-13066,ORD-13066-1,20230811,CUST-0174,PROD-0069,ST-006,1,1180.0,0.15,1003.0,848.43,0.0,Completed
ORD-13066,ORD-13066-2,20230811,CUST-0174,PROD-0055,ST-006,3,11840.0,0.1,31968.0,19907.43,0.0,Completed
ORD-13067,ORD-13067-1,20231212,CUST-0191,PROD-0025,ST-005,2,1120.0,0.2,1792.0,1235.6,0.0,Completed
ORD-13068,ORD-13068-1,20240816,CUST-0075,PROD-0057,ST-008,1,9050.0,0.0,9050.0,4859.52,0.0,Completed
ORD-13069,ORD-13069-1,20240424,CUST-0053,PROD-0061,ST-014,1,9200.0,0.0,9200.0,5967.9,0.0,Completed
ORD-13070,ORD-13070-1,20230719,CUST-0115,PROD-0008,ST-010,3,15680.0,0.0,47040.0,31550.67,0.0,Cancelled
ORD-13071,ORD-13071-1,20240314,CUST-0164,PROD-0056,ST-009,4,12260.0,0.0,49040.0,32791.28,0.0,Cancelled
ORD-13072,ORD-13072-1,20241206,CUST-0065,PROD-0027,ST-014,3,1520.0,0.05,4332.0,3113.55,0.0,Completed
ORD-13073,ORD-13073-1,20241009,CUST-0073,PROD-0079,ST-010,2,1620.0,0.1,2916.0,2275.34,0.0,Completed
ORD-13074,ORD-13074-1,20240406,CUST-0141,PROD-0012,ST-005,2,51760.0,0.2,82816.0,51965.66,0.0,Completed
ORD-13075,ORD-13075-1,20241029,CUST-0116,PROD-0043,ST-001,2,650.0,0.0,1300.0,835.18,0.0,Completed
ORD-13076,ORD-13076-1,20240828,CUST-0178,PROD-0010,ST-005,2,16340.0,0.0,32680.0,22600.34,0.0,Completed
ORD-13077,ORD-13077-1,20241129,CUST-0153,PROD-0052,ST-010,1,640.0,0.0,640.0,409.83,0.0,Completed
ORD-13078,ORD-13078-1,20240106,CUST-0048,PROD-0024,ST-010,2,1330.0,0.05,2527.0,1724.1,0.0,Completed
ORD-13078,ORD-13078-2,20240106,CUST-0048,PROD-0039,ST-010,3,10260.0,0.1,27702.0,19062.66,0.0,Completed
ORD-13079,ORD-13079-1,20230614,CUST-0190,PROD-0030,ST-011,2,3060.0,0.0,6120.0,3529.32,0.0,Completed
ORD-13080,ORD-13080-1,20241008,CUST-0194,PROD-0043,ST-007,2,650.0,0.0,1300.0,835.18,0.0,Cancelled
ORD-13081,ORD-13081-1,20240205,CUST-0103,PROD-0071,ST-012,1,430.0,0.0,430.0,257.61,0.0,Completed
ORD-13082,ORD-13082-1,20231208,CUST-0105,PROD-0022,ST-002,1,4390.0,0.0,4390.0,2634.19,0.0,Completed
ORD-13083,ORD-13083-1,20240426,CUST-0196,PROD-0044,ST-002,3,7910.0,0.15,20170.5,12894.27,0.0,Completed
ORD-13083,ORD-13083-2,20240426,CUST-0196,PROD-0039,ST-002,1,10260.0,0.0,10260.0,6354.22,0.0,Completed
ORD-13084,ORD-13084-1,20230414,CUST-0140,PROD-0025,ST-008,1,1120.0,0.0,1120.0,617.8,0.0,Completed
ORD-13085,ORD-13085-1,20240912,CUST-0065,PROD-0033,ST-001,2,6880.0,0.0,13760.0,8900.94,0.0,Completed
ORD-13086,ORD-13086-1,20240728,CUST-0039,PROD-0035,ST-004,1,11120.0,0.2,8896.0,5574.09,0.0,Completed
ORD-13087,ORD-13087-1,20230812,CUST-0034,PROD-0009,ST-004,2,23630.0,0.1,42534.0,28959.76,0.0,Returned
ORD-13087,ORD-13087-2,20230812,CUST-0034,PROD-0073,ST-004,2,2250.0,0.0,4500.0,3010.92,0.0,Returned
ORD-13087,ORD-13087-3,20230812,CUST-0034,PROD-0065,ST-004,2,1070.0,0.05,2033.0,1176.7,0.0,Returned
ORD-13088,ORD-13088-1,20230205,CUST-0078,PROD-0001,ST-000,1,4530.0,0.0,4530.0,2426.12,28.34,Completed
ORD-13089,ORD-13089-1,20231201,CUST-0130,PROD-0080,ST-000,2,1260.0,0.2,2016.0,1537.84,143.0,Completed
ORD-13090,ORD-13090-1,20230731,CUST-0182,PROD-0036,ST-010,2,14060.0,0.0,28120.0,16463.78,0.0,Completed
ORD-13091,ORD-13091-1,20230821,CUST-0093,PROD-0018,ST-009,1,660.0,0.0,660.0,407.13,0.0,Returned
ORD-13092,ORD-13092-1,20230607,CUST-0147,PROD-0054,ST-011,2,12690.0,0.0,25380.0,17715.36,0.0,Completed
ORD-13093,ORD-13093-1,20241219,CUST-0130,PROD-0071,ST-005,1,430.0,0.05,408.5,257.61,0.0,Completed
ORD-13094,ORD-13094-1,20241206,CUST-0114,PROD-0048,ST-010,1,10690.0,0.0,10690.0,5634.8,0.0,Returned
ORD-13095,ORD-13095-1,20240205,CUST-0064,PROD-0001,ST-000,2,4530.0,0.0,9060.0,4852.24,41.05,Completed
ORD-13096,ORD-13096-1,20241204,CUST-0016,PROD-0047,ST-010,1,12400.0,0.05,11780.0,8153.66,0.0,Completed
ORD-13097,ORD-13097-1,20230221,CUST-0063,PROD-0069,ST-000,2,1180.0,0.0,2360.0,1696.86,73.36,Completed
ORD-13098,ORD-13098-1,20230701,CUST-0063,PROD-0012,ST-003,2,51760.0,0.1,93168.0,51965.66,0.0,Completed
ORD-13099,ORD-13099-1,20230307,CUST-0040,PROD-0036,ST-003,2,14060.0,0.0,28120.0,16463.78,0.0,Completed
ORD-13099,ORD-13099-2,20230307,CUST-0040,PROD-0031,ST-003,1,4390.0,0.1,3951.0,3154.36,0.0,Completed
ORD-13100,ORD-13100-1,20241022,CUST-0013,PROD-0008,ST-000,1,15680.0,0.0,15680.0,10516.89,92.95,Completed
ORD-13101,ORD-13101-1,20230810,CUST-0114,PROD-0006,ST-006,1,30230.0,0.0,30230.0,20923.79,0.0,Completed
ORD-13101,ORD-13101-2,20230810,CUST-0114,PROD-0024,ST-006,1,1330.0,0.15,1130.5,862.05,0.0,Completed
ORD-13101,ORD-13101-3,20230810,CUST-0114,PROD-0032,ST-006,1,1730.0,0.0,1730.0,906.53,0.0,Completed
ORD-13102,ORD-13102-1,20230611,CUST-0167,PROD-0052,ST-000,2,640.0,0.0,1280.0,819.66,97.27,Completed
ORD-13102,ORD-13102-2,20230611,CUST-0167,PROD-0055,ST-000,1,11840.0,0.0,11840.0,6635.81,67.3,Completed
ORD-13103,ORD-13103-1,20230813,CUST-0079,PROD-0008,ST-002,1,15680.0,0.05,14896.0,10516.89,0.0,Cancelled
ORD-13104,ORD-13104-1,20231129,CUST-0136,PROD-0049,ST-005,1,3260.0,0.1,2934.0,1841.77,0.0,Completed
ORD-13105,ORD-13105-1,20240415,CUST-0190,PROD-0072,ST-004,2,2790.0,0.0,5580.0,3078.04,0.0,Completed
ORD-13105,ORD-13105-2,20240415,CUST-0190,PROD-0043,ST-004,2,650.0,0.05,1235.0,835.18,0.0,Completed
ORD-13106,ORD-13106-1,20241212,CUST-0155,PROD-0005,ST-003,1,33510.0,0.0,33510.0,20544.28,0.0,Completed
ORD-13106,ORD-13106-2,20241212,CUST-0155,PROD-0024,ST-003,1,1330.0,0.15,1130.5,862.05,0.0,Completed
ORD-13107,ORD-13107-1,20240617,CUST-0165,PROD-0031,ST-004,1,4390.0,0.2,3512.0,3154.36,0.0,Returned
ORD-13108,ORD-13108-1,20240612,CUST-0191,PROD-0004,ST-014,2,26120.0,0.0,52240.0,35845.72,0.0,Completed
ORD-13108,ORD-13108-2,20240612,CUST-0191,PROD-0030,ST-014,2,3060.0,0.05,5814.0,3529.32,0.0,Completed
ORD-13108,ORD-13108-3,20240612,CUST-0191,PROD-0068,ST-014,1,1450.0,0.05,1377.5,785.71,0.0,Completed
ORD-13109,ORD-13109-1,20240420,CUST-0079,PROD-0075,ST-012,4,2610.0,0.0,10440.0,6617.56,0.0,Completed
ORD-13110,ORD-13110-1,20241008,CUST-0070,PROD-0017,ST-000,1,3090.0,0.15,2626.5,2135.25,70.04,Completed
ORD-13110,ORD-13110-2,20241008,CUST-0070,PROD-0077,ST-000,2,1240.0,0.1,2232.0,1428.96,66.75,Completed
ORD-13111,ORD-13111-1,20240219,CUST-0056,PROD-0045,ST-009,1,9970.0,0.1,8973.0,5548.21,0.0,Returned
ORD-13111,ORD-13111-2,20240219,CUST-0056,PROD-0074,ST-009,4,1630.0,0.0,6520.0,4154.48,0.0,Returned
ORD-13112,ORD-13112-1,20241115,CUST-0105,PROD-0017,ST-009,1,3090.0,0.0,3090.0,2135.25,0.0,Cancelled
ORD-13112,ORD-13112-2,20241115,CUST-0105,PROD-0061,ST-009,2,9200.0,0.05,17480.0,11935.8,0.0,Cancelled
ORD-13113,ORD-13113-1,20230222,CUST-0068,PROD-0066,ST-000,1,1630.0,0.05,1548.5,839.25,29.15,Completed
ORD-13114,ORD-13114-1,20240404,CUST-0034,PROD-0029,ST-007,1,1390.0,0.0,1390.0,896.49,0.0,Returned
ORD-13114,ORD-13114-2,20240404,CUST-0034,PROD-0023,ST-007,1,2850.0,0.15,2422.5,1503.84,0.0,Returned
ORD-13115,ORD-13115-1,20241218,CUST-0114,PROD-0066,ST-000,1,1630.0,0.0,1630.0,839.25,74.91,Completed
ORD-13116,ORD-13116-1,20230502,CUST-0103,PROD-0051,ST-013,1,12350.0,0.0,12350.0,7189.83,0.0,Completed
ORD-13117,ORD-13117-1,20230716,CUST-0127,PROD-0057,ST-003,1,9050.0,0.1,8145.0,4859.52,0.0,Returned
ORD-13118,ORD-13118-1,20240502,CUST-0193,PROD-0003,ST-008,1,6190.0,0.05,5880.5,3136.74,0.0,Completed
ORD-13119,ORD-13119-1,20230304,CUST-0199,PROD-0070,ST-001,1,1750.0,0.0,1750.0,1243.69,0.0,Completed
ORD-13119,ORD-13119-2,20230304,CUST-0199,PROD-0043,ST-001,1,650.0,0.15,552.5,417.59,0.0,Completed
ORD-13120,ORD-13120-1,20241102,CUST-0136,PROD-0059,ST-004,1,9340.0,0.0,9340.0,5793.35,0.0,Completed
ORD-13120,ORD-13120-2,20241102,CUST-0136,PROD-0056,ST-004,1,12260.0,0.1,11034.0,8197.82,0.0,Completed
ORD-13121,ORD-13121-1,20240117,CUST-0194,PROD-0025,ST-006,2,1120.0,0.0,2240.0,1235.6,0.0,Cancelled
ORD-13121,ORD-13121-2,20240117,CUST-0194,PROD-0052,ST-006,2,640.0,0.0,1280.0,819.66,0.0,Cancelled
ORD-13121,ORD-13121-3,20240117,CUST-0194,PROD-0076,ST-006,1,250.0,0.0,250.0,141.67,0.0,Cancelled
ORD-13122,ORD-13122-1,20240527,CUST-0026,PROD-0075,ST-014,1,2610.0,0.1,2349.0,1654.39,0.0,Completed
ORD-13122,ORD-13122-2,20240527,CUST-0026,PROD-0032,ST-014,2,1730.0,0.0,3460.0,1813.06,0.0,Completed
ORD-13123,ORD-13123-1,20230902,CUST-0085,PROD-0002,ST-010,1,33460.0,0.0,33460.0,20361.11,0.0,Completed
ORD-13123,ORD-13123-2,20230902,CUST-0085,PROD-0076,ST-010,2,250.0,0.0,500.0,283.34,0.0,Completed
ORD-13124,ORD-13124-1,20230926,CUST-0026,PROD-0047,ST-005,2,12400.0,0.15,21080.0,16307.32,0.0,Returned
ORD-13125,ORD-13125-1,20240107,CUST-0195,PROD-0080,ST-001,2,1260.0,0.0,2520.0,1537.84,0.0,Completed
ORD-13125,ORD-13125-2,20240107,CUST-0195,PROD-0027,ST-001,4,1520.0,0.0,6080.0,4151.4,0.0,Completed
ORD-13126,ORD-13126-1,20240308,CUST-0170,PROD-0044,ST-001,1,7910.0,0.15,6723.5,4298.09,0.0,Cancelled
ORD-13127,ORD-13127-1,20241219,CUST-0112,PROD-0046,ST-012,1,18630.0,0.1,16767.0,11496.52,0.0,Completed
ORD-13128,ORD-13128-1,20230115,CUST-0190,PROD-0052,ST-012,1,640.0,0.0,640.0,409.83,0.0,Returned
ORD-13129,ORD-13129-1,20240303,CUST-0001,PROD-0071,ST-007,1,430.0,0.1,387.0,257.61,0.0,Returned
ORD-13129,ORD-13129-2,20240303,CUST-0001,PROD-0025,ST-007,1,1120.0,0.15,952.0,617.8,0.0,Returned
ORD-13130,ORD-13130-1,20230612,CUST-0066,PROD-0077,ST-013,2,1240.0,0.0,2480.0,1428.96,0.0,Completed
ORD-13130,ORD-13130-2,20230612,CUST-0066,PROD-0011,ST-013,1,36390.0,0.05,34570.5,19504.14,0.0,Completed
ORD-13130,ORD-13130-3,20230612,CUST-0066,PROD-0013,ST-013,1,15750.0,0.15,13387.5,8688.15,0.0,Completed
ORD-13131,ORD-13131-1,20241231,CUST-0097,PROD-0063,ST-008,2,9290.0,0.0,18580.0,10668.44,0.0,Completed
ORD-13131,ORD-13131-2,20241231,CUST-0097,PROD-0042,ST-008,1,14500.0,0.0,14500.0,10298.12,0.0,Completed
ORD-13131,ORD-13131-3,20241231,CUST-0097,PROD-0032,ST-008,1,1730.0,0.15,1470.5,906.53,0.0,Completed
ORD-13132,ORD-13132-1,20240607,CUST-0090,PROD-0029,ST-005,1,1390.0,0.1,1251.0,896.49,0.0,Completed
ORD-13133,ORD-13133-1,20241118,CUST-0163,PROD-0033,ST-000,1,6880.0,0.0,6880.0,4450.47,34.12,Completed
ORD-13134,ORD-13134-1,20240529,CUST-0166,PROD-0015,ST-000,2,42990.0,0.0,85980.0,46149.7,117.03,Completed
ORD-13135,ORD-13135-1,20231204,CUST-0020,PROD-0030,ST-008,1,3060.0,0.15,2601.0,1764.66,0.0,Completed
ORD-13135,ORD-13135-2,20231204,CUST-0020,PROD-0020,ST-008,1,1850.0,0.05,1757.5,1131.44,0.0,Completed
ORD-13136,ORD-13136-1,20231126,CUST-0078,PROD-0024,ST-014,1,1330.0,0.0,1330.0,862.05,0.0,Cancelled
ORD-13136,ORD-13136-2,20231126,CUST-0078,PROD-0034,ST-014,2,17620.0,0.0,35240.0,20079.16,0.0,Cancelled
ORD-13136,ORD-13136-3,20231126,CUST-0078,PROD-0052,ST-014,1,640.0,0.0,640.0,409.83,0.0,Cancelled
ORD-13137,ORD-13137-1,20231110,CUST-0013,PROD-0075,ST-008,3,2610.0,0.15,6655.5,4963.17,0.0,Completed
ORD-13137,ORD-13137-2,20231110,CUST-0013,PROD-0071,ST-008,2,430.0,0.2,688.0,515.22,0.0,Completed
ORD-13138,ORD-13138-1,20240306,CUST-0039,PROD-0017,ST-005,1,3090.0,0.0,3090.0,2135.25,0.0,Completed
ORD-13138,ORD-13138-2,20240306,CUST-0039,PROD-0080,ST-005,1,1260.0,0.0,1260.0,768.92,0.0,Completed
ORD-13139,ORD-13139-1,20240106,CUST-0188,PROD-0044,ST-010,2,7910.0,0.0,15820.0,8596.18,0.0,Completed
ORD-13139,ORD-13139-2,20240106,CUST-0188,PROD-0018,ST-010,3,660.0,0.0,1980.0,1221.39,0.0,Completed
ORD-13140,ORD-13140-1,20231230,CUST-0047,PROD-0038,ST-012,2,12270.0,0.05,23313.0,15877.54,0.0,Completed
ORD-13141,ORD-13141-1,20240921,CUST-0166,PROD-0035,ST-009,2,11120.0,0.05,21128.0,11148.18,0.0,Completed
ORD-13141,ORD-13141-2,20240921,CUST-0166,PROD-0029,ST-009,2,1390.0,0.0,2780.0,1792.98,0.0,Completed
ORD-13142,ORD-13142-1,20240908,CUST-0021,PROD-0080,ST-003,1,1260.0,0.15,1071.0,768.92,0.0,Completed
ORD-13142,ORD-13142-2,20240908,CUST-0021,PROD-0047,ST-003,1,12400.0,0.0,12400.0,8153.66,0.0,Completed
ORD-13143,ORD-13143-1,20240917,CUST-0144,PROD-0008,ST-009,2,15680.0,0.1,28224.0,21033.78,0.0,Completed
ORD-13144,ORD-13144-1,20230322,CUST-0110,PROD-0055,ST-000,1,11840.0,0.05,11248.0,6635.81,60.34,Returned
ORD-13145,ORD-13145-1,20230521,CUST-0011,PROD-0058,ST-008,1,3720.0,0.0,3720.0,1938.33,0.0,Completed
ORD-13146,ORD-13146-1,20230419,CUST-0109,PROD-0062,ST-004,1,10930.0,0.0,10930.0,7130.03,0.0,Completed
ORD-13147,ORD-13147-1,20240322,CUST-0008,PROD-0044,ST-000,2,7910.0,0.0,15820.0,8596.18,56.19,Completed
ORD-13148,ORD-13148-1,20241109,CUST-0190,PROD-0041,ST-001,1,11810.0,0.1,10629.0,7291.41,0.0,Completed
ORD-13148,ORD-13148-2,20241109,CUST-0190,PROD-0034,ST-001,1,17620.0,0.0,17620.0,10039.58,0.0,Completed
ORD-13149,ORD-13149-1,20241018,CUST-0197,PROD-0058,ST-010,1,3720.0,0.1,3348.0,1938.33,0.0,Completed
ORD-13150,ORD-13150-1,20230529,CUST-0129,PROD-0068,ST-005,1,1450.0,0.1,1305.0,785.71,0.0,Returned
ORD-13151,ORD-13151-1,20240603,CUST-0193,PROD-0044,ST-006,1,7910.0,0.1,7119.0,4298.09,0.0,Cancelled
ORD-13151,ORD-13151-2,20240603,CUST-0193,PROD-0070,ST-006,1,1750.0,0.0,1750.0,1243.69,0.0,Cancelled
ORD-13152,ORD-13152-1,20241107,CUST-0019,PROD-0050,ST-005,1,4290.0,0.05,4075.5,3053.81,0.0,Completed
ORD-13152,ORD-13152-2,20241107,CUST-0019,PROD-0049,ST-005,2,3260.0,0.15,5542.0,3683.54,0.0,Completed
ORD-13153,ORD-13153-1,20230715,CUST-0038,PROD-0058,ST-013,1,3720.0,0.1,3348.0,1938.33,0.0,Returned
ORD-13153,ORD-13153-2,20230715,CUST-0038,PROD-0023,ST-013,2,2850.0,0.0,5700.0,3007.68,0.0,Returned
ORD-13154,ORD-13154-1,20240503,CUST-0139,PROD-0047,ST-008,1,12400.0,0.0,12400.0,8153.66,0.0,Completed
ORD-13155,ORD-13155-1,20230416,CUST-0007,PROD-0048,ST-010,1,10690.0,0.15,9086.5,5634.8,0.0,Completed
ORD-13156,ORD-13156-1,20231023,CUST-0069,PROD-0016,ST-007,4,22690.0,0.0,90760.0,56032.72,0.0,Completed
ORD-13156,ORD-13156-2,20231023,CUST-0069,PROD-0004,ST-007,1,26120.0,0.0,26120.0,17922.86,0.0,Completed
ORD-13157,ORD-13157-1,20240327,CUST-0181,PROD-0067,ST-006,2,1970.0,0.15,3349.0,2205.04,0.0,Completed
ORD-13158,ORD-13158-1,20240306,CUST-0091,PROD-0036,ST-006,1,14060.0,0.0,14060.0,8231.89,0.0,Completed
ORD-13159,ORD-13159-1,20240827,CUST-0110,PROD-0038,ST-012,1,12270.0,0.05,11656.5,7938.77,0.0,Completed
ORD-13160,ORD-13160-1,20230313,CUST-0195,PROD-0035,ST-002,2,11120.0,0.0,22240.0,11148.18,0.0,Returned
ORD-13161,ORD-13161-1,20240817,CUST-0013,PROD-0035,ST-000,2,11120.0,0.0,22240.0,11148.18,117.67,Completed
ORD-13162,ORD-13162-1,20241214,CUST-0104,PROD-0061,ST-002,1,9200.0,0.0,9200.0,5967.9,0.0,Cancelled
ORD-13163,ORD-13163-1,20240225,CUST-0184,PROD-0043,ST-004,1,650.0,0.0,650.0,417.59,0.0,Completed
ORD-13164,ORD-13164-1,20240623,CUST-0166,PROD-0035,ST-013,2,11120.0,0.0,22240.0,11148.18,0.0,Cancelled
ORD-13165,ORD-13165-1,20240201,CUST-0148,PROD-0027,ST-001,1,1520.0,0.0,1520.0,1037.85,0.0,Cancelled
ORD-13166,ORD-13166-1,20240504,CUST-0127,PROD-0010,ST-000,1,16340.0,0.0,16340.0,11300.17,135.72,Completed
ORD-13166,ORD-13166-2,20240504,CUST-0127,PROD-0047,ST-000,1,12400.0,0.1,11160.0,8153.66,28.87,Completed
ORD-13166,ORD-13166-3,20240504,CUST-0127,PROD-0067,ST-000,2,1970.0,0.05,3743.0,2205.04,64.93,Completed
ORD-13167,ORD-13167-1,20230602,CUST-0176,PROD-0006,ST-015,1,30230.0,0.05,28718.5,20923.79,0.0,Completed
ORD-13168,ORD-13168-1,20230512,CUST-0042,PROD-0059,ST-003,1,9340.0,0.0,9340.0,5793.35,0.0,Completed
ORD-13169,ORD-13169-1,20240206,CUST-0146,PROD-0080,ST-006,1,1260.0,0.0,1260.0,768.92,0.0,Completed
ORD-13170,ORD-13170-1,20230106,CUST-0128,PROD-0044,ST-005,1,7910.0,0.0,7910.0,4298.09,0.0,Completed
ORD-13171,ORD-13171-1,20241101,CUST-0031,PROD-0079,ST-007,1,1620.0,0.15,1377.0,1137.67,0.0,Completed
ORD-13172,ORD-13172-1,20240625,CUST-0140,PROD-0042,ST-010,2,14500.0,0.0,29000.0,20596.24,0.0,Completed
ORD-13173,ORD-13173-1,20230614,CUST-0134,PROD-0067,ST-009,1,1970.0,0.0,1970.0,1102.52,0.0,Cancelled
ORD-13173,ORD-13173-2,20230614,CUST-0134,PROD-0024,ST-009,1,1330.0,0.0,1330.0,862.05,0.0,Cancelled
ORD-13174,ORD-13174-1,20230629,CUST-0128,PROD-0023,ST-008,1,2850.0,0.0,2850.0,1503.84,0.0,Cancelled
ORD-13175,ORD-13175-1,20240419,CUST-0040,PROD-0066,ST-005,1,1630.0,0.05,1548.5,839.25,0.0,Completed
ORD-13176,ORD-13176-1,20231119,CUST-0007,PROD-0005,ST-013,1,33510.0,0.05,31834.5,20544.28,0.0,Completed
ORD-13177,ORD-13177-1,20241221,CUST-0095,PROD-0011,ST-003,1,36390.0,0.05,34570.5,19504.14,0.0,Completed
ORD-13177,ORD-13177-2,20241221,CUST-0095,PROD-0065,ST-003,1,1070.0,0.0,1070.0,588.35,0.0,Completed
ORD-13178,ORD-13178-1,20230410,CUST-0020,PROD-0006,ST-000,2,30230.0,0.0,60460.0,41847.58,101.45,Completed
ORD-13178,ORD-13178-2,20230410,CUST-0020,PROD-0032,ST-000,4,1730.0,0.1,6228.0,3626.12,26.28,Completed
ORD-13179,ORD-13179-1,20241228,CUST-0167,PROD-0040,ST-004,2,9840.0,0.0,19680.0,9951.02,0.0,Cancelled
ORD-13179,ORD-13179-2,20241228,CUST-0167,PROD-0021,ST-004,1,2610.0,0.0,2610.0,1698.88,0.0,Cancelled
ORD-13180,ORD-13180-1,20230126,CUST-0096,PROD-0018,ST-015,3,660.0,0.0,1980.0,1221.39,0.0,Completed
ORD-13181,ORD-13181-1,20231223,CUST-0059,PROD-0004,ST-011,1,26120.0,0.0,26120.0,17922.86,0.0,Completed
ORD-13182,ORD-13182-1,20231030,CUST-0116,PROD-0043,ST-009,1,650.0,0.2,520.0,417.59,0.0,Completed
ORD-13183,ORD-13183-1,20240203,CUST-0165,PROD-0032,ST-006,1,1730.0,0.0,1730.0,906.53,0.0,Completed
ORD-13184,ORD-13184-1,20241011,CUST-0056,PROD-0006,ST-000,1,30230.0,0.0,30230.0,20923.79,75.52,Completed
ORD-13185,ORD-13185-1,20230309,CUST-0168,PROD-0069,ST-001,1,1180.0,0.0,1180.0,848.43,0.0,Completed
ORD-13186,ORD-13186-1,20240607,CUST-0075,PROD-0016,ST-008,1,22690.0,0.0,22690.0,14008.18,0.0,Completed
ORD-13187,ORD-13187-1,20241121,CUST-0061,PROD-0076,ST-009,3,250.0,0.0,750.0,425.01,0.0,Returned
ORD-13188,ORD-13188-1,20240710,CUST-0114,PROD-0025,ST-005,1,1120.0,0.0,1120.0,617.8,0.0,Completed
ORD-13189,ORD-13189-1,20230810,CUST-0004,PROD-0023,ST-014,1,2850.0,0.2,2280.0,1503.84,0.0,Completed
ORD-13189,ORD-13189-2,20230810,CUST-0004,PROD-0011,ST-014,2,36390.0,0.0,72780.0,39008.28,0.0,Completed
ORD-13190,ORD-13190-1,20231014,CUST-0065,PROD-0075,ST-006,1,2610.0,0.0,2610.0,1654.39,0.0,Completed
ORD-13191,ORD-13191-1,20240530,CUST-0068,PROD-0068,ST-004,1,1450.0,0.2,1160.0,785.71,0.0,Completed
ORD-13191,ORD-13191-2,20240530,CUST-0068,PROD-0033,ST-004,1,6880.0,0.0,6880.0,4450.47,0.0,Completed
ORD-13192,ORD-13192-1,20230825,CUST-0104,PROD-0053,ST-010,1,12030.0,0.05,11428.5,7726.31,0.0,Returned
ORD-13193,ORD-13193-1,20240628,CUST-0052,PROD-0065,ST-006,1,1070.0,0.15,909.5,588.35,0.0,Completed
ORD-13194,ORD-13194-1,20241005,CUST-0109,PROD-0032,ST-010,1,1730.0,0.0,1730.0,906.53,0.0,Completed
ORD-13195,ORD-13195-1,20240612,CUST-0090,PROD-0063,ST-002,2,9290.0,0.1,16722.0,10668.44,0.0,Completed
ORD-13195,ORD-13195-2,20240612,CUST-0090,PROD-0036,ST-002,3,14060.0,0.1,37962.0,24695.67,0.0,Completed
ORD-13196,ORD-13196-1,20230821,CUST-0134,PROD-0041,ST-001,1,11810.0,0.0,11810.0,7291.41,0.0,Cancelled
ORD-13197,ORD-13197-1,20241021,CUST-0102,PROD-0041,ST-009,1,11810.0,0.0,11810.0,7291.41,0.0,Completed
ORD-13198,ORD-13198-1,20230618,CUST-0171,PROD-0042,ST-007,1,14500.0,0.0,14500.0,10298.12,0.0,Completed
ORD-13199,ORD-13199-1,20240429,CUST-0032,PROD-0062,ST-001,1,10930.0,0.0,10930.0,7130.03,0.0,Returned
ORD-13199,ORD-13199-2,20240429,CUST-0032,PROD-0037,ST-001,2,11140.0,0.15,18938.0,13318.36,0.0,Returned
ORD-13200,ORD-13200-1,20241128,CUST-0103,PROD-0004,ST-006,2,26120.0,0.0,52240.0,35845.72,0.0,Returned
